{"type":"FeatureCollection","features":[{"type":"Feature","properties":{"c":"12","n":"Aveyron","p":279609,"a":[2.5097,44.3154],"pt":{"30_27":[56,11,72,60],"10_27":[2,0,26,10],"30_40":[72,23,71,59],"10_40":[3,0,29,10]},"s3":{"30_27":24,"10_27":0,"30_40":40,"10_40":0},"s2":{"30_27":73,"10_27":9,"30_40":78,"10_40":11},"p3":{"30_27":19,"10_27":0,"30_40":35,"10_40":0}},"geometry":{"coordinates":[[[2.5,44.69],[2.561,44.721],[2.56,44.732],[2.544,44.726],[2.556,44.734],[2.55,44.755],[2.561,44.759],[2.562,44.777],[2.6,44.794],[2.597,44.82],[2.611,44.831],[2.603,44.843],[2.619,44.852],[2.629,44.872],[2.654,44.87],[2.658,44.887],[2.68,44.907],[2.69,44.902],[2.708,44.908],[2.714,44.927],[2.724,44.925],[2.729,44.937],[2.738,44.941],[2.742,44.929],[2.755,44.933],[2.773,44.917],[2.774,44.855],[2.803,44.874],[2.815,44.869],[2.86,44.874],[2.855,44.851],[2.866,44.847],[2.86,44.839],[2.888,44.789],[2.904,44.784],[2.92,44.794],[2.938,44.775],[2.931,44.762],[2.916,44.767],[2.912,44.762],[2.934,44.75],[2.923,44.729],[2.944,44.685],[2.938,44.678],[3.012,44.622],[3.032,44.598],[3.076,44.573],[3.084,44.56],[3.068,44.502],[3.137,44.456],[3.142,44.426],[3.127,44.414],[3.137,44.411],[3.14,44.392],[3.118,44.384],[3.119,44.364],[3.132,44.357],[3.134,44.33],[3.154,44.331],[3.145,44.318],[3.154,44.308],[3.122,44.285],[3.12,44.262],[3.138,44.264],[3.148,44.276],[3.162,44.245],[3.188,44.249],[3.192,44.241],[3.231,44.23],[3.204,44.19],[3.237,44.19],[3.301,44.207],[3.317,44.201],[3.363,44.202],[3.357,44.193],[3.375,44.179],[3.372,44.169],[3.335,44.159],[3.332,44.142],[3.32,44.136],[3.324,44.109],[3.292,44.106],[3.262,44.093],[3.297,44.072],[3.294,44.068],[3.329,44.079],[3.338,44.058],[3.353,44.05],[3.367,44.058],[3.371,44.049],[3.39,44.057],[3.4,44.044],[3.417,44.042],[3.452,44.022],[3.446,44.004],[3.418,43.993],[3.406,43.97],[3.377,43.968],[3.376,43.956],[3.357,43.949],[3.35,43.933],[3.359,43.914],[3.344,43.906],[3.343,43.894],[3.265,43.895],[3.235,43.862],[3.252,43.844],[3.249,43.83],[3.221,43.817],[3.15,43.814],[3.086,43.836],[3.062,43.834],[3.064,43.809],[3.049,43.801],[3.059,43.779],[3.076,43.768],[3.052,43.746],[3.059,43.738],[3.053,43.716],[3.069,43.707],[3.061,43.693],[3.027,43.693],[3.013,43.703],[2.985,43.709],[2.938,43.691],[2.925,43.706],[2.921,43.736],[2.903,43.742],[2.87,43.739],[2.862,43.748],[2.832,43.752],[2.823,43.762],[2.788,43.753],[2.781,43.737],[2.742,43.729],[2.711,43.743],[2.682,43.744],[2.63,43.78],[2.609,43.809],[2.562,43.845],[2.564,43.866],[2.58,43.878],[2.55,43.892],[2.554,43.925],[2.537,43.925],[2.538,43.934],[2.508,43.942],[2.507,43.949],[2.499,43.945],[2.502,43.954],[2.519,43.959],[2.524,43.981],[2.502,43.985],[2.491,44.019],[2.462,44.034],[2.46,44.051],[2.41,44.056],[2.412,44.07],[2.389,44.095],[2.359,44.101],[2.332,44.123],[2.308,44.118],[2.289,44.122],[2.298,44.138],[2.285,44.145],[2.261,44.146],[2.237,44.134],[2.182,44.139],[2.192,44.149],[2.2,44.144],[2.232,44.155],[2.236,44.164],[2.206,44.171],[2.192,44.162],[2.181,44.179],[2.154,44.181],[2.162,44.188],[2.148,44.201],[2.105,44.194],[2.108,44.182],[2.096,44.174],[2.096,44.189],[2.08,44.18],[2.069,44.19],[2.053,44.189],[2.06,44.173],[2.029,44.169],[2.03,44.157],[1.99,44.149],[2.001,44.159],[1.977,44.162],[1.978,44.18],[1.945,44.182],[1.941,44.17],[1.931,44.178],[1.933,44.188],[1.911,44.185],[1.903,44.193],[1.907,44.201],[1.89,44.208],[1.891,44.213],[1.904,44.21],[1.918,44.22],[1.933,44.246],[1.962,44.242],[1.971,44.276],[1.94,44.283],[1.901,44.279],[1.869,44.292],[1.882,44.304],[1.861,44.324],[1.886,44.335],[1.892,44.353],[1.909,44.35],[1.912,44.357],[1.867,44.398],[1.876,44.407],[1.873,44.424],[1.85,44.436],[1.853,44.463],[1.841,44.482],[1.859,44.487],[1.884,44.485],[1.889,44.506],[1.903,44.503],[1.908,44.488],[1.917,44.486],[1.913,44.505],[1.96,44.52],[1.987,44.55],[2.033,44.56],[2.036,44.572],[2.059,44.583],[2.068,44.575],[2.061,44.565],[2.082,44.587],[2.104,44.571],[2.125,44.579],[2.133,44.57],[2.154,44.572],[2.178,44.594],[2.194,44.585],[2.202,44.596],[2.194,44.6],[2.208,44.602],[2.208,44.616],[2.221,44.622],[2.208,44.644],[2.229,44.656],[2.251,44.652],[2.285,44.667],[2.305,44.662],[2.327,44.67],[2.337,44.662],[2.333,44.649],[2.349,44.641],[2.367,44.641],[2.38,44.651],[2.389,44.644],[2.407,44.647],[2.434,44.639],[2.448,44.649],[2.468,44.643],[2.471,44.652],[2.479,44.648],[2.491,44.657],[2.488,44.669],[2.5,44.69]]],"type":"Polygon"}},{"type":"Feature","properties":{"c":"25","n":"Doubs","p":547163,"a":[6.2407,47.0716],"pt":{"30_27":[0,0,0,73],"10_27":[0,0,0,1],"30_40":[1,0,0,73],"10_40":[0,0,0,1]},"s3":{"30_27":0,"10_27":0,"30_40":0,"10_40":0},"s2":{"30_27":0,"10_27":0,"30_40":0,"10_40":0},"p3":{"30_27":0,"10_27":0,"30_40":0,"10_40":0}},"geometry":{"coordinates":[[[6.817,47.548],[6.861,47.548],[6.883,47.556],[6.906,47.548],[6.916,47.531],[6.907,47.526],[6.95,47.509],[6.949,47.486],[6.935,47.486],[6.93,47.5],[6.923,47.5],[6.907,47.495],[6.916,47.478],[6.907,47.473],[6.933,47.456],[6.941,47.412],[6.938,47.406],[6.913,47.405],[6.914,47.388],[6.884,47.373],[6.879,47.353],[6.903,47.36],[6.924,47.355],[6.975,47.36],[7.016,47.373],[7.05,47.361],[7.05,47.348],[7.062,47.344],[7.057,47.334],[7.046,47.326],[7.01,47.325],[7.016,47.313],[6.997,47.296],[6.941,47.287],[6.956,47.243],[6.881,47.201],[6.874,47.185],[6.841,47.171],[6.858,47.165],[6.85,47.156],[6.806,47.131],[6.741,47.11],[6.742,47.091],[6.703,47.082],[6.706,47.074],[6.692,47.067],[6.719,47.051],[6.659,47.027],[6.64,47.003],[6.618,46.992],[6.593,46.992],[6.505,46.966],[6.496,46.974],[6.433,46.929],[6.465,46.89],[6.46,46.851],[6.431,46.812],[6.435,46.801],[6.458,46.789],[6.452,46.774],[6.43,46.757],[6.395,46.748],[6.385,46.731],[6.368,46.729],[6.372,46.724],[6.282,46.691],[6.179,46.616],[6.127,46.59],[6.11,46.576],[6.138,46.558],[6.131,46.554],[6.048,46.608],[6.065,46.613],[6.059,46.626],[6.106,46.651],[6.07,46.69],[6.18,46.742],[6.184,46.755],[6.207,46.765],[6.203,46.773],[6.176,46.802],[6.162,46.803],[6.152,46.821],[6.106,46.846],[6.087,46.843],[6.087,46.85],[6.065,46.86],[6.047,46.846],[6.023,46.853],[6.031,46.874],[6.022,46.875],[6.019,46.868],[6.006,46.873],[6.009,46.896],[5.981,46.908],[5.997,46.934],[5.956,46.949],[5.98,46.964],[5.976,46.976],[5.944,46.98],[5.95,46.99],[5.918,46.979],[5.922,47.014],[5.911,46.999],[5.897,46.996],[5.876,47.006],[5.856,47.009],[5.847,47.003],[5.84,47.015],[5.814,47.017],[5.811,47.047],[5.798,47.043],[5.791,47.022],[5.763,47.011],[5.743,47.023],[5.741,47.031],[5.753,47.04],[5.737,47.055],[5.746,47.057],[5.764,47.045],[5.785,47.055],[5.771,47.094],[5.788,47.096],[5.828,47.141],[5.813,47.15],[5.81,47.17],[5.785,47.171],[5.78,47.193],[5.761,47.193],[5.754,47.206],[5.738,47.201],[5.699,47.265],[5.713,47.271],[5.74,47.263],[5.784,47.291],[5.844,47.3],[5.861,47.316],[5.874,47.314],[5.883,47.322],[5.898,47.311],[5.904,47.335],[5.931,47.328],[5.928,47.345],[5.96,47.341],[5.979,47.326],[5.993,47.329],[5.998,47.34],[6.019,47.331],[6.052,47.353],[6.074,47.351],[6.086,47.373],[6.113,47.361],[6.12,47.368],[6.103,47.38],[6.118,47.396],[6.135,47.387],[6.168,47.388],[6.16,47.392],[6.17,47.39],[6.178,47.402],[6.191,47.402],[6.174,47.407],[6.17,47.412],[6.195,47.414],[6.201,47.43],[6.243,47.412],[6.234,47.43],[6.256,47.424],[6.265,47.447],[6.288,47.447],[6.282,47.452],[6.302,47.469],[6.303,47.492],[6.321,47.486],[6.335,47.506],[6.368,47.514],[6.39,47.506],[6.394,47.517],[6.411,47.523],[6.463,47.512],[6.472,47.487],[6.499,47.511],[6.516,47.497],[6.534,47.506],[6.556,47.491],[6.558,47.497],[6.574,47.496],[6.584,47.51],[6.581,47.529],[6.567,47.532],[6.581,47.544],[6.611,47.53],[6.648,47.536],[6.67,47.558],[6.652,47.572],[6.66,47.58],[6.658,47.572],[6.689,47.571],[6.689,47.561],[6.715,47.553],[6.728,47.561],[6.74,47.557],[6.773,47.535],[6.797,47.549],[6.801,47.562],[6.817,47.548]]],"type":"Polygon"}},{"type":"Feature","properties":{"c":"41","n":"Loir-et-Cher","p":328543,"a":[1.2945,47.6618],"pt":{"30_27":[0,90,99,0],"10_27":[0,0,26,0],"30_40":[0,89,99,0],"10_40":[0,0,0,0]},"s3":{"30_27":0,"10_27":0,"30_40":0,"10_40":0},"s2":{"30_27":90,"10_27":0,"30_40":89,"10_40":0},"p3":{"30_27":0,"10_27":0,"30_40":0,"10_40":0}},"geometry":{"coordinates":[[[1.422,47.229],[1.4,47.212],[1.351,47.194],[1.339,47.196],[1.327,47.186],[1.295,47.237],[1.277,47.257],[1.266,47.256],[1.243,47.274],[1.241,47.288],[1.224,47.294],[1.194,47.283],[1.174,47.289],[1.162,47.272],[1.127,47.298],[1.122,47.293],[1.108,47.299],[1.095,47.329],[1.106,47.331],[1.123,47.354],[1.104,47.37],[1.123,47.392],[1.085,47.43],[1.114,47.428],[1.133,47.449],[1.113,47.466],[1.085,47.464],[1.095,47.469],[1.066,47.505],[1.07,47.523],[1.045,47.532],[1.078,47.562],[1.077,47.572],[1.063,47.566],[1.033,47.608],[1.012,47.604],[0.997,47.584],[0.984,47.605],[0.992,47.62],[0.971,47.622],[0.965,47.63],[0.954,47.625],[0.919,47.633],[0.905,47.614],[0.892,47.612],[0.899,47.604],[0.861,47.599],[0.85,47.625],[0.863,47.632],[0.844,47.645],[0.867,47.691],[0.828,47.677],[0.788,47.68],[0.739,47.696],[0.703,47.683],[0.675,47.699],[0.648,47.684],[0.654,47.699],[0.643,47.7],[0.64,47.71],[0.604,47.685],[0.596,47.688],[0.581,47.713],[0.609,47.725],[0.621,47.748],[0.677,47.77],[0.702,47.767],[0.691,47.783],[0.72,47.793],[0.746,47.828],[0.768,47.831],[0.774,47.851],[0.759,47.859],[0.76,47.9],[0.79,47.912],[0.812,47.889],[0.814,47.932],[0.849,47.941],[0.819,47.986],[0.832,47.997],[0.842,48.03],[0.808,48.032],[0.793,48.049],[0.794,48.07],[0.842,48.072],[0.848,48.095],[0.829,48.09],[0.814,48.099],[0.877,48.11],[0.88,48.104],[0.91,48.103],[0.944,48.113],[0.949,48.098],[1.002,48.13],[1.041,48.132],[1.046,48.118],[1.004,48.106],[0.991,48.097],[0.995,48.088],[1.009,48.083],[1.063,48.087],[1.069,48.076],[1.112,48.081],[1.106,48.06],[1.123,48.036],[1.166,48.028],[1.159,48.018],[1.187,48.003],[1.191,47.984],[1.203,47.977],[1.196,47.968],[1.247,47.98],[1.265,47.962],[1.3,47.968],[1.309,47.954],[1.344,47.957],[1.346,47.965],[1.37,47.954],[1.387,47.981],[1.409,47.97],[1.437,47.977],[1.432,48.009],[1.439,48.012],[1.499,47.985],[1.528,47.981],[1.54,47.99],[1.565,47.99],[1.567,47.974],[1.548,47.965],[1.555,47.953],[1.527,47.945],[1.522,47.932],[1.582,47.902],[1.575,47.899],[1.591,47.879],[1.548,47.841],[1.535,47.841],[1.526,47.82],[1.571,47.797],[1.561,47.791],[1.571,47.787],[1.548,47.77],[1.601,47.741],[1.583,47.727],[1.614,47.736],[1.627,47.761],[1.675,47.739],[1.714,47.733],[1.728,47.7],[1.719,47.696],[1.74,47.662],[1.782,47.652],[1.778,47.644],[1.789,47.637],[1.803,47.639],[1.81,47.653],[1.845,47.657],[1.843,47.686],[1.859,47.692],[1.866,47.675],[1.89,47.679],[1.903,47.672],[1.937,47.68],[1.94,47.659],[1.964,47.658],[1.996,47.664],[2.009,47.679],[2.066,47.674],[2.075,47.682],[2.108,47.676],[2.111,47.67],[2.127,47.678],[2.149,47.67],[2.203,47.679],[2.205,47.661],[2.22,47.668],[2.241,47.641],[2.238,47.62],[2.153,47.601],[2.12,47.583],[2.129,47.551],[2.197,47.548],[2.215,47.522],[2.196,47.488],[2.228,47.497],[2.248,47.492],[2.237,47.471],[2.245,47.458],[2.235,47.452],[2.248,47.441],[2.244,47.415],[2.231,47.408],[2.205,47.405],[2.189,47.438],[2.137,47.406],[2.115,47.422],[2.097,47.367],[2.114,47.37],[2.127,47.344],[2.119,47.333],[2.129,47.334],[2.132,47.321],[2.149,47.319],[2.158,47.298],[2.138,47.292],[2.136,47.282],[2.078,47.286],[2.025,47.265],[1.998,47.264],[1.943,47.291],[1.923,47.275],[1.924,47.265],[1.894,47.253],[1.916,47.236],[1.903,47.215],[1.872,47.205],[1.852,47.222],[1.827,47.222],[1.796,47.238],[1.776,47.232],[1.716,47.277],[1.704,47.265],[1.668,47.257],[1.645,47.264],[1.652,47.273],[1.612,47.277],[1.592,47.277],[1.593,47.258],[1.561,47.262],[1.524,47.255],[1.531,47.218],[1.482,47.239],[1.422,47.229]]],"type":"Polygon"}},{"type":"Feature","properties":{"c":"22","n":"Côtes-d'Armor","p":611859,"a":[-2.7984,48.4586],"pt":{"30_27":[0,74,0,0],"10_27":[0,13,0,0],"30_40":[0,63,0,0],"10_40":[0,5,0,0]},"s3":{"30_27":0,"10_27":0,"30_40":0,"10_40":0},"s2":{"30_27":0,"10_27":0,"30_40":0,"10_40":0},"p3":{"30_27":0,"10_27":0,"30_40":0,"10_40":0}},"geometry":{"coordinates":[[[[-3.602,48.772],[-3.595,48.77],[-3.591,48.766],[-3.6,48.767],[-3.602,48.772]]],[[[-3.588,48.772],[-3.588,48.77],[-3.587,48.772],[-3.588,48.772]]],[[[-3.609,48.78],[-3.607,48.781],[-3.607,48.781],[-3.609,48.78]]],[[[-3.556,48.792],[-3.556,48.792],[-3.555,48.792],[-3.556,48.792]]],[[[-3.599,48.791],[-3.595,48.79],[-3.596,48.789],[-3.599,48.791]]],[[[-3.57,48.794],[-3.568,48.793],[-3.568,48.792],[-3.568,48.792],[-3.57,48.794]]],[[[-3.595,48.793],[-3.595,48.791],[-3.595,48.793],[-3.595,48.793]]],[[[-3.594,48.794],[-3.595,48.794],[-3.595,48.794],[-3.594,48.794]]],[[[-3.578,48.796],[-3.579,48.796],[-3.579,48.796],[-3.578,48.796]]],[[[-3.578,48.796],[-3.576,48.797],[-3.576,48.795],[-3.578,48.796]]],[[[-3.561,48.797],[-3.56,48.797],[-3.56,48.797],[-3.561,48.797]]],[[[-3.609,48.794],[-3.611,48.798],[-3.605,48.794],[-3.609,48.794]]],[[[-3.6,48.797],[-3.594,48.802],[-3.591,48.796],[-3.6,48.797]]],[[[-3.604,48.799],[-3.605,48.799],[-3.605,48.799],[-3.604,48.799]]],[[[-3.59,48.802],[-3.567,48.808],[-3.562,48.803],[-3.582,48.798],[-3.584,48.794],[-3.59,48.802]]],[[[-3.558,48.804],[-3.554,48.802],[-3.556,48.801],[-3.558,48.804]]],[[[-3.542,48.804],[-3.543,48.804],[-3.543,48.804],[-3.542,48.804]]],[[[-3.601,48.804],[-3.597,48.802],[-3.6,48.803],[-3.601,48.804]]],[[[-3.548,48.807],[-3.547,48.805],[-3.548,48.805],[-3.548,48.807]]],[[[-3.554,48.812],[-3.55,48.812],[-3.55,48.811],[-3.554,48.812]]],[[[-3.563,48.813],[-3.559,48.81],[-3.563,48.811],[-3.563,48.813]]],[[[-3.575,48.812],[-3.574,48.811],[-3.576,48.813],[-3.575,48.812]]],[[[-3.545,48.824],[-3.542,48.823],[-3.545,48.824],[-3.545,48.824]]],[[[-3.533,48.826],[-3.531,48.826],[-3.532,48.825],[-3.533,48.826]]],[[[-3.533,48.832],[-3.531,48.831],[-3.532,48.831],[-3.533,48.832]]],[[[-3.529,48.833],[-3.527,48.834],[-3.528,48.832],[-3.529,48.833]]],[[[-3.494,48.836],[-3.492,48.837],[-3.492,48.835],[-3.494,48.836]]],[[[-3.506,48.875],[-3.506,48.875],[-3.506,48.875],[-3.506,48.875]]],[[[-3.508,48.876],[-3.506,48.875],[-3.508,48.875],[-3.508,48.876]]],[[[-3.495,48.878],[-3.49,48.88],[-3.488,48.879],[-3.495,48.878]]],[[[-3.498,48.881],[-3.498,48.881],[-3.498,48.881],[-3.498,48.881]]],[[[-3.495,48.883],[-3.501,48.884],[-3.497,48.883],[-3.495,48.883]]],[[[-3.431,48.8],[-3.436,48.8],[-3.436,48.8],[-3.434,48.8],[-3.433,48.8],[-3.431,48.8]]],[[[-3.292,48.834],[-3.293,48.834],[-3.292,48.834],[-3.292,48.834]]],[[[-3.296,48.837],[-3.297,48.837],[-3.297,48.837],[-3.296,48.837]]],[[[-3.336,48.836],[-3.335,48.835],[-3.337,48.836],[-3.336,48.836]]],[[[-3.295,48.839],[-3.292,48.838],[-3.292,48.837],[-3.295,48.839]]],[[[-3.274,48.839],[-3.271,48.839],[-3.273,48.838],[-3.274,48.839]]],[[[-3.286,48.84],[-3.286,48.84],[-3.286,48.84],[-3.286,48.84]]],[[[-3.297,48.841],[-3.296,48.839],[-3.298,48.84],[-3.297,48.841]]],[[[-3.294,48.841],[-3.294,48.841],[-3.294,48.841],[-3.294,48.841]]],[[[-3.407,48.83],[-3.408,48.843],[-3.405,48.836],[-3.407,48.83]]],[[[-3.323,48.842],[-3.32,48.841],[-3.324,48.842],[-3.323,48.842]]],[[[-3.284,48.845],[-3.279,48.845],[-3.279,48.844],[-3.284,48.845]]],[[[-3.323,48.843],[-3.323,48.843],[-3.323,48.843],[-3.323,48.843]]],[[[-3.296,48.847],[-3.296,48.844],[-3.298,48.846],[-3.296,48.847]]],[[[-3.265,48.848],[-3.266,48.848],[-3.265,48.848],[-3.265,48.848]]],[[[-3.293,48.846],[-3.293,48.847],[-3.293,48.846],[-3.293,48.846]]],[[[-3.32,48.845],[-3.319,48.846],[-3.319,48.845],[-3.32,48.845]]],[[[-3.306,48.846],[-3.306,48.846],[-3.306,48.846],[-3.306,48.846]]],[[[-3.303,48.848],[-3.302,48.85],[-3.301,48.845],[-3.308,48.843],[-3.303,48.848]]],[[[-3.307,48.846],[-3.308,48.847],[-3.307,48.847],[-3.307,48.846]]],[[[-3.299,48.847],[-3.298,48.847],[-3.298,48.847],[-3.299,48.847]]],[[[-3.291,48.852],[-3.279,48.849],[-3.276,48.846],[-3.276,48.845],[-3.276,48.844],[-3.291,48.852]]],[[[-3.293,48.848],[-3.294,48.848],[-3.294,48.848],[-3.293,48.848]]],[[[-3.295,48.849],[-3.295,48.848],[-3.296,48.848],[-3.296,48.849],[-3.295,48.849]]],[[[-3.291,48.849],[-3.291,48.849],[-3.291,48.849],[-3.291,48.849]]],[[[-3.297,48.849],[-3.297,48.848],[-3.298,48.849],[-3.297,48.849]]],[[[-3.295,48.85],[-3.295,48.851],[-3.294,48.85],[-3.295,48.85]]],[[[-3.304,48.851],[-3.302,48.852],[-3.301,48.849],[-3.304,48.851]]],[[[-3.485,48.881],[-3.478,48.884],[-3.475,48.882],[-3.485,48.881]]],[[[-3.465,48.89],[-3.466,48.891],[-3.465,48.891],[-3.465,48.89]]],[[[-3.465,48.891],[-3.464,48.892],[-3.462,48.891],[-3.465,48.891]]],[[[-3.439,48.898],[-3.438,48.901],[-3.435,48.9],[-3.439,48.898]]],[[[-3.001,48.781],[-3.001,48.781],[-3.001,48.781],[-3.001,48.781]]],[[[-3.045,48.788],[-3.042,48.789],[-3.043,48.788],[-3.045,48.788]]],[[[-3.079,48.821],[-3.08,48.821],[-3.079,48.821],[-3.079,48.821]]],[[[-3.054,48.823],[-3.055,48.823],[-3.054,48.823],[-3.054,48.823]]],[[[-3.028,48.836],[-3.026,48.836],[-3.028,48.835],[-3.028,48.836]]],[[[-3.07,48.833],[-3.071,48.834],[-3.071,48.834],[-3.07,48.833]]],[[[-3.021,48.836],[-3.018,48.836],[-3.02,48.835],[-3.021,48.836]]],[[[-3.09,48.838],[-3.089,48.838],[-3.09,48.838],[-3.09,48.838]]],[[[-3.022,48.843],[-3.015,48.844],[-3.017,48.839],[-3.022,48.843]]],[[[-3.037,48.843],[-3.037,48.842],[-3.038,48.843],[-3.037,48.843]]],[[[-3.011,48.844],[-3.011,48.844],[-3.011,48.844],[-3.011,48.844]]],[[[-3.201,48.835],[-3.202,48.835],[-3.202,48.835],[-3.201,48.835]]],[[[-3.022,48.845],[-3.021,48.845],[-3.022,48.845],[-3.022,48.845]]],[[[-3.203,48.836],[-3.203,48.836],[-3.203,48.836],[-3.203,48.836]]],[[[-3.02,48.846],[-3.018,48.847],[-3.018,48.846],[-3.02,48.846]]],[[[-3.079,48.848],[-3.078,48.848],[-3.081,48.848],[-3.079,48.848]]],[[[-3.183,48.844],[-3.184,48.844],[-3.183,48.844],[-3.183,48.844]]],[[[-3.202,48.849],[-3.203,48.849],[-3.203,48.849],[-3.202,48.849]]],[[[-3.258,48.848],[-3.257,48.848],[-3.258,48.848],[-3.258,48.848]]],[[[-3.202,48.85],[-3.203,48.854],[-3.202,48.853],[-3.202,48.85]]],[[[-3.04,48.859],[-3.038,48.864],[-3.032,48.863],[-3.04,48.859]]],[[[-3.261,48.851],[-3.26,48.85],[-3.26,48.849],[-3.261,48.851]]],[[[-3.084,48.861],[-3.085,48.861],[-3.084,48.862],[-3.084,48.861]]],[[[-3.259,48.853],[-3.262,48.856],[-3.258,48.854],[-3.259,48.853]]],[[[-3.094,48.869],[-3.096,48.869],[-3.092,48.87],[-3.094,48.869]]],[[[-3.247,48.862],[-3.246,48.863],[-3.246,48.862],[-3.247,48.862]]],[[[-3.198,48.864],[-3.192,48.867],[-3.195,48.863],[-3.198,48.864]]],[[[-3.248,48.865],[-3.247,48.865],[-3.248,48.865],[-3.248,48.865]]],[[[-3.192,48.868],[-3.193,48.869],[-3.192,48.869],[-3.192,48.868]]],[[[-3.194,48.876],[-3.181,48.873],[-3.18,48.866],[-3.184,48.864],[-3.194,48.876]]],[[[-3.079,48.877],[-3.073,48.883],[-3.088,48.873],[-3.079,48.877]]],[[[-3.062,48.891],[-3.063,48.892],[-3.062,48.892],[-3.062,48.891]]],[[[-2.45,48.172],[-2.453,48.163],[-2.472,48.16],[-2.487,48.167],[-2.488,48.155],[-2.535,48.156],[-2.514,48.132],[-2.534,48.107],[-2.555,48.099],[-2.547,48.077],[-2.564,48.067],[-2.578,48.072],[-2.626,48.035],[-2.645,48.035],[-2.645,48.042],[-2.656,48.033],[-2.673,48.064],[-2.65,48.097],[-2.661,48.131],[-2.677,48.131],[-2.704,48.112],[-2.754,48.116],[-2.773,48.087],[-2.782,48.121],[-2.804,48.145],[-2.852,48.141],[-2.882,48.153],[-2.892,48.165],[-2.941,48.172],[-3.0,48.161],[-2.995,48.171],[-3.012,48.172],[-3.015,48.198],[-3.029,48.196],[-3.054,48.207],[-3.08,48.211],[-3.094,48.202],[-3.116,48.207],[-3.137,48.19],[-3.13,48.177],[-3.139,48.164],[-3.155,48.158],[-3.159,48.168],[-3.175,48.159],[-3.192,48.165],[-3.215,48.154],[-3.211,48.142],[-3.241,48.152],[-3.283,48.141],[-3.298,48.156],[-3.323,48.149],[-3.337,48.172],[-3.374,48.165],[-3.393,48.152],[-3.402,48.157],[-3.417,48.146],[-3.439,48.16],[-3.42,48.174],[-3.445,48.187],[-3.453,48.177],[-3.47,48.177],[-3.477,48.186],[-3.533,48.178],[-3.561,48.182],[-3.566,48.19],[-3.552,48.193],[-3.519,48.189],[-3.521,48.203],[-3.539,48.207],[-3.558,48.229],[-3.556,48.242],[-3.542,48.243],[-3.537,48.256],[-3.523,48.256],[-3.527,48.273],[-3.518,48.282],[-3.555,48.294],[-3.518,48.319],[-3.525,48.324],[-3.541,48.311],[-3.552,48.316],[-3.555,48.345],[-3.563,48.347],[-3.554,48.379],[-3.608,48.388],[-3.6,48.422],[-3.551,48.448],[-3.581,48.465],[-3.593,48.464],[-3.608,48.478],[-3.604,48.496],[-3.54,48.538],[-3.554,48.541],[-3.571,48.558],[-3.58,48.553],[-3.599,48.557],[-3.584,48.574],[-3.589,48.583],[-3.629,48.588],[-3.641,48.596],[-3.639,48.612],[-3.65,48.61],[-3.655,48.617],[-3.666,48.652],[-3.623,48.687],[-3.613,48.684],[-3.61,48.67],[-3.573,48.675],[-3.568,48.686],[-3.584,48.691],[-3.583,48.726],[-3.572,48.724],[-3.565,48.732],[-3.504,48.732],[-3.476,48.739],[-3.472,48.738],[-3.47,48.735],[-3.467,48.732],[-3.466,48.732],[-3.465,48.732],[-3.47,48.738],[-3.475,48.74],[-3.505,48.733],[-3.55,48.733],[-3.55,48.748],[-3.563,48.76],[-3.585,48.757],[-3.578,48.763],[-3.589,48.769],[-3.578,48.783],[-3.585,48.79],[-3.568,48.79],[-3.567,48.796],[-3.569,48.797],[-3.567,48.798],[-3.558,48.792],[-3.554,48.791],[-3.535,48.802],[-3.536,48.812],[-3.547,48.809],[-3.548,48.815],[-3.538,48.825],[-3.519,48.819],[-3.526,48.83],[-3.505,48.84],[-3.498,48.837],[-3.51,48.828],[-3.503,48.824],[-3.496,48.831],[-3.487,48.826],[-3.488,48.836],[-3.476,48.838],[-3.459,48.816],[-3.428,48.822],[-3.443,48.803],[-3.441,48.798],[-3.43,48.797],[-3.389,48.803],[-3.389,48.816],[-3.354,48.82],[-3.32,48.839],[-3.293,48.83],[-3.276,48.843],[-3.276,48.838],[-3.263,48.835],[-3.233,48.864],[-3.232,48.867],[-3.234,48.865],[-3.238,48.866],[-3.238,48.868],[-3.225,48.87],[-3.218,48.866],[-3.206,48.847],[-3.211,48.849],[-3.22,48.833],[-3.207,48.838],[-3.2,48.818],[-3.191,48.836],[-3.174,48.842],[-3.168,48.853],[-3.085,48.868],[-3.077,48.859],[-3.076,48.856],[-3.086,48.864],[-3.094,48.861],[-3.084,48.848],[-3.1,48.831],[-3.072,48.831],[-3.098,48.805],[-3.099,48.783],[-3.128,48.773],[-3.127,48.758],[-3.099,48.769],[-3.106,48.78],[-3.095,48.781],[-3.073,48.82],[-3.054,48.822],[-3.053,48.815],[-3.009,48.819],[-3.017,48.811],[-3.005,48.799],[-3.02,48.798],[-3.025,48.791],[-3.042,48.79],[-3.046,48.788],[-3.041,48.786],[-3.046,48.785],[-3.009,48.782],[-3.028,48.779],[-3.03,48.776],[-3.018,48.766],[-2.964,48.762],[-2.952,48.772],[-2.944,48.758],[-2.928,48.755],[-2.943,48.744],[-2.934,48.738],[-2.945,48.721],[-2.93,48.721],[-2.927,48.709],[-2.904,48.699],[-2.889,48.7],[-2.882,48.675],[-2.859,48.676],[-2.837,48.656],[-2.817,48.65],[-2.827,48.647],[-2.815,48.601],[-2.819,48.603],[-2.827,48.601],[-2.779,48.585],[-2.764,48.566],[-2.714,48.556],[-2.725,48.547],[-2.719,48.536],[-2.727,48.53],[-2.736,48.529],[-2.739,48.527],[-2.726,48.528],[-2.71,48.533],[-2.715,48.535],[-2.71,48.533],[-2.714,48.52],[-2.679,48.489],[-2.672,48.493],[-2.685,48.498],[-2.675,48.51],[-2.682,48.532],[-2.669,48.536],[-2.654,48.525],[-2.63,48.526],[-2.629,48.521],[-2.62,48.518],[-2.632,48.538],[-2.576,48.577],[-2.564,48.576],[-2.57,48.584],[-2.554,48.591],[-2.554,48.599],[-2.521,48.6],[-2.473,48.622],[-2.467,48.635],[-2.479,48.634],[-2.488,48.645],[-2.437,48.653],[-2.419,48.647],[-2.42,48.633],[-2.412,48.632],[-2.417,48.641],[-2.36,48.656],[-2.328,48.673],[-2.319,48.688],[-2.311,48.67],[-2.284,48.669],[-2.312,48.634],[-2.338,48.62],[-2.313,48.61],[-2.274,48.64],[-2.243,48.645],[-2.256,48.636],[-2.238,48.626],[-2.246,48.615],[-2.228,48.611],[-2.226,48.595],[-2.21,48.587],[-2.211,48.576],[-2.226,48.571],[-2.216,48.568],[-2.222,48.561],[-2.217,48.555],[-2.225,48.554],[-2.224,48.547],[-2.219,48.543],[-2.227,48.539],[-2.226,48.538],[-2.216,48.541],[-2.224,48.548],[-2.215,48.554],[-2.22,48.56],[-2.213,48.568],[-2.217,48.571],[-2.206,48.575],[-2.191,48.594],[-2.196,48.61],[-2.183,48.603],[-2.184,48.578],[-2.166,48.577],[-2.153,48.586],[-2.172,48.596],[-2.145,48.62],[-2.142,48.611],[-2.124,48.605],[-2.124,48.589],[-2.094,48.571],[-2.044,48.564],[-2.054,48.554],[-2.045,48.542],[-2.004,48.569],[-1.99,48.545],[-1.974,48.545],[-1.975,48.532],[-1.998,48.523],[-1.984,48.524],[-1.982,48.5],[-1.995,48.498],[-2.002,48.491],[-1.98,48.498],[-1.978,48.512],[-1.964,48.511],[-1.965,48.526],[-1.952,48.519],[-1.936,48.517],[-1.955,48.522],[-1.932,48.551],[-1.911,48.516],[-1.912,48.506],[-1.924,48.501],[-1.909,48.482],[-1.929,48.476],[-1.928,48.453],[-1.952,48.44],[-1.951,48.427],[-1.936,48.42],[-1.943,48.401],[-1.93,48.395],[-1.94,48.393],[-1.947,48.367],[-1.933,48.361],[-1.929,48.347],[-1.967,48.343],[-1.954,48.316],[-1.968,48.303],[-1.958,48.293],[-1.967,48.291],[-1.975,48.302],[-1.994,48.299],[-1.998,48.29],[-2.005,48.292],[-2.002,48.281],[-2.014,48.28],[-2.05,48.29],[-2.053,48.298],[-2.08,48.293],[-2.081,48.277],[-2.114,48.271],[-2.096,48.266],[-2.111,48.258],[-2.107,48.252],[-2.153,48.262],[-2.184,48.25],[-2.191,48.225],[-2.184,48.21],[-2.228,48.211],[-2.218,48.204],[-2.223,48.173],[-2.249,48.156],[-2.236,48.145],[-2.271,48.151],[-2.288,48.134],[-2.317,48.136],[-2.325,48.121],[-2.349,48.127],[-2.358,48.111],[-2.376,48.127],[-2.375,48.14],[-2.4,48.154],[-2.406,48.168],[-2.45,48.172]]],[[[-2.155,48.62],[-2.153,48.621],[-2.152,48.62],[-2.155,48.62]]],[[[-2.194,48.618],[-2.189,48.627],[-2.187,48.627],[-2.194,48.618]]],[[[-2.206,48.623],[-2.206,48.622],[-2.207,48.622],[-2.206,48.623]]],[[[-2.476,48.63],[-2.475,48.63],[-2.474,48.629],[-2.476,48.63]]],[[[-2.825,48.654],[-2.825,48.653],[-2.826,48.653],[-2.825,48.654]]],[[[-2.896,48.702],[-2.895,48.703],[-2.895,48.701],[-2.896,48.702]]],[[[-2.879,48.703],[-2.879,48.703],[-2.88,48.703],[-2.879,48.703]]],[[[-2.952,48.773],[-2.952,48.773],[-2.952,48.773],[-2.952,48.773]]],[[[-2.951,48.774],[-2.949,48.776],[-2.948,48.774],[-2.951,48.774]]],[[[-2.949,48.778],[-2.947,48.781],[-2.946,48.78],[-2.949,48.778]]],[[[-2.96,48.78],[-2.959,48.78],[-2.958,48.78],[-2.959,48.779],[-2.96,48.78]]],[[[-2.984,48.798],[-2.981,48.8],[-2.98,48.798],[-2.976,48.798],[-2.984,48.798]]],[[[-2.98,48.8],[-2.98,48.8],[-2.98,48.8],[-2.98,48.8]]],[[[-2.992,48.804],[-2.991,48.804],[-2.992,48.804],[-2.992,48.804]]],[[[-2.983,48.806],[-2.983,48.805],[-2.984,48.805],[-2.983,48.806]]],[[[-2.997,48.837],[-2.997,48.837],[-2.998,48.837],[-2.997,48.837]]],[[[-2.991,48.838],[-2.992,48.842],[-2.988,48.84],[-2.991,48.838]]],[[[-2.987,48.845],[-2.986,48.845],[-2.983,48.845],[-2.987,48.845]]],[[[-2.983,48.846],[-2.984,48.847],[-2.983,48.847],[-2.983,48.846]]],[[[-2.982,48.846],[-2.979,48.848],[-2.979,48.845],[-2.982,48.846]]],[[[-2.984,48.847],[-2.985,48.847],[-2.984,48.848],[-2.984,48.847]]],[[[-2.987,48.846],[-2.988,48.847],[-2.987,48.849],[-2.987,48.846]]],[[[-3.014,48.851],[-3.0,48.849],[-2.998,48.851],[-3.0,48.855],[-3.013,48.857],[-2.986,48.865],[-2.996,48.86],[-2.996,48.839],[-3.011,48.837],[-3.008,48.847],[-3.014,48.851]]],[[[-3.0,48.851],[-3.0,48.851],[-3.001,48.851],[-3.0,48.851]]],[[[-2.992,48.853],[-2.99,48.852],[-2.992,48.853],[-2.992,48.853]]],[[[-2.994,48.853],[-2.994,48.853],[-2.994,48.853],[-2.994,48.853]]],[[[-2.989,48.857],[-2.99,48.856],[-2.99,48.857],[-2.989,48.857]]],[[[-2.981,48.859],[-2.982,48.86],[-2.981,48.861],[-2.981,48.859]]]],"type":"MultiPolygon"}},{"type":"Feature","properties":{"c":"30","n":"Gard","p":770940,"a":[4.2891,43.9579],"pt":{"30_27":[92,60,100,100],"10_27":[83,29,86,77],"30_40":[93,57,100,100],"10_40":[86,32,92,74]},"s3":{"30_27":92,"10_27":76,"30_40":93,"10_40":80},"s2":{"30_27":100,"10_27":86,"30_40":100,"10_40":92},"p3":{"30_27":99,"10_27":88,"30_40":100,"10_40":88}},"geometry":{"coordinates":[[[[4.134,43.51],[4.135,43.51],[4.135,43.509],[4.134,43.51]]],[[[4.127,43.514],[4.13,43.518],[4.133,43.513],[4.127,43.514]]],[[[4.39,44.301],[4.401,44.287],[4.433,44.292],[4.44,44.284],[4.453,44.298],[4.453,44.339],[4.5,44.338],[4.504,44.344],[4.513,44.328],[4.549,44.326],[4.561,44.301],[4.607,44.29],[4.616,44.278],[4.637,44.284],[4.678,44.235],[4.675,44.214],[4.706,44.215],[4.706,44.193],[4.722,44.187],[4.706,44.108],[4.721,44.081],[4.761,44.087],[4.76,44.075],[4.787,44.066],[4.788,44.053],[4.815,44.034],[4.82,44.017],[4.842,44.012],[4.845,43.992],[4.837,43.985],[4.814,43.988],[4.814,43.964],[4.779,43.938],[4.748,43.931],[4.723,43.906],[4.698,43.897],[4.709,43.898],[4.693,43.885],[4.642,43.868],[4.648,43.859],[4.641,43.851],[4.66,43.853],[4.667,43.847],[4.642,43.831],[4.655,43.807],[4.652,43.782],[4.63,43.762],[4.613,43.727],[4.627,43.685],[4.595,43.687],[4.539,43.708],[4.486,43.699],[4.478,43.673],[4.451,43.665],[4.426,43.625],[4.44,43.611],[4.473,43.612],[4.461,43.59],[4.423,43.584],[4.403,43.573],[4.417,43.572],[4.409,43.561],[4.388,43.562],[4.381,43.553],[4.351,43.547],[4.334,43.535],[4.317,43.544],[4.323,43.554],[4.314,43.556],[4.308,43.546],[4.325,43.528],[4.24,43.499],[4.23,43.46],[4.177,43.469],[4.121,43.492],[4.11,43.509],[4.134,43.508],[4.138,43.51],[4.135,43.511],[4.129,43.51],[4.129,43.511],[4.121,43.51],[4.116,43.51],[4.116,43.511],[4.122,43.521],[4.124,43.519],[4.126,43.52],[4.125,43.514],[4.13,43.512],[4.134,43.511],[4.138,43.514],[4.134,43.512],[4.131,43.517],[4.139,43.515],[4.139,43.52],[4.123,43.521],[4.138,43.525],[4.132,43.535],[4.139,43.538],[4.139,43.54],[4.137,43.54],[4.138,43.538],[4.132,43.535],[4.127,43.544],[4.101,43.553],[4.108,43.57],[4.075,43.589],[4.15,43.585],[4.15,43.598],[4.168,43.609],[4.194,43.642],[4.195,43.654],[4.163,43.687],[4.166,43.7],[4.144,43.736],[4.115,43.737],[4.085,43.768],[4.067,43.765],[4.054,43.772],[4.054,43.786],[4.018,43.808],[4.001,43.813],[3.974,43.801],[3.959,43.805],[3.981,43.843],[3.958,43.844],[3.958,43.854],[3.922,43.858],[3.917,43.888],[3.898,43.878],[3.857,43.877],[3.852,43.868],[3.831,43.866],[3.804,43.879],[3.8,43.891],[3.828,43.923],[3.827,43.937],[3.796,43.942],[3.788,43.967],[3.732,43.972],[3.717,43.961],[3.686,43.954],[3.69,43.939],[3.676,43.931],[3.671,43.91],[3.641,43.916],[3.648,43.902],[3.639,43.896],[3.632,43.9],[3.639,43.916],[3.624,43.917],[3.607,43.902],[3.575,43.865],[3.601,43.849],[3.579,43.844],[3.56,43.856],[3.529,43.854],[3.518,43.865],[3.523,43.888],[3.505,43.897],[3.496,43.889],[3.483,43.892],[3.457,43.869],[3.432,43.863],[3.422,43.873],[3.431,43.873],[3.442,43.888],[3.432,43.894],[3.438,43.901],[3.418,43.915],[3.39,43.909],[3.37,43.917],[3.361,43.91],[3.35,43.934],[3.359,43.951],[3.376,43.956],[3.377,43.968],[3.406,43.97],[3.418,43.993],[3.44,43.998],[3.452,44.022],[3.417,44.042],[3.4,44.044],[3.39,44.057],[3.371,44.049],[3.367,44.058],[3.353,44.05],[3.338,44.058],[3.329,44.079],[3.294,44.068],[3.297,44.072],[3.263,44.094],[3.292,44.106],[3.324,44.109],[3.32,44.136],[3.332,44.142],[3.335,44.159],[3.374,44.171],[3.396,44.169],[3.397,44.161],[3.431,44.148],[3.439,44.129],[3.535,44.121],[3.544,44.11],[3.564,44.123],[3.604,44.115],[3.633,44.121],[3.636,44.141],[3.653,44.146],[3.626,44.153],[3.637,44.176],[3.65,44.181],[3.661,44.174],[3.67,44.187],[3.706,44.165],[3.76,44.151],[3.765,44.141],[3.774,44.144],[3.797,44.127],[3.831,44.137],[3.875,44.126],[3.89,44.145],[3.909,44.147],[3.912,44.16],[3.927,44.161],[3.923,44.182],[3.974,44.163],[3.977,44.171],[3.965,44.171],[3.957,44.194],[3.937,44.195],[3.952,44.218],[3.946,44.242],[3.971,44.25],[3.976,44.259],[3.96,44.271],[3.946,44.267],[3.934,44.276],[3.94,44.286],[3.923,44.305],[3.945,44.317],[3.952,44.332],[3.935,44.336],[3.908,44.375],[3.886,44.388],[3.918,44.405],[3.952,44.402],[3.948,44.412],[3.961,44.414],[3.976,44.443],[3.998,44.46],[4.023,44.446],[4.037,44.446],[4.046,44.432],[4.035,44.42],[4.068,44.405],[4.064,44.394],[4.047,44.397],[4.04,44.392],[4.057,44.364],[4.054,44.338],[4.036,44.33],[4.052,44.317],[4.074,44.33],[4.097,44.335],[4.116,44.327],[4.13,44.337],[4.142,44.327],[4.143,44.313],[4.177,44.318],[4.186,44.3],[4.259,44.264],[4.289,44.292],[4.29,44.317],[4.316,44.32],[4.33,44.332],[4.326,44.338],[4.368,44.339],[4.388,44.347],[4.403,44.334],[4.39,44.301]]]],"type":"MultiPolygon"}},{"type":"Feature","properties":{"c":"04","n":"Alpes-de-Haute-Provence","p":168054,"a":[6.1953,44.1733],"pt":{"30_27":[35,16,68,99],"10_27":[19,3,50,24],"30_40":[38,22,76,98],"10_40":[21,2,61,22]},"s3":{"30_27":36,"10_27":3,"30_40":41,"10_40":2},"s2":{"30_27":68,"10_27":29,"30_40":76,"10_40":28},"p3":{"30_27":82,"10_27":6,"30_40":84,"10_40":7}},"geometry":{"coordinates":[[[6.782,43.884],[6.749,43.872],[6.671,43.888],[6.696,43.876],[6.703,43.856],[6.678,43.852],[6.668,43.831],[6.702,43.824],[6.712,43.815],[6.706,43.808],[6.641,43.795],[6.636,43.789],[6.623,43.805],[6.587,43.805],[6.545,43.775],[6.543,43.792],[6.518,43.809],[6.486,43.792],[6.475,43.798],[6.457,43.793],[6.439,43.798],[6.437,43.792],[6.414,43.792],[6.413,43.76],[6.383,43.734],[6.375,43.743],[6.358,43.736],[6.327,43.747],[6.318,43.758],[6.269,43.777],[6.253,43.801],[6.214,43.799],[6.19,43.78],[6.183,43.762],[6.153,43.743],[6.13,43.736],[6.107,43.745],[6.077,43.707],[6.035,43.694],[6.039,43.679],[6.022,43.668],[5.988,43.695],[5.985,43.714],[5.974,43.715],[5.965,43.726],[5.957,43.719],[5.941,43.727],[5.938,43.749],[5.925,43.757],[5.903,43.754],[5.901,43.733],[5.849,43.718],[5.831,43.747],[5.781,43.756],[5.757,43.729],[5.716,43.756],[5.713,43.781],[5.686,43.787],[5.654,43.825],[5.575,43.83],[5.564,43.82],[5.545,43.818],[5.549,43.852],[5.573,43.862],[5.608,43.915],[5.581,43.915],[5.568,43.943],[5.545,43.939],[5.51,43.951],[5.518,43.992],[5.544,44.026],[5.545,44.07],[5.503,44.063],[5.499,44.116],[5.541,44.133],[5.551,44.15],[5.579,44.152],[5.583,44.158],[5.565,44.171],[5.576,44.188],[5.609,44.191],[5.616,44.178],[5.64,44.168],[5.631,44.15],[5.679,44.146],[5.683,44.164],[5.644,44.169],[5.652,44.19],[5.692,44.186],[5.754,44.21],[5.777,44.206],[5.795,44.214],[5.832,44.2],[5.909,44.191],[5.915,44.203],[5.876,44.214],[5.86,44.245],[5.827,44.263],[5.824,44.279],[5.836,44.298],[5.848,44.301],[5.869,44.295],[5.881,44.271],[5.921,44.248],[5.925,44.266],[5.913,44.269],[5.913,44.288],[5.927,44.294],[5.925,44.314],[5.898,44.316],[5.903,44.338],[5.918,44.339],[5.937,44.359],[5.955,44.397],[6.018,44.419],[6.026,44.434],[6.057,44.452],[6.076,44.439],[6.071,44.451],[6.083,44.477],[6.102,44.472],[6.115,44.476],[6.156,44.462],[6.16,44.435],[6.175,44.439],[6.227,44.382],[6.249,44.389],[6.263,44.412],[6.234,44.464],[6.265,44.466],[6.293,44.481],[6.327,44.464],[6.339,44.471],[6.348,44.498],[6.332,44.51],[6.358,44.523],[6.399,44.494],[6.412,44.471],[6.424,44.468],[6.435,44.475],[6.445,44.466],[6.458,44.466],[6.468,44.452],[6.632,44.447],[6.642,44.486],[6.673,44.506],[6.68,44.542],[6.704,44.539],[6.738,44.553],[6.752,44.57],[6.771,44.575],[6.767,44.588],[6.792,44.592],[6.8,44.604],[6.843,44.609],[6.858,44.629],[6.883,44.63],[6.916,44.66],[6.948,44.655],[6.968,44.62],[6.949,44.619],[6.95,44.61],[6.933,44.596],[6.933,44.573],[6.913,44.569],[6.916,44.559],[6.879,44.554],[6.87,44.537],[6.854,44.528],[6.877,44.481],[6.906,44.468],[6.912,44.452],[6.947,44.428],[6.893,44.421],[6.895,44.371],[6.859,44.344],[6.84,44.347],[6.808,44.33],[6.786,44.29],[6.79,44.272],[6.763,44.28],[6.759,44.262],[6.724,44.25],[6.717,44.206],[6.698,44.19],[6.703,44.179],[6.686,44.169],[6.707,44.144],[6.708,44.124],[6.756,44.08],[6.746,44.041],[6.788,44.024],[6.798,44.005],[6.839,43.99],[6.848,43.954],[6.876,43.953],[6.884,43.935],[6.898,43.927],[6.913,43.928],[6.944,43.899],[6.885,43.889],[6.865,43.907],[6.853,43.907],[6.853,43.915],[6.83,43.918],[6.799,43.91],[6.782,43.884]]],"type":"Polygon"}},{"type":"Feature","properties":{"c":"57","n":"Moselle","p":1051309,"a":[6.522,49.0271],"pt":{"30_27":[0,0,0,3],"10_27":[0,0,0,0],"30_40":[0,0,0,4],"10_40":[0,0,0,0]},"s3":{"30_27":0,"10_27":0,"30_40":0,"10_40":0},"s2":{"30_27":0,"10_27":0,"30_40":0,"10_40":0},"p3":{"30_27":0,"10_27":0,"30_40":0,"10_40":0}},"geometry":{"coordinates":[[[6.082,48.963],[6.07,48.972],[6.073,48.981],[6.046,48.976],[6.03,48.985],[6.029,48.99],[6.045,48.983],[6.045,49.014],[6.02,49.023],[6.015,49.037],[5.958,49.047],[5.951,49.065],[5.935,49.07],[5.94,49.086],[5.925,49.092],[5.931,49.109],[5.997,49.108],[6.006,49.113],[5.986,49.128],[5.997,49.135],[5.982,49.144],[5.997,49.149],[5.989,49.155],[6.01,49.153],[6.033,49.165],[6.007,49.184],[5.981,49.187],[5.979,49.195],[5.988,49.21],[6.003,49.209],[6.008,49.222],[6.03,49.23],[6.033,49.251],[6.011,49.261],[6.006,49.257],[6.004,49.311],[5.997,49.314],[5.986,49.305],[5.941,49.336],[5.945,49.342],[5.978,49.345],[5.963,49.346],[5.956,49.362],[5.94,49.36],[5.925,49.373],[5.936,49.379],[5.933,49.396],[5.911,49.407],[5.943,49.43],[5.931,49.447],[5.943,49.452],[5.932,49.472],[5.941,49.476],[5.929,49.485],[5.898,49.481],[5.892,49.496],[5.908,49.502],[5.972,49.491],[5.974,49.465],[5.988,49.461],[5.982,49.451],[6.028,49.456],[6.027,49.448],[6.042,49.448],[6.058,49.466],[6.101,49.453],[6.1,49.467],[6.123,49.473],[6.128,49.494],[6.142,49.487],[6.162,49.493],[6.154,49.502],[6.175,49.51],[6.214,49.506],[6.236,49.508],[6.241,49.515],[6.28,49.503],[6.289,49.485],[6.299,49.488],[6.296,49.48],[6.313,49.48],[6.364,49.46],[6.368,49.469],[6.393,49.464],[6.428,49.477],[6.441,49.467],[6.465,49.466],[6.556,49.421],[6.539,49.412],[6.541,49.401],[6.587,49.385],[6.583,49.368],[6.602,49.367],[6.588,49.35],[6.574,49.359],[6.564,49.356],[6.566,49.347],[6.578,49.335],[6.591,49.336],[6.589,49.322],[6.615,49.302],[6.639,49.296],[6.654,49.281],[6.67,49.28],[6.661,49.258],[6.69,49.25],[6.696,49.215],[6.723,49.219],[6.732,49.206],[6.711,49.188],[6.739,49.164],[6.783,49.168],[6.834,49.151],[6.847,49.157],[6.844,49.173],[6.862,49.179],[6.838,49.213],[6.859,49.223],[6.893,49.209],[6.919,49.223],[6.938,49.222],[6.96,49.203],[6.975,49.209],[7.011,49.188],[7.035,49.191],[7.028,49.17],[7.053,49.113],[7.09,49.131],[7.08,49.149],[7.101,49.156],[7.113,49.152],[7.104,49.139],[7.126,49.142],[7.136,49.128],[7.159,49.12],[7.165,49.129],[7.184,49.132],[7.199,49.115],[7.206,49.124],[7.245,49.13],[7.282,49.125],[7.294,49.115],[7.326,49.143],[7.363,49.143],[7.365,49.172],[7.446,49.184],[7.436,49.18],[7.442,49.172],[7.434,49.165],[7.494,49.17],[7.506,49.151],[7.489,49.136],[7.516,49.121],[7.529,49.097],[7.564,49.08],[7.601,49.083],[7.63,49.074],[7.64,49.049],[7.606,49.02],[7.611,49.012],[7.588,48.99],[7.584,48.966],[7.552,48.942],[7.556,48.936],[7.534,48.933],[7.526,48.945],[7.5,48.945],[7.48,48.961],[7.452,48.968],[7.386,48.952],[7.359,48.958],[7.327,48.943],[7.306,48.957],[7.29,48.956],[7.293,48.974],[7.238,48.988],[7.209,48.98],[7.174,49.006],[7.126,49.006],[7.101,49.062],[7.119,49.068],[7.099,49.078],[7.068,49.066],[7.079,49.05],[7.053,49.029],[7.047,49.0],[7.034,48.994],[7.041,48.977],[7.027,48.969],[7.032,48.956],[6.991,48.961],[6.971,48.928],[6.96,48.925],[6.945,48.935],[6.941,48.924],[6.956,48.922],[6.965,48.905],[6.955,48.894],[7.048,48.874],[7.051,48.859],[7.096,48.862],[7.098,48.851],[7.051,48.845],[7.052,48.815],[7.088,48.811],[7.067,48.799],[7.078,48.786],[7.127,48.801],[7.124,48.812],[7.148,48.822],[7.141,48.834],[7.149,48.845],[7.176,48.842],[7.185,48.85],[7.196,48.84],[7.186,48.834],[7.216,48.82],[7.222,48.83],[7.245,48.817],[7.258,48.822],[7.263,48.819],[7.246,48.81],[7.261,48.797],[7.27,48.803],[7.288,48.798],[7.313,48.767],[7.293,48.753],[7.264,48.699],[7.242,48.692],[7.265,48.663],[7.304,48.66],[7.277,48.633],[7.262,48.632],[7.28,48.628],[7.256,48.601],[7.266,48.592],[7.219,48.554],[7.193,48.549],[7.168,48.528],[7.15,48.533],[7.148,48.527],[7.135,48.528],[7.115,48.538],[7.092,48.529],[7.059,48.538],[7.084,48.545],[7.054,48.552],[7.034,48.581],[7.022,48.579],[6.993,48.594],[7.016,48.609],[6.951,48.611],[6.931,48.635],[6.92,48.634],[6.911,48.621],[6.885,48.625],[6.861,48.62],[6.844,48.626],[6.834,48.644],[6.782,48.643],[6.777,48.654],[6.764,48.652],[6.76,48.67],[6.727,48.664],[6.712,48.673],[6.692,48.673],[6.686,48.686],[6.668,48.667],[6.677,48.689],[6.662,48.706],[6.639,48.701],[6.626,48.713],[6.599,48.716],[6.595,48.729],[6.562,48.756],[6.535,48.749],[6.514,48.754],[6.505,48.747],[6.512,48.755],[6.488,48.766],[6.453,48.766],[6.453,48.78],[6.433,48.789],[6.395,48.775],[6.371,48.785],[6.358,48.779],[6.346,48.804],[6.356,48.812],[6.339,48.811],[6.332,48.823],[6.301,48.824],[6.317,48.831],[6.334,48.826],[6.34,48.834],[6.306,48.833],[6.284,48.846],[6.3,48.852],[6.298,48.867],[6.312,48.865],[6.31,48.878],[6.301,48.879],[6.297,48.883],[6.328,48.9],[6.327,48.907],[6.31,48.912],[6.311,48.921],[6.288,48.916],[6.288,48.928],[6.271,48.933],[6.242,48.924],[6.224,48.927],[6.222,48.939],[6.177,48.935],[6.172,48.944],[6.157,48.944],[6.147,48.933],[6.133,48.934],[6.117,48.968],[6.082,48.963]]],"type":"Polygon"}},{"type":"Feature","properties":{"c":"15","n":"Cantal","p":144196,"a":[2.6991,45.0511],"pt":{"30_27":[4,0,0,74],"10_27":[0,0,0,6],"30_40":[7,0,0,73],"10_40":[0,0,0,6]},"s3":{"30_27":0,"10_27":0,"30_40":0,"10_40":0},"s2":{"30_27":3,"10_27":0,"30_40":6,"10_40":0},"p3":{"30_27":0,"10_27":0,"30_40":0,"10_40":0}},"geometry":{"coordinates":[[[2.552,44.731],[2.544,44.725],[2.56,44.732],[2.561,44.721],[2.5,44.69],[2.488,44.669],[2.491,44.657],[2.479,44.648],[2.471,44.652],[2.468,44.643],[2.448,44.649],[2.434,44.639],[2.407,44.647],[2.389,44.644],[2.38,44.651],[2.353,44.64],[2.333,44.649],[2.337,44.662],[2.327,44.67],[2.305,44.662],[2.285,44.667],[2.251,44.652],[2.229,44.656],[2.216,44.651],[2.208,44.644],[2.221,44.622],[2.205,44.616],[2.169,44.639],[2.175,44.653],[2.162,44.664],[2.179,44.674],[2.16,44.697],[2.138,44.693],[2.13,44.699],[2.155,44.736],[2.149,44.77],[2.17,44.778],[2.168,44.811],[2.135,44.827],[2.128,44.846],[2.117,44.848],[2.084,44.886],[2.086,44.904],[2.108,44.91],[2.105,44.92],[2.076,44.934],[2.081,44.954],[2.063,44.977],[2.093,44.986],[2.102,44.98],[2.131,44.984],[2.139,44.993],[2.141,45.007],[2.116,45.022],[2.095,45.056],[2.141,45.087],[2.176,45.081],[2.181,45.113],[2.19,45.115],[2.179,45.136],[2.202,45.138],[2.212,45.151],[2.208,45.16],[2.233,45.165],[2.232,45.172],[2.201,45.18],[2.189,45.223],[2.202,45.223],[2.226,45.245],[2.241,45.248],[2.243,45.266],[2.258,45.27],[2.269,45.29],[2.289,45.287],[2.316,45.322],[2.351,45.328],[2.359,45.336],[2.35,45.346],[2.365,45.355],[2.37,45.387],[2.349,45.412],[2.387,45.412],[2.398,45.4],[2.422,45.397],[2.442,45.384],[2.475,45.381],[2.477,45.37],[2.49,45.38],[2.523,45.381],[2.522,45.403],[2.487,45.419],[2.508,45.478],[2.52,45.483],[2.544,45.479],[2.536,45.457],[2.564,45.466],[2.585,45.45],[2.604,45.45],[2.618,45.47],[2.624,45.444],[2.648,45.444],[2.663,45.434],[2.687,45.438],[2.681,45.407],[2.704,45.399],[2.701,45.392],[2.715,45.382],[2.742,45.393],[2.785,45.385],[2.814,45.402],[2.829,45.39],[2.852,45.392],[2.868,45.376],[2.886,45.383],[2.901,45.371],[2.923,45.368],[2.927,45.34],[2.949,45.309],[2.969,45.307],[3.0,45.29],[3.018,45.287],[3.022,45.296],[3.052,45.303],[3.066,45.315],[3.06,45.331],[3.087,45.339],[3.096,45.352],[3.113,45.351],[3.113,45.327],[3.09,45.323],[3.114,45.31],[3.105,45.3],[3.084,45.299],[3.082,45.29],[3.099,45.292],[3.118,45.284],[3.161,45.295],[3.17,45.282],[3.165,45.269],[3.191,45.281],[3.223,45.277],[3.229,45.265],[3.221,45.244],[3.234,45.238],[3.235,45.22],[3.273,45.209],[3.261,45.171],[3.267,45.154],[3.282,45.152],[3.273,45.145],[3.288,45.12],[3.3,45.125],[3.331,45.11],[3.35,45.112],[3.351,45.104],[3.362,45.104],[3.328,45.095],[3.302,45.107],[3.282,45.103],[3.29,45.087],[3.297,45.091],[3.315,45.085],[3.299,45.061],[3.305,45.046],[3.298,45.036],[3.311,45.02],[3.325,45.022],[3.327,45.031],[3.337,45.025],[3.325,45.01],[3.347,45.014],[3.35,45.002],[3.371,45.002],[3.365,44.99],[3.345,44.986],[3.348,44.974],[3.361,44.971],[3.355,44.955],[3.337,44.956],[3.286,44.926],[3.262,44.932],[3.267,44.943],[3.249,44.939],[3.242,44.934],[3.25,44.916],[3.227,44.91],[3.238,44.887],[3.216,44.874],[3.199,44.875],[3.192,44.862],[3.164,44.874],[3.142,44.903],[3.128,44.904],[3.124,44.89],[3.116,44.895],[3.103,44.886],[3.11,44.866],[3.093,44.855],[3.099,44.834],[3.072,44.838],[3.077,44.825],[3.048,44.804],[3.052,44.786],[3.043,44.772],[3.049,44.763],[3.031,44.749],[3.027,44.73],[3.039,44.715],[3.016,44.714],[2.982,44.645],[2.938,44.678],[2.944,44.685],[2.923,44.729],[2.934,44.75],[2.912,44.762],[2.916,44.767],[2.931,44.762],[2.938,44.775],[2.92,44.794],[2.904,44.784],[2.888,44.789],[2.86,44.839],[2.866,44.847],[2.855,44.851],[2.86,44.874],[2.815,44.869],[2.803,44.874],[2.774,44.855],[2.767,44.866],[2.778,44.888],[2.775,44.911],[2.756,44.933],[2.742,44.929],[2.738,44.941],[2.724,44.925],[2.714,44.927],[2.706,44.907],[2.676,44.904],[2.658,44.887],[2.654,44.87],[2.631,44.873],[2.624,44.867],[2.619,44.852],[2.603,44.843],[2.611,44.831],[2.597,44.82],[2.6,44.794],[2.562,44.777],[2.561,44.759],[2.55,44.755],[2.552,44.731]]],"type":"Polygon"}},{"type":"Feature","properties":{"c":"07","n":"Ardèche","p":334231,"a":[4.3998,44.8169],"pt":{"30_27":[60,0,57,100],"10_27":[33,0,33,89],"30_40":[67,0,61,100],"10_40":[39,0,37,88]},"s3":{"30_27":56,"10_27":31,"30_40":61,"10_40":34},"s2":{"30_27":60,"10_27":34,"30_40":67,"10_40":40},"p3":{"30_27":85,"10_27":42,"30_40":88,"10_40":47}},"geometry":{"coordinates":[[[4.44,44.284],[4.433,44.292],[4.395,44.291],[4.39,44.301],[4.403,44.334],[4.388,44.347],[4.368,44.339],[4.326,44.338],[4.33,44.332],[4.316,44.32],[4.29,44.317],[4.289,44.292],[4.259,44.264],[4.186,44.3],[4.177,44.318],[4.143,44.313],[4.142,44.327],[4.13,44.337],[4.116,44.327],[4.094,44.335],[4.047,44.319],[4.036,44.33],[4.054,44.338],[4.057,44.364],[4.04,44.392],[4.047,44.397],[4.064,44.394],[4.068,44.405],[4.035,44.42],[4.046,44.432],[4.037,44.446],[4.023,44.446],[3.988,44.473],[3.989,44.504],[3.955,44.567],[3.945,44.574],[3.924,44.571],[3.918,44.588],[3.905,44.593],[3.908,44.608],[3.894,44.614],[3.892,44.623],[3.898,44.644],[3.869,44.678],[3.884,44.697],[3.87,44.697],[3.872,44.708],[3.861,44.711],[3.878,44.737],[3.862,44.744],[3.87,44.755],[3.893,44.751],[3.9,44.764],[3.925,44.77],[3.91,44.779],[3.923,44.778],[3.926,44.792],[3.937,44.795],[3.945,44.825],[3.963,44.83],[3.97,44.818],[3.988,44.811],[3.982,44.832],[3.991,44.834],[4.0,44.82],[4.005,44.838],[4.014,44.836],[4.013,44.827],[4.028,44.832],[4.02,44.846],[4.034,44.872],[4.071,44.867],[4.116,44.879],[4.157,44.873],[4.179,44.887],[4.182,44.908],[4.217,44.933],[4.227,44.966],[4.236,44.97],[4.252,44.959],[4.314,44.973],[4.29,44.996],[4.302,45.026],[4.311,45.025],[4.31,45.031],[4.341,45.026],[4.381,45.04],[4.377,45.055],[4.365,45.054],[4.346,45.068],[4.347,45.077],[4.36,45.08],[4.355,45.086],[4.367,45.089],[4.359,45.1],[4.372,45.106],[4.4,45.104],[4.4,45.118],[4.369,45.128],[4.374,45.144],[4.423,45.137],[4.436,45.109],[4.438,45.122],[4.457,45.119],[4.443,45.145],[4.449,45.163],[4.472,45.179],[4.481,45.196],[4.477,45.213],[4.491,45.224],[4.483,45.237],[4.509,45.231],[4.51,45.245],[4.541,45.235],[4.54,45.243],[4.602,45.251],[4.606,45.263],[4.591,45.274],[4.598,45.289],[4.624,45.292],[4.615,45.312],[4.641,45.317],[4.639,45.326],[4.662,45.34],[4.7,45.345],[4.726,45.362],[4.756,45.366],[4.774,45.353],[4.762,45.343],[4.762,45.324],[4.809,45.29],[4.801,45.242],[4.813,45.204],[4.805,45.195],[4.809,45.17],[4.829,45.155],[4.803,45.125],[4.829,45.101],[4.829,45.073],[4.86,45.058],[4.84,45.034],[4.845,45.019],[4.836,45.008],[4.886,44.935],[4.855,44.9],[4.861,44.875],[4.844,44.846],[4.821,44.837],[4.822,44.817],[4.8,44.813],[4.796,44.794],[4.761,44.772],[4.769,44.76],[4.759,44.748],[4.781,44.682],[4.779,44.655],[4.741,44.603],[4.741,44.589],[4.711,44.582],[4.703,44.56],[4.698,44.564],[4.693,44.559],[4.694,44.542],[4.708,44.534],[4.688,44.5],[4.7,44.459],[4.693,44.443],[4.668,44.432],[4.663,44.396],[4.65,44.376],[4.649,44.27],[4.635,44.285],[4.616,44.278],[4.607,44.29],[4.56,44.302],[4.549,44.326],[4.513,44.328],[4.504,44.344],[4.5,44.338],[4.453,44.339],[4.453,44.298],[4.44,44.284]]],"type":"Polygon"}},{"type":"Feature","properties":{"c":"83","n":"Var","p":1119307,"a":[6.2429,43.4204],"pt":{"30_27":[92,92,100,100],"10_27":[82,68,98,61],"30_40":[92,96,100,100],"10_40":[74,81,100,57]},"s3":{"30_27":92,"10_27":76,"30_40":96,"10_40":79},"s2":{"30_27":100,"10_27":88,"30_40":100,"10_40":92},"p3":{"30_27":100,"10_27":95,"30_40":100,"10_40":80}},"geometry":{"coordinates":[[[[6.069,43.04],[6.069,43.04],[6.069,43.04],[6.069,43.04]]],[[[6.088,43.041],[6.088,43.04],[6.087,43.041],[6.088,43.041]]],[[[5.869,43.048],[5.868,43.048],[5.868,43.049],[5.869,43.048]]],[[[5.869,43.049],[5.868,43.049],[5.868,43.049],[5.869,43.049]]],[[[5.8,43.067],[5.8,43.067],[5.8,43.068],[5.8,43.067]]],[[[5.798,43.068],[5.798,43.068],[5.798,43.068],[5.798,43.068]]],[[[5.793,43.07],[5.793,43.068],[5.792,43.069],[5.793,43.07]]],[[[5.793,43.069],[5.787,43.072],[5.789,43.073],[5.793,43.069]]],[[[5.777,43.075],[5.777,43.074],[5.777,43.074],[5.777,43.075]]],[[[5.785,43.072],[5.777,43.082],[5.791,43.079],[5.785,43.072]]],[[[5.778,43.077],[5.778,43.077],[5.778,43.077],[5.778,43.077]]],[[[5.774,43.077],[5.775,43.077],[5.774,43.077],[5.774,43.077]]],[[[5.802,43.077],[5.801,43.076],[5.802,43.077],[5.802,43.077]]],[[[5.761,43.08],[5.761,43.079],[5.761,43.079],[5.761,43.08]]],[[[5.771,43.079],[5.771,43.08],[5.771,43.08],[5.771,43.079]]],[[[5.761,43.08],[5.761,43.08],[5.762,43.08],[5.761,43.08]]],[[[5.768,43.079],[5.768,43.082],[5.77,43.081],[5.768,43.079]]],[[[5.78,43.083],[5.78,43.083],[5.779,43.083],[5.78,43.083]]],[[[5.779,43.083],[5.778,43.084],[5.779,43.084],[5.779,43.083]]],[[[5.956,43.107],[5.957,43.106],[5.955,43.106],[5.956,43.107]]],[[[5.923,43.115],[5.923,43.119],[5.924,43.115],[5.923,43.115]]],[[[5.925,43.116],[5.923,43.119],[5.924,43.119],[5.925,43.116]]],[[[5.75,43.127],[5.746,43.129],[5.753,43.128],[5.75,43.127]]],[[[5.728,43.133],[5.728,43.134],[5.729,43.133],[5.728,43.133]]],[[[6.259,42.997],[6.26,42.996],[6.259,42.996],[6.259,42.997]]],[[[6.161,43.0],[6.161,43.0],[6.161,43.0],[6.161,43.0]]],[[[6.252,42.998],[6.252,42.998],[6.252,42.998],[6.252,42.998]]],[[[6.254,42.999],[6.253,42.998],[6.252,43.0],[6.254,42.999]]],[[[6.16,43.006],[6.163,43.004],[6.162,43.003],[6.16,43.006]]],[[[6.161,43.002],[6.172,43.009],[6.21,43.002],[6.217,43.014],[6.234,43.012],[6.242,43.027],[6.249,43.017],[6.25,43.006],[6.253,43.005],[6.206,42.982],[6.161,43.002]]],[[[6.251,43.007],[6.251,43.007],[6.251,43.007],[6.251,43.007]]],[[[6.364,43.004],[6.362,43.018],[6.368,43.018],[6.364,43.004]]],[[[6.148,43.019],[6.143,43.015],[6.14,43.021],[6.148,43.019]]],[[[6.146,43.023],[6.148,43.024],[6.148,43.023],[6.146,43.023]]],[[[6.147,43.024],[6.147,43.024],[6.147,43.024],[6.147,43.024]]],[[[6.243,43.027],[6.243,43.026],[6.243,43.027],[6.243,43.027]]],[[[6.242,43.027],[6.242,43.028],[6.242,43.027],[6.242,43.027]]],[[[6.241,43.028],[6.241,43.028],[6.241,43.029],[6.241,43.028]]],[[[6.125,43.032],[6.124,43.032],[6.125,43.032],[6.125,43.032]]],[[[6.174,43.033],[6.173,43.033],[6.174,43.033],[6.174,43.033]]],[[[6.092,43.041],[6.093,43.04],[6.092,43.04],[6.092,43.041]]],[[[6.091,43.042],[6.092,43.041],[6.09,43.042],[6.091,43.042]]],[[[6.098,43.043],[6.098,43.042],[6.097,43.043],[6.098,43.043]]],[[[6.299,43.105],[6.299,43.105],[6.299,43.105],[6.299,43.105]]],[[[6.299,43.106],[6.3,43.105],[6.299,43.105],[6.299,43.106]]],[[[6.305,43.105],[6.305,43.105],[6.305,43.105],[6.305,43.105]]],[[[6.283,43.114],[6.282,43.114],[6.282,43.114],[6.283,43.114]]],[[[6.912,43.598],[6.898,43.582],[6.908,43.564],[6.887,43.553],[6.879,43.529],[6.896,43.528],[6.884,43.503],[6.912,43.494],[6.914,43.483],[6.933,43.48],[6.924,43.473],[6.92,43.457],[6.923,43.45],[6.921,43.451],[6.899,43.442],[6.892,43.429],[6.871,43.425],[6.867,43.433],[6.857,43.432],[6.855,43.411],[6.829,43.419],[6.781,43.409],[6.766,43.424],[6.75,43.42],[6.75,43.422],[6.742,43.428],[6.747,43.42],[6.751,43.419],[6.714,43.372],[6.713,43.352],[6.717,43.347],[6.68,43.341],[6.665,43.325],[6.672,43.313],[6.635,43.307],[6.586,43.28],[6.588,43.272],[6.583,43.276],[6.578,43.275],[6.579,43.272],[6.58,43.271],[6.578,43.272],[6.578,43.274],[6.576,43.274],[6.575,43.273],[6.574,43.267],[6.58,43.269],[6.577,43.265],[6.58,43.269],[6.586,43.269],[6.588,43.27],[6.589,43.267],[6.582,43.268],[6.594,43.262],[6.621,43.264],[6.639,43.274],[6.665,43.265],[6.678,43.279],[6.698,43.267],[6.691,43.252],[6.664,43.24],[6.664,43.213],[6.681,43.2],[6.66,43.196],[6.643,43.187],[6.639,43.173],[6.647,43.168],[6.633,43.172],[6.621,43.158],[6.601,43.183],[6.562,43.189],[6.537,43.179],[6.535,43.164],[6.523,43.166],[6.494,43.15],[6.464,43.158],[6.439,43.142],[6.429,43.152],[6.386,43.145],[6.367,43.136],[6.36,43.12],[6.359,43.106],[6.369,43.103],[6.364,43.094],[6.371,43.091],[6.364,43.086],[6.322,43.092],[6.317,43.106],[6.29,43.107],[6.288,43.114],[6.275,43.121],[6.235,43.113],[6.202,43.116],[6.172,43.102],[6.155,43.081],[6.152,43.037],[6.173,43.033],[6.156,43.026],[6.135,43.036],[6.097,43.027],[6.091,43.035],[6.13,43.045],[6.124,43.08],[6.078,43.088],[6.021,43.078],[6.018,43.099],[5.956,43.108],[5.926,43.101],[5.934,43.119],[5.925,43.115],[5.928,43.122],[5.921,43.124],[5.916,43.113],[5.914,43.125],[5.903,43.111],[5.885,43.117],[5.892,43.108],[5.881,43.109],[5.881,43.102],[5.911,43.101],[5.897,43.08],[5.908,43.078],[5.918,43.086],[5.927,43.077],[5.934,43.087],[5.951,43.077],[5.947,43.068],[5.929,43.072],[5.911,43.066],[5.891,43.078],[5.872,43.069],[5.859,43.046],[5.829,43.049],[5.816,43.064],[5.793,43.07],[5.804,43.077],[5.813,43.095],[5.804,43.101],[5.814,43.106],[5.807,43.116],[5.766,43.115],[5.781,43.13],[5.774,43.138],[5.751,43.13],[5.749,43.136],[5.724,43.136],[5.717,43.148],[5.695,43.144],[5.683,43.155],[5.696,43.17],[5.686,43.18],[5.672,43.18],[5.682,43.235],[5.702,43.239],[5.712,43.253],[5.761,43.267],[5.763,43.282],[5.727,43.317],[5.691,43.313],[5.669,43.319],[5.685,43.323],[5.686,43.34],[5.705,43.356],[5.683,43.399],[5.701,43.408],[5.755,43.402],[5.788,43.42],[5.751,43.434],[5.728,43.467],[5.699,43.482],[5.702,43.496],[5.716,43.504],[5.725,43.551],[5.668,43.565],[5.656,43.578],[5.692,43.585],[5.678,43.611],[5.688,43.615],[5.699,43.643],[5.71,43.641],[5.745,43.657],[5.8,43.66],[5.813,43.689],[5.788,43.697],[5.787,43.717],[5.753,43.725],[5.781,43.756],[5.831,43.747],[5.849,43.718],[5.901,43.733],[5.903,43.754],[5.925,43.757],[5.938,43.749],[5.941,43.727],[5.957,43.719],[5.965,43.726],[5.974,43.715],[5.985,43.714],[5.988,43.695],[6.022,43.668],[6.039,43.679],[6.035,43.694],[6.077,43.707],[6.107,43.745],[6.13,43.736],[6.153,43.743],[6.183,43.762],[6.19,43.78],[6.214,43.799],[6.253,43.801],[6.269,43.777],[6.318,43.758],[6.327,43.747],[6.358,43.736],[6.375,43.743],[6.383,43.734],[6.413,43.76],[6.414,43.792],[6.47,43.799],[6.486,43.792],[6.518,43.809],[6.543,43.792],[6.545,43.775],[6.587,43.805],[6.621,43.805],[6.657,43.749],[6.683,43.758],[6.701,43.754],[6.715,43.739],[6.753,43.741],[6.774,43.704],[6.761,43.666],[6.784,43.653],[6.799,43.628],[6.817,43.63],[6.852,43.604],[6.858,43.611],[6.866,43.603],[6.894,43.612],[6.912,43.598]]],[[[6.395,42.987],[6.395,42.989],[6.397,42.989],[6.395,42.987]]],[[[6.381,42.997],[6.381,42.997],[6.381,42.997],[6.381,42.997]]],[[[6.372,42.996],[6.383,43.014],[6.391,43.012],[6.409,43.02],[6.412,43.009],[6.421,43.014],[6.403,42.993],[6.387,42.999],[6.378,42.998],[6.372,42.996]]],[[[6.39,43.015],[6.39,43.014],[6.388,43.015],[6.39,43.015]]],[[[6.421,43.014],[6.421,43.014],[6.421,43.014],[6.421,43.014]]],[[[6.369,43.019],[6.369,43.018],[6.368,43.019],[6.369,43.019]]],[[[6.438,43.003],[6.438,43.024],[6.458,43.028],[6.469,43.046],[6.508,43.053],[6.51,43.045],[6.488,43.043],[6.471,43.017],[6.452,43.018],[6.438,43.003]]],[[[6.511,43.047],[6.512,43.047],[6.512,43.046],[6.511,43.047]]],[[[6.372,43.091],[6.372,43.091],[6.373,43.091],[6.372,43.091]]],[[[6.404,43.106],[6.404,43.106],[6.404,43.106],[6.404,43.106]]],[[[6.373,43.137],[6.373,43.137],[6.37,43.136],[6.373,43.137]]],[[[6.384,43.139],[6.383,43.139],[6.384,43.139],[6.384,43.139]]],[[[6.578,43.268],[6.58,43.27],[6.583,43.269],[6.578,43.268]]],[[[6.577,43.27],[6.579,43.27],[6.578,43.269],[6.577,43.27]]],[[[6.577,43.271],[6.577,43.27],[6.576,43.27],[6.577,43.271]]],[[[6.579,43.271],[6.579,43.271],[6.579,43.271],[6.579,43.271]]],[[[6.581,43.271],[6.581,43.272],[6.582,43.271],[6.581,43.271]]],[[[6.576,43.273],[6.575,43.271],[6.575,43.273],[6.576,43.273]]],[[[6.58,43.273],[6.58,43.272],[6.579,43.273],[6.58,43.273]]],[[[6.577,43.274],[6.576,43.273],[6.576,43.273],[6.577,43.274]]],[[[6.579,43.274],[6.581,43.273],[6.582,43.272],[6.581,43.272],[6.579,43.274]]],[[[6.582,43.274],[6.581,43.274],[6.581,43.274],[6.582,43.274]]],[[[6.581,43.275],[6.583,43.273],[6.583,43.273],[6.581,43.275]]],[[[6.58,43.275],[6.581,43.274],[6.581,43.274],[6.58,43.275]]],[[[6.646,43.167],[6.648,43.166],[6.648,43.166],[6.646,43.167]]],[[[6.662,43.195],[6.662,43.196],[6.662,43.195],[6.662,43.195]]],[[[6.682,43.201],[6.683,43.2],[6.682,43.2],[6.682,43.201]]],[[[6.704,43.258],[6.703,43.258],[6.704,43.258],[6.704,43.258]]],[[[6.703,43.258],[6.703,43.258],[6.703,43.258],[6.703,43.258]]],[[[6.584,43.269],[6.585,43.27],[6.585,43.272],[6.585,43.272],[6.586,43.271],[6.587,43.27],[6.584,43.269]]],[[[6.699,43.268],[6.7,43.267],[6.699,43.267],[6.699,43.268]]],[[[6.687,43.315],[6.687,43.314],[6.687,43.314],[6.687,43.315]]],[[[6.716,43.352],[6.715,43.352],[6.716,43.352],[6.716,43.352]]],[[[6.774,43.407],[6.775,43.407],[6.774,43.406],[6.774,43.407]]],[[[6.782,43.408],[6.783,43.408],[6.782,43.407],[6.782,43.408]]],[[[6.846,43.41],[6.847,43.411],[6.847,43.41],[6.846,43.41]]],[[[6.851,43.411],[6.852,43.411],[6.851,43.411],[6.851,43.411]]],[[[6.878,43.426],[6.879,43.425],[6.878,43.425],[6.878,43.426]]],[[[6.893,43.426],[6.894,43.427],[6.895,43.427],[6.893,43.426]]],[[[6.895,43.427],[6.895,43.427],[6.895,43.427],[6.895,43.427]]],[[[6.909,43.446],[6.908,43.445],[6.908,43.446],[6.909,43.446]]],[[[6.924,43.452],[6.924,43.451],[6.923,43.451],[6.924,43.452]]],[[[6.923,43.454],[6.922,43.454],[6.923,43.454],[6.923,43.454]]],[[[6.923,43.455],[6.923,43.455],[6.923,43.455],[6.923,43.455]]],[[[6.924,43.464],[6.924,43.464],[6.924,43.464],[6.924,43.464]]]],"type":"MultiPolygon"}},{"type":"Feature","properties":{"c":"2B","n":"Haute-Corse","p":187180,"a":[9.1045,42.4371],"pt":{"30_27":[75,92,66,100],"10_27":[51,59,25,73],"30_40":[73,91,63,98],"10_40":[3,54,22,71]},"s3":{"30_27":77,"10_27":49,"30_40":77,"10_40":4},"s2":{"30_27":92,"10_27":60,"30_40":91,"10_40":49},"p3":{"30_27":94,"10_27":85,"30_40":94,"10_40":1}},"geometry":{"coordinates":[[[[9.215,41.942],[9.227,41.972],[9.215,41.994],[9.221,42.027],[9.189,42.032],[9.161,42.025],[9.131,42.054],[9.135,42.087],[9.125,42.105],[9.071,42.13],[9.072,42.155],[9.065,42.167],[9.05,42.171],[9.046,42.208],[9.022,42.203],[8.974,42.232],[8.94,42.237],[8.923,42.258],[8.905,42.254],[8.882,42.271],[8.886,42.284],[8.878,42.293],[8.859,42.3],[8.862,42.33],[8.82,42.316],[8.79,42.327],[8.771,42.325],[8.759,42.338],[8.73,42.34],[8.714,42.349],[8.684,42.348],[8.682,42.36],[8.65,42.362],[8.641,42.374],[8.6,42.369],[8.573,42.382],[8.609,42.387],[8.606,42.417],[8.623,42.422],[8.646,42.413],[8.657,42.417],[8.664,42.435],[8.648,42.443],[8.669,42.445],[8.664,42.456],[8.68,42.47],[8.675,42.477],[8.651,42.474],[8.65,42.479],[8.664,42.491],[8.667,42.516],[8.683,42.515],[8.699,42.527],[8.72,42.525],[8.71,42.536],[8.723,42.545],[8.717,42.55],[8.723,42.557],[8.718,42.571],[8.706,42.57],[8.725,42.584],[8.727,42.562],[8.755,42.572],[8.763,42.557],[8.788,42.556],[8.805,42.571],[8.798,42.583],[8.811,42.59],[8.802,42.602],[8.826,42.606],[8.834,42.602],[8.852,42.612],[8.867,42.608],[8.88,42.629],[8.907,42.628],[8.923,42.64],[8.955,42.634],[9.015,42.641],[9.028,42.653],[9.06,42.662],[9.057,42.696],[9.071,42.692],[9.086,42.715],[9.1,42.715],[9.125,42.732],[9.167,42.737],[9.199,42.725],[9.222,42.735],[9.233,42.72],[9.257,42.718],[9.254,42.705],[9.27,42.7],[9.285,42.676],[9.299,42.676],[9.323,42.697],[9.322,42.717],[9.345,42.737],[9.338,42.764],[9.343,42.798],[9.31,42.834],[9.34,42.866],[9.33,42.872],[9.323,42.9],[9.362,42.925],[9.349,42.929],[9.359,42.945],[9.347,42.954],[9.351,42.973],[9.34,42.994],[9.357,43.007],[9.405,43.004],[9.422,43.012],[9.463,42.987],[9.451,42.963],[9.473,42.924],[9.472,42.875],[9.481,42.867],[9.48,42.836],[9.493,42.807],[9.465,42.758],[9.447,42.671],[9.464,42.638],[9.522,42.575],[9.533,42.545],[9.53,42.49],[9.543,42.429],[9.532,42.37],[9.56,42.282],[9.555,42.125],[9.549,42.104],[9.416,41.958],[9.413,41.915],[9.397,41.877],[9.401,41.859],[9.377,41.868],[9.317,41.832],[9.308,41.833],[9.301,41.845],[9.269,41.84],[9.245,41.85],[9.237,41.846],[9.227,41.855],[9.252,41.899],[9.248,41.91],[9.213,41.916],[9.231,41.933],[9.215,41.942]]],[[[8.649,42.478],[8.65,42.479],[8.649,42.478],[8.649,42.478]]],[[[8.798,42.601],[8.8,42.601],[8.799,42.6],[8.798,42.601]]],[[[8.932,42.641],[8.936,42.645],[8.94,42.641],[8.932,42.641]]],[[[8.93,42.645],[8.93,42.645],[8.93,42.645],[8.93,42.645]]],[[[8.932,42.647],[8.932,42.646],[8.931,42.646],[8.932,42.647]]],[[[8.934,42.646],[8.934,42.646],[8.935,42.646],[8.934,42.646]]],[[[9.341,42.963],[9.341,42.966],[9.344,42.963],[9.341,42.963]]],[[[9.47,42.984],[9.472,42.983],[9.47,42.984],[9.47,42.984]]],[[[9.468,42.984],[9.47,42.984],[9.469,42.984],[9.468,42.984]]],[[[9.467,42.985],[9.466,42.985],[9.467,42.985],[9.467,42.985]]],[[[9.466,42.985],[9.467,42.986],[9.466,42.985],[9.466,42.985]]],[[[9.407,43.023],[9.406,43.028],[9.409,43.022],[9.407,43.023]]]],"type":"MultiPolygon"}},{"type":"Feature","properties":{"c":"64","n":"Pyrénées-Atlantiques","p":706564,"a":[-0.7402,43.1789],"pt":{"30_27":[47,0,0,87],"10_27":[0,0,0,29],"30_40":[48,0,0,85],"10_40":[0,0,0,29]},"s3":{"30_27":0,"10_27":0,"30_40":0,"10_40":0},"s2":{"30_27":34,"10_27":0,"30_40":32,"10_40":0},"p3":{"30_27":0,"10_27":0,"30_40":0,"10_40":0}},"geometry":{"coordinates":[[[[-0.027,43.325],[-0.045,43.304],[-0.044,43.286],[-0.017,43.272],[-0.05,43.217],[-0.074,43.223],[-0.068,43.177],[-0.095,43.177],[-0.098,43.167],[-0.106,43.167],[-0.118,43.18],[-0.146,43.128],[-0.166,43.122],[-0.175,43.11],[-0.194,43.115],[-0.198,43.098],[-0.186,43.084],[-0.199,43.064],[-0.182,43.053],[-0.224,43.034],[-0.261,43.039],[-0.259,43.014],[-0.288,43.006],[-0.291,42.961],[-0.279,42.939],[-0.285,42.93],[-0.298,42.931],[-0.311,42.919],[-0.327,42.917],[-0.307,42.87],[-0.322,42.837],[-0.347,42.838],[-0.384,42.801],[-0.412,42.809],[-0.441,42.795],[-0.506,42.827],[-0.525,42.812],[-0.524,42.797],[-0.544,42.793],[-0.552,42.778],[-0.57,42.783],[-0.569,42.807],[-0.599,42.805],[-0.602,42.832],[-0.656,42.858],[-0.679,42.885],[-0.699,42.879],[-0.732,42.896],[-0.736,42.913],[-0.724,42.922],[-0.733,42.928],[-0.731,42.947],[-0.743,42.951],[-0.753,42.968],[-0.79,42.964],[-0.811,42.951],[-0.864,42.951],[-0.896,42.955],[-0.908,42.964],[-0.926,42.954],[-0.945,42.953],[-0.997,42.975],[-1.017,42.995],[-1.072,42.998],[-1.086,43.003],[-1.083,43.011],[-1.115,43.024],[-1.142,43.008],[-1.145,43.026],[-1.164,43.035],[-1.181,43.033],[-1.23,43.056],[-1.248,43.043],[-1.264,43.044],[-1.271,43.055],[-1.31,43.069],[-1.3,43.092],[-1.27,43.118],[-1.332,43.108],[-1.346,43.091],[-1.343,43.054],[-1.354,43.028],[-1.441,43.046],[-1.473,43.087],[-1.414,43.128],[-1.416,43.149],[-1.402,43.156],[-1.402,43.178],[-1.382,43.19],[-1.383,43.253],[-1.407,43.272],[-1.438,43.267],[-1.482,43.283],[-1.492,43.28],[-1.506,43.294],[-1.535,43.295],[-1.565,43.288],[-1.557,43.279],[-1.575,43.25],[-1.609,43.252],[-1.631,43.285],[-1.624,43.306],[-1.668,43.315],[-1.695,43.312],[-1.73,43.296],[-1.742,43.317],[-1.737,43.33],[-1.752,43.333],[-1.757,43.344],[-1.784,43.349],[-1.792,43.371],[-1.789,43.378],[-1.777,43.373],[-1.752,43.385],[-1.743,43.379],[-1.734,43.38],[-1.725,43.385],[-1.712,43.387],[-1.707,43.39],[-1.678,43.397],[-1.683,43.39],[-1.667,43.388],[-1.661,43.403],[-1.638,43.407],[-1.598,43.432],[-1.568,43.475],[-1.566,43.48],[-1.571,43.484],[-1.561,43.484],[-1.547,43.494],[-1.526,43.528],[-1.494,43.528],[-1.478,43.54],[-1.461,43.533],[-1.466,43.516],[-1.431,43.514],[-1.418,43.497],[-1.37,43.495],[-1.325,43.505],[-1.291,43.498],[-1.196,43.546],[-1.172,43.546],[-1.131,43.519],[-1.133,43.51],[-1.172,43.505],[-1.169,43.492],[-1.152,43.497],[-1.145,43.487],[-1.138,43.5],[-1.118,43.501],[-1.109,43.514],[-1.087,43.511],[-1.081,43.523],[-1.069,43.508],[-1.047,43.514],[-1.024,43.502],[-0.993,43.504],[-0.989,43.531],[-1.001,43.538],[-0.989,43.542],[-0.949,43.532],[-0.94,43.539],[-0.926,43.532],[-0.92,43.545],[-0.894,43.551],[-0.847,43.542],[-0.843,43.554],[-0.819,43.561],[-0.803,43.556],[-0.782,43.564],[-0.782,43.577],[-0.768,43.579],[-0.718,43.541],[-0.708,43.541],[-0.708,43.56],[-0.688,43.557],[-0.641,43.575],[-0.658,43.556],[-0.633,43.554],[-0.614,43.538],[-0.597,43.538],[-0.567,43.558],[-0.552,43.543],[-0.449,43.596],[-0.431,43.584],[-0.448,43.567],[-0.464,43.567],[-0.449,43.55],[-0.394,43.569],[-0.356,43.563],[-0.336,43.551],[-0.304,43.56],[-0.301,43.571],[-0.291,43.568],[-0.283,43.586],[-0.257,43.589],[-0.237,43.583],[-0.211,43.593],[-0.205,43.584],[-0.177,43.597],[-0.161,43.581],[-0.122,43.587],[-0.097,43.582],[-0.094,43.543],[-0.066,43.548],[-0.068,43.541],[-0.045,43.525],[-0.04,43.513],[-0.05,43.492],[-0.034,43.488],[-0.035,43.475],[-0.017,43.472],[-0.019,43.465],[-0.065,43.464],[-0.071,43.435],[-0.051,43.419],[-0.067,43.41],[-0.044,43.41],[-0.032,43.434],[-0.025,43.43],[-0.016,43.444],[-0.001,43.445],[-0.005,43.432],[0.01,43.422],[-0.006,43.373],[0.006,43.371],[0.006,43.363],[0.03,43.346],[0.01,43.325],[-0.003,43.332],[-0.027,43.325]],[[-0.095,43.302],[-0.112,43.311],[-0.137,43.286],[-0.14,43.27],[-0.122,43.241],[-0.103,43.243],[-0.104,43.25],[-0.08,43.263],[-0.096,43.286],[-0.095,43.302]],[[-0.075,43.307],[-0.063,43.351],[-0.082,43.371],[-0.101,43.374],[-0.106,43.362],[-0.09,43.359],[-0.087,43.335],[-0.11,43.338],[-0.115,43.321],[-0.111,43.312],[-0.075,43.307]]],[[[-1.745,43.383],[-1.745,43.383],[-1.745,43.383],[-1.745,43.383]]],[[[-1.756,43.384],[-1.756,43.384],[-1.756,43.384],[-1.756,43.384]]],[[[-1.754,43.384],[-1.755,43.384],[-1.755,43.384],[-1.754,43.384]]],[[[-1.57,43.481],[-1.57,43.481],[-1.57,43.481],[-1.57,43.481]]],[[[-1.565,43.484],[-1.565,43.484],[-1.565,43.484],[-1.565,43.484]]],[[[-1.573,43.484],[-1.573,43.484],[-1.573,43.484],[-1.573,43.484]]],[[[-1.568,43.485],[-1.568,43.485],[-1.568,43.485],[-1.568,43.485]]],[[[-1.557,43.49],[-1.557,43.489],[-1.557,43.49],[-1.557,43.49]]]],"type":"MultiPolygon"}},{"type":"Feature","properties":{"c":"56","n":"Morbihan","p":783390,"a":[-2.816,47.8252],"pt":{"30_27":[0,90,2,6],"10_27":[0,44,0,0],"30_40":[0,82,2,10],"10_40":[0,31,0,0]},"s3":{"30_27":0,"10_27":0,"30_40":0,"10_40":0},"s2":{"30_27":2,"10_27":0,"30_40":2,"10_40":0},"p3":{"30_27":0,"10_27":0,"30_40":0,"10_40":0}},"geometry":{"coordinates":[[[[-3.239,47.303],[-3.239,47.303],[-3.239,47.303],[-3.239,47.303]]],[[[-3.24,47.305],[-3.24,47.305],[-3.239,47.305],[-3.24,47.305]]],[[[-3.24,47.306],[-3.24,47.306],[-3.241,47.306],[-3.24,47.306]]],[[[-3.242,47.306],[-3.242,47.306],[-3.242,47.306],[-3.242,47.306]]],[[[-3.249,47.312],[-3.247,47.31],[-3.248,47.31],[-3.249,47.312]]],[[[-3.251,47.311],[-3.249,47.311],[-3.249,47.31],[-3.251,47.311]]],[[[-3.252,47.311],[-3.252,47.311],[-3.252,47.311],[-3.252,47.311]]],[[[-3.247,47.313],[-3.247,47.313],[-3.247,47.313],[-3.247,47.313]]],[[[-3.25,47.314],[-3.25,47.314],[-3.251,47.314],[-3.25,47.314]]],[[[-3.247,47.316],[-3.247,47.316],[-3.247,47.316],[-3.247,47.316]]],[[[-3.245,47.317],[-3.245,47.317],[-3.245,47.317],[-3.245,47.317]]],[[[-3.245,47.319],[-3.245,47.319],[-3.245,47.319],[-3.245,47.319]]],[[[-3.244,47.329],[-3.243,47.329],[-3.244,47.329],[-3.244,47.329]]],[[[-3.254,47.337],[-3.254,47.336],[-3.254,47.336],[-3.254,47.337]]],[[[-3.255,47.339],[-3.254,47.339],[-3.254,47.339],[-3.255,47.339]]],[[[-3.259,47.35],[-3.26,47.35],[-3.26,47.35],[-3.259,47.35]]],[[[-3.263,47.36],[-3.264,47.36],[-3.263,47.36],[-3.263,47.36]]],[[[-3.263,47.367],[-3.262,47.367],[-3.264,47.367],[-3.263,47.367]]],[[[-3.262,47.367],[-3.262,47.367],[-3.262,47.367],[-3.262,47.367]]],[[[-3.252,47.38],[-3.251,47.381],[-3.251,47.38],[-3.252,47.38]]],[[[-3.25,47.384],[-3.25,47.384],[-3.25,47.384],[-3.25,47.384]]],[[[-3.25,47.386],[-3.25,47.386],[-3.25,47.386],[-3.25,47.386]]],[[[-3.251,47.387],[-3.251,47.386],[-3.252,47.386],[-3.251,47.387]]],[[[-3.254,47.388],[-3.254,47.388],[-3.254,47.388],[-3.254,47.388]]],[[[-3.251,47.387],[-3.252,47.39],[-3.249,47.389],[-3.251,47.387]]],[[[-3.252,47.39],[-3.252,47.391],[-3.252,47.39],[-3.252,47.39]]],[[[-3.443,47.623],[-3.443,47.622],[-3.443,47.622],[-3.443,47.623]]],[[[-3.433,47.623],[-3.433,47.623],[-3.433,47.623],[-3.433,47.623]]],[[[-3.443,47.624],[-3.443,47.623],[-3.443,47.624],[-3.443,47.624]]],[[[-3.486,47.629],[-3.487,47.629],[-3.486,47.629],[-3.486,47.629]]],[[[-3.515,47.648],[-3.497,47.654],[-3.436,47.645],[-3.417,47.634],[-3.418,47.626],[-3.423,47.62],[-3.439,47.629],[-3.463,47.62],[-3.515,47.648]]],[[[-3.295,47.7],[-3.297,47.7],[-3.298,47.701],[-3.298,47.701],[-3.295,47.7]]],[[[-3.312,47.702],[-3.309,47.703],[-3.308,47.701],[-3.312,47.702]]],[[[-3.313,47.705],[-3.315,47.702],[-3.318,47.705],[-3.313,47.705]]],[[[-3.358,47.702],[-3.358,47.703],[-3.358,47.702],[-3.358,47.702]]],[[[-3.36,47.725],[-3.357,47.728],[-3.359,47.724],[-3.36,47.725]]],[[[-3.505,47.734],[-3.505,47.734],[-3.506,47.734],[-3.505,47.734]]],[[[-3.504,47.735],[-3.506,47.735],[-3.504,47.735],[-3.504,47.735]]],[[[-3.16,47.293],[-3.16,47.292],[-3.16,47.292],[-3.16,47.293]]],[[[-3.214,47.292],[-3.214,47.291],[-3.214,47.292],[-3.214,47.292]]],[[[-3.195,47.294],[-3.195,47.292],[-3.197,47.293],[-3.195,47.294]]],[[[-3.214,47.292],[-3.215,47.292],[-3.214,47.292],[-3.214,47.292]]],[[[-3.218,47.293],[-3.218,47.292],[-3.219,47.293],[-3.218,47.293]]],[[[-3.183,47.295],[-3.183,47.295],[-3.184,47.295],[-3.183,47.295]]],[[[-3.216,47.294],[-3.216,47.294],[-3.216,47.293],[-3.216,47.294]]],[[[-3.22,47.293],[-3.22,47.294],[-3.22,47.293],[-3.22,47.293]]],[[[-3.213,47.294],[-3.213,47.294],[-3.213,47.294],[-3.213,47.294]]],[[[-3.22,47.294],[-3.22,47.294],[-3.22,47.294],[-3.22,47.294]]],[[[-3.167,47.298],[-3.167,47.298],[-3.167,47.298],[-3.167,47.298]]],[[[-3.225,47.295],[-3.224,47.295],[-3.226,47.295],[-3.225,47.295]]],[[[-3.228,47.297],[-3.225,47.296],[-3.228,47.296],[-3.228,47.297]]],[[[-3.179,47.299],[-3.18,47.299],[-3.18,47.299],[-3.179,47.299]]],[[[-3.229,47.296],[-3.23,47.296],[-3.229,47.297],[-3.229,47.296]]],[[[-3.176,47.3],[-3.176,47.3],[-3.176,47.3],[-3.176,47.3]]],[[[-3.235,47.3],[-3.234,47.299],[-3.235,47.299],[-3.235,47.3]]],[[[-3.229,47.3],[-3.229,47.3],[-3.228,47.3],[-3.229,47.3]]],[[[-3.227,47.3],[-3.228,47.3],[-3.227,47.3],[-3.227,47.3]]],[[[-3.229,47.3],[-3.229,47.3],[-3.229,47.3],[-3.229,47.3]]],[[[-3.229,47.301],[-3.229,47.301],[-3.228,47.3],[-3.229,47.301]]],[[[-3.234,47.301],[-3.234,47.3],[-3.235,47.301],[-3.234,47.301]]],[[[-3.239,47.324],[-3.24,47.324],[-3.239,47.324],[-3.239,47.324]]],[[[-3.238,47.324],[-3.237,47.325],[-3.237,47.324],[-3.238,47.324]]],[[[-3.24,47.327],[-3.24,47.327],[-3.24,47.327],[-3.24,47.327]]],[[[-3.148,47.333],[-3.097,47.315],[-3.069,47.317],[-3.057,47.31],[-3.093,47.278],[-3.095,47.284],[-3.119,47.291],[-3.143,47.287],[-3.138,47.289],[-3.139,47.293],[-3.159,47.292],[-3.167,47.302],[-3.222,47.294],[-3.226,47.304],[-3.236,47.301],[-3.239,47.31],[-3.247,47.312],[-3.236,47.326],[-3.243,47.332],[-3.249,47.331],[-3.253,47.349],[-3.264,47.352],[-3.256,47.369],[-3.263,47.372],[-3.246,47.371],[-3.249,47.388],[-3.236,47.378],[-3.219,47.379],[-3.222,47.369],[-3.218,47.363],[-3.217,47.374],[-3.173,47.36],[-3.17,47.362],[-3.16,47.362],[-3.157,47.365],[-3.151,47.347],[-3.152,47.349],[-3.159,47.348],[-3.164,47.345],[-3.151,47.347],[-3.148,47.333]]],[[[-3.164,47.362],[-3.164,47.362],[-3.164,47.362],[-3.164,47.362]]],[[[-3.176,47.363],[-3.176,47.363],[-3.175,47.363],[-3.176,47.363]]],[[[-3.218,47.378],[-3.217,47.378],[-3.218,47.378],[-3.218,47.378]]],[[[-3.228,47.379],[-3.228,47.379],[-3.229,47.379],[-3.228,47.379]]],[[[-3.233,47.38],[-3.233,47.379],[-3.233,47.38],[-3.233,47.38]]],[[[-3.243,47.387],[-3.242,47.387],[-3.242,47.387],[-3.243,47.387]]],[[[-3.177,47.55],[-3.177,47.55],[-3.177,47.551],[-3.177,47.55]]],[[[-3.199,47.608],[-3.198,47.608],[-3.198,47.608],[-3.199,47.608]]],[[[-3.213,47.665],[-3.212,47.666],[-3.212,47.665],[-3.213,47.665]]],[[[-3.197,47.678],[-3.198,47.678],[-3.198,47.678],[-3.197,47.678]]],[[[-3.199,47.678],[-3.199,47.678],[-3.199,47.678],[-3.199,47.678]]],[[[-3.197,47.681],[-3.198,47.681],[-3.198,47.682],[-3.197,47.681]]],[[[-3.1,47.283],[-3.1,47.283],[-3.1,47.283],[-3.1,47.283]]],[[[-3.108,47.287],[-3.108,47.287],[-3.108,47.287],[-3.108,47.287]]],[[[-3.144,47.286],[-3.144,47.287],[-3.143,47.286],[-3.144,47.286]]],[[[-3.119,47.289],[-3.12,47.29],[-3.119,47.29],[-3.119,47.289]]],[[[-3.123,47.329],[-3.123,47.33],[-3.122,47.329],[-3.123,47.329]]],[[[-2.961,47.352],[-2.961,47.353],[-2.961,47.352],[-2.961,47.352]]],[[[-2.973,47.357],[-2.969,47.357],[-2.97,47.355],[-2.973,47.357]]],[[[-2.956,47.377],[-2.957,47.376],[-2.956,47.377],[-2.956,47.377]]],[[[-2.963,47.383],[-2.963,47.383],[-2.962,47.384],[-2.963,47.383]]],[[[-2.992,47.395],[-2.991,47.403],[-2.968,47.393],[-2.939,47.393],[-2.954,47.385],[-2.949,47.379],[-2.95,47.375],[-2.959,47.384],[-2.992,47.395]]],[[[-2.999,47.394],[-2.995,47.395],[-2.997,47.393],[-2.999,47.394]]],[[[-2.998,47.399],[-2.997,47.399],[-2.998,47.398],[-2.998,47.399]]],[[[-2.994,47.402],[-2.994,47.402],[-2.994,47.402],[-2.994,47.402]]],[[[-2.995,47.402],[-2.995,47.402],[-2.995,47.402],[-2.995,47.402]]],[[[-3.004,47.408],[-3.005,47.408],[-3.005,47.408],[-3.004,47.408]]],[[[-3.008,47.411],[-3.008,47.411],[-3.008,47.412],[-3.008,47.411]]],[[[-3.016,47.411],[-3.014,47.412],[-3.013,47.411],[-3.016,47.411]]],[[[-3.025,47.417],[-3.026,47.416],[-3.027,47.416],[-3.025,47.417]]],[[[-3.068,47.466],[-3.066,47.465],[-3.068,47.465],[-3.068,47.466]]],[[[-3.077,47.467],[-3.076,47.466],[-3.077,47.466],[-3.077,47.467]]],[[[-3.134,47.475],[-3.135,47.475],[-3.134,47.475],[-3.134,47.475]]],[[[-3.151,47.502],[-3.151,47.502],[-3.151,47.502],[-3.151,47.502]]],[[[-3.156,47.51],[-3.157,47.51],[-3.156,47.51],[-3.156,47.51]]],[[[-3.152,47.512],[-3.152,47.512],[-3.152,47.513],[-3.152,47.512]]],[[[-3.152,47.513],[-3.152,47.513],[-3.152,47.513],[-3.152,47.513]]],[[[-3.153,47.518],[-3.153,47.518],[-3.153,47.518],[-3.153,47.518]]],[[[-3.146,47.534],[-3.146,47.533],[-3.147,47.534],[-3.146,47.534]]],[[[-2.975,47.563],[-2.975,47.563],[-2.976,47.563],[-2.975,47.563]]],[[[-3.163,47.553],[-3.164,47.553],[-3.163,47.554],[-3.163,47.553]]],[[[-3.166,47.557],[-3.164,47.555],[-3.164,47.555],[-3.166,47.557]]],[[[-3.044,47.573],[-3.045,47.574],[-3.045,47.574],[-3.044,47.573]]],[[[-3.184,47.611],[-3.183,47.611],[-3.184,47.611],[-3.184,47.611]]],[[[-3.178,47.684],[-3.178,47.685],[-3.178,47.684],[-3.178,47.684]]],[[[-3.179,47.686],[-3.179,47.686],[-3.179,47.686],[-3.179,47.686]]],[[[-3.176,47.686],[-3.175,47.686],[-3.176,47.685],[-3.176,47.686]]],[[[-3.188,47.686],[-3.187,47.686],[-3.188,47.686],[-3.188,47.686]]],[[[-3.173,47.687],[-3.17,47.686],[-3.171,47.686],[-3.173,47.687]]],[[[-3.18,47.687],[-3.177,47.687],[-3.178,47.686],[-3.18,47.687]]],[[[-2.835,47.324],[-2.835,47.324],[-2.835,47.324],[-2.835,47.324]]],[[[-2.835,47.325],[-2.835,47.325],[-2.835,47.325],[-2.835,47.325]]],[[[-2.835,47.326],[-2.835,47.325],[-2.837,47.326],[-2.835,47.326]]],[[[-2.836,47.327],[-2.836,47.327],[-2.836,47.327],[-2.836,47.327]]],[[[-2.882,47.331],[-2.881,47.33],[-2.882,47.33],[-2.882,47.331]]],[[[-2.862,47.336],[-2.861,47.336],[-2.862,47.336],[-2.862,47.336]]],[[[-2.892,47.338],[-2.892,47.338],[-2.892,47.338],[-2.892,47.338]]],[[[-2.89,47.347],[-2.876,47.343],[-2.864,47.349],[-2.861,47.341],[-2.885,47.332],[-2.89,47.347]]],[[[-2.891,47.347],[-2.89,47.347],[-2.891,47.347],[-2.891,47.347]]],[[[-2.947,47.369],[-2.946,47.369],[-2.947,47.369],[-2.947,47.369]]],[[[-2.946,47.373],[-2.947,47.372],[-2.948,47.371],[-2.946,47.373]]],[[[-2.949,47.374],[-2.949,47.374],[-2.949,47.374],[-2.949,47.374]]],[[[-2.948,47.375],[-2.949,47.374],[-2.949,47.375],[-2.948,47.375]]],[[[-2.937,47.389],[-2.938,47.389],[-2.938,47.389],[-2.937,47.389]]],[[[-2.943,47.397],[-2.942,47.397],[-2.942,47.397],[-2.943,47.397]]],[[[-2.95,47.403],[-2.95,47.404],[-2.949,47.403],[-2.95,47.403]]],[[[-2.949,47.528],[-2.946,47.529],[-2.945,47.53],[-2.946,47.528],[-2.949,47.528]]],[[[-2.848,47.554],[-2.845,47.56],[-2.843,47.561],[-2.844,47.555],[-2.848,47.554]]],[[[-2.831,47.561],[-2.831,47.557],[-2.833,47.559],[-2.831,47.561]]],[[[-2.85,47.563],[-2.849,47.56],[-2.851,47.562],[-2.85,47.563]]],[[[-2.886,47.566],[-2.884,47.564],[-2.888,47.563],[-2.886,47.566]]],[[[-2.973,47.564],[-2.974,47.563],[-2.974,47.564],[-2.973,47.564]]],[[[-2.897,47.568],[-2.897,47.569],[-2.896,47.569],[-2.897,47.568]]],[[[-2.889,47.565],[-2.889,47.571],[-2.887,47.572],[-2.889,47.565]]],[[[-2.921,47.57],[-2.921,47.569],[-2.921,47.569],[-2.921,47.57]]],[[[-2.911,47.575],[-2.906,47.568],[-2.908,47.567],[-2.911,47.575]]],[[[-2.896,47.573],[-2.898,47.577],[-2.897,47.577],[-2.896,47.573]]],[[[-2.923,47.575],[-2.921,47.573],[-2.921,47.572],[-2.924,47.574],[-2.923,47.575]]],[[[-2.87,47.578],[-2.866,47.578],[-2.869,47.577],[-2.87,47.578]]],[[[-2.892,47.577],[-2.885,47.582],[-2.89,47.575],[-2.892,47.577]]],[[[-2.913,47.579],[-2.914,47.578],[-2.914,47.58],[-2.913,47.579]]],[[[-2.93,47.581],[-2.926,47.579],[-2.929,47.577],[-2.93,47.581]]],[[[-2.86,47.56],[-2.855,47.6],[-2.838,47.607],[-2.841,47.594],[-2.824,47.589],[-2.847,47.59],[-2.856,47.573],[-2.848,47.568],[-2.86,47.56]]],[[[-2.936,47.582],[-2.938,47.582],[-2.937,47.583],[-2.936,47.582]]],[[[-2.933,47.585],[-2.928,47.586],[-2.929,47.584],[-2.933,47.585]]],[[[-2.963,47.59],[-2.963,47.59],[-2.963,47.59],[-2.963,47.59]]],[[[-2.852,47.611],[-2.846,47.612],[-2.847,47.61],[-2.852,47.611]]],[[[-2.53,48.157],[-2.489,48.155],[-2.487,48.167],[-2.472,48.16],[-2.453,48.163],[-2.449,48.173],[-2.419,48.173],[-2.375,48.14],[-2.376,48.127],[-2.358,48.111],[-2.349,48.127],[-2.337,48.119],[-2.322,48.123],[-2.317,48.136],[-2.284,48.133],[-2.254,48.107],[-2.248,48.085],[-2.256,48.063],[-2.235,48.063],[-2.237,48.075],[-2.22,48.081],[-2.171,48.079],[-2.17,48.063],[-2.189,48.053],[-2.242,48.053],[-2.264,48.04],[-2.28,48.026],[-2.275,48.011],[-2.289,48.001],[-2.288,47.992],[-2.237,48.0],[-2.192,47.991],[-2.179,47.98],[-2.144,47.984],[-2.126,47.964],[-2.111,47.96],[-2.098,47.933],[-2.078,47.919],[-2.086,47.904],[-2.106,47.902],[-2.101,47.896],[-2.116,47.89],[-2.116,47.879],[-2.096,47.862],[-2.11,47.849],[-2.091,47.843],[-2.069,47.852],[-2.055,47.869],[-2.052,47.841],[-2.035,47.833],[-2.049,47.817],[-2.07,47.812],[-2.074,47.789],[-2.128,47.769],[-2.127,47.761],[-2.084,47.763],[-2.084,47.75],[-2.062,47.751],[-2.058,47.743],[-2.107,47.737],[-2.131,47.722],[-2.119,47.708],[-2.122,47.683],[-2.104,47.676],[-2.114,47.648],[-2.096,47.647],[-2.094,47.64],[-2.105,47.638],[-2.084,47.618],[-2.086,47.604],[-2.103,47.593],[-2.099,47.533],[-2.156,47.522],[-2.154,47.496],[-2.164,47.489],[-2.192,47.497],[-2.185,47.512],[-2.215,47.508],[-2.244,47.494],[-2.266,47.502],[-2.255,47.512],[-2.281,47.51],[-2.299,47.516],[-2.317,47.461],[-2.353,47.454],[-2.368,47.464],[-2.404,47.457],[-2.417,47.461],[-2.423,47.477],[-2.453,47.462],[-2.459,47.448],[-2.48,47.441],[-2.501,47.458],[-2.488,47.471],[-2.499,47.495],[-2.466,47.487],[-2.426,47.494],[-2.423,47.486],[-2.424,47.492],[-2.406,47.489],[-2.393,47.501],[-2.386,47.497],[-2.387,47.51],[-2.408,47.499],[-2.41,47.507],[-2.413,47.497],[-2.439,47.498],[-2.467,47.512],[-2.502,47.514],[-2.518,47.527],[-2.535,47.524],[-2.535,47.529],[-2.55,47.511],[-2.597,47.518],[-2.608,47.508],[-2.632,47.505],[-2.64,47.516],[-2.663,47.519],[-2.681,47.497],[-2.675,47.492],[-2.726,47.507],[-2.782,47.495],[-2.794,47.484],[-2.816,47.487],[-2.85,47.499],[-2.847,47.512],[-2.874,47.534],[-2.904,47.534],[-2.891,47.545],[-2.909,47.541],[-2.919,47.548],[-2.908,47.55],[-2.915,47.556],[-2.908,47.563],[-2.897,47.563],[-2.894,47.555],[-2.881,47.564],[-2.878,47.555],[-2.867,47.559],[-2.87,47.553],[-2.858,47.551],[-2.863,47.542],[-2.854,47.536],[-2.844,47.539],[-2.854,47.542],[-2.848,47.548],[-2.839,47.544],[-2.827,47.55],[-2.829,47.543],[-2.818,47.542],[-2.823,47.557],[-2.806,47.556],[-2.799,47.537],[-2.8,47.548],[-2.788,47.553],[-2.775,47.538],[-2.764,47.539],[-2.767,47.544],[-2.761,47.537],[-2.73,47.543],[-2.729,47.568],[-2.714,47.58],[-2.721,47.591],[-2.731,47.594],[-2.718,47.592],[-2.718,47.599],[-2.731,47.606],[-2.732,47.599],[-2.78,47.622],[-2.736,47.614],[-2.745,47.632],[-2.748,47.621],[-2.761,47.641],[-2.764,47.632],[-2.78,47.632],[-2.782,47.621],[-2.801,47.617],[-2.813,47.622],[-2.835,47.613],[-2.833,47.62],[-2.87,47.621],[-2.856,47.615],[-2.868,47.607],[-2.863,47.597],[-2.887,47.604],[-2.89,47.582],[-2.906,47.582],[-2.912,47.592],[-2.919,47.582],[-2.927,47.602],[-2.937,47.597],[-2.934,47.587],[-2.937,47.586],[-2.95,47.607],[-2.949,47.621],[-2.935,47.625],[-2.959,47.627],[-2.955,47.639],[-2.968,47.639],[-2.964,47.646],[-2.977,47.66],[-2.971,47.633],[-2.963,47.634],[-2.953,47.613],[-2.972,47.607],[-2.954,47.597],[-2.961,47.594],[-2.965,47.588],[-2.928,47.554],[-2.952,47.556],[-2.957,47.565],[-2.962,47.554],[-2.975,47.558],[-2.977,47.563],[-2.968,47.56],[-2.971,47.57],[-2.991,47.581],[-2.995,47.591],[-2.988,47.566],[-2.994,47.572],[-3.007,47.568],[-3.025,47.592],[-3.018,47.567],[-3.041,47.579],[-3.053,47.578],[-3.053,47.569],[-3.079,47.571],[-3.096,47.564],[-3.106,47.577],[-3.092,47.574],[-3.092,47.58],[-3.129,47.598],[-3.131,47.575],[-3.115,47.577],[-3.134,47.543],[-3.127,47.513],[-3.118,47.497],[-3.079,47.469],[-3.109,47.471],[-3.118,47.479],[-3.131,47.473],[-3.146,47.483],[-3.153,47.52],[-3.162,47.53],[-3.147,47.53],[-3.135,47.544],[-3.14,47.58],[-3.16,47.608],[-3.197,47.624],[-3.21,47.64],[-3.207,47.665],[-3.187,47.661],[-3.209,47.67],[-3.188,47.677],[-3.186,47.688],[-3.183,47.682],[-3.162,47.68],[-3.151,47.693],[-3.167,47.696],[-3.199,47.687],[-3.216,47.696],[-3.211,47.684],[-3.198,47.683],[-3.206,47.672],[-3.217,47.674],[-3.211,47.654],[-3.214,47.644],[-3.294,47.688],[-3.342,47.696],[-3.361,47.686],[-3.353,47.701],[-3.345,47.696],[-3.327,47.702],[-3.281,47.686],[-3.29,47.708],[-3.293,47.703],[-3.312,47.706],[-3.31,47.71],[-3.355,47.703],[-3.365,47.711],[-3.353,47.709],[-3.343,47.716],[-3.348,47.735],[-3.322,47.735],[-3.306,47.748],[-3.296,47.771],[-3.287,47.768],[-3.282,47.776],[-3.292,47.79],[-3.276,47.794],[-3.276,47.798],[-3.295,47.794],[-3.287,47.772],[-3.3,47.775],[-3.316,47.757],[-3.326,47.759],[-3.322,47.749],[-3.333,47.743],[-3.347,47.742],[-3.354,47.76],[-3.365,47.761],[-3.35,47.744],[-3.361,47.745],[-3.35,47.742],[-3.359,47.729],[-3.369,47.732],[-3.368,47.716],[-3.391,47.701],[-3.427,47.705],[-3.446,47.696],[-3.461,47.698],[-3.53,47.766],[-3.519,47.803],[-3.536,47.813],[-3.541,47.829],[-3.529,47.846],[-3.519,47.849],[-3.522,47.84],[-3.488,47.824],[-3.475,47.836],[-3.458,47.837],[-3.448,47.864],[-3.419,47.869],[-3.398,47.863],[-3.405,47.902],[-3.419,47.905],[-3.405,47.906],[-3.409,47.916],[-3.387,47.926],[-3.402,47.943],[-3.392,47.957],[-3.415,47.975],[-3.445,47.959],[-3.46,47.961],[-3.467,47.945],[-3.481,47.952],[-3.491,47.975],[-3.519,47.976],[-3.532,47.989],[-3.546,47.987],[-3.558,47.994],[-3.584,47.984],[-3.596,47.991],[-3.619,47.982],[-3.641,47.985],[-3.665,48.023],[-3.664,48.037],[-3.671,48.037],[-3.673,48.059],[-3.709,48.067],[-3.698,48.069],[-3.704,48.087],[-3.695,48.094],[-3.733,48.096],[-3.735,48.113],[-3.709,48.136],[-3.715,48.143],[-3.57,48.185],[-3.536,48.178],[-3.477,48.186],[-3.47,48.177],[-3.453,48.177],[-3.445,48.187],[-3.42,48.174],[-3.439,48.16],[-3.417,48.146],[-3.402,48.157],[-3.393,48.152],[-3.374,48.165],[-3.337,48.172],[-3.323,48.149],[-3.298,48.156],[-3.283,48.141],[-3.241,48.152],[-3.211,48.142],[-3.215,48.154],[-3.192,48.165],[-3.175,48.159],[-3.159,48.168],[-3.155,48.158],[-3.139,48.164],[-3.131,48.2],[-3.108,48.208],[-3.092,48.202],[-3.079,48.211],[-3.036,48.204],[-3.029,48.196],[-3.015,48.198],[-3.012,48.172],[-2.995,48.171],[-3.0,48.161],[-2.941,48.172],[-2.892,48.165],[-2.882,48.153],[-2.852,48.141],[-2.804,48.145],[-2.782,48.121],[-2.773,48.087],[-2.754,48.116],[-2.704,48.112],[-2.677,48.131],[-2.661,48.131],[-2.65,48.098],[-2.673,48.064],[-2.67,48.048],[-2.659,48.045],[-2.657,48.033],[-2.645,48.042],[-2.645,48.035],[-2.628,48.034],[-2.59,48.056],[-2.578,48.072],[-2.564,48.067],[-2.547,48.077],[-2.555,48.099],[-2.534,48.107],[-2.514,48.132],[-2.53,48.157]]],[[[-2.49,47.44],[-2.49,47.439],[-2.491,47.44],[-2.49,47.44]]],[[[-2.495,47.45],[-2.495,47.45],[-2.495,47.45],[-2.495,47.45]]],[[[-2.682,47.491],[-2.683,47.492],[-2.683,47.492],[-2.682,47.491]]],[[[-2.55,47.51],[-2.549,47.51],[-2.55,47.51],[-2.55,47.51]]],[[[-2.745,47.553],[-2.746,47.553],[-2.745,47.553],[-2.745,47.553]]],[[[-2.737,47.554],[-2.735,47.554],[-2.737,47.554],[-2.737,47.554]]],[[[-2.732,47.558],[-2.732,47.559],[-2.731,47.559],[-2.732,47.558]]],[[[-2.786,47.557],[-2.787,47.558],[-2.787,47.558],[-2.786,47.557]]],[[[-2.787,47.563],[-2.787,47.562],[-2.787,47.563],[-2.787,47.563]]],[[[-2.808,47.564],[-2.803,47.563],[-2.805,47.561],[-2.808,47.564]]],[[[-2.794,47.567],[-2.789,47.562],[-2.795,47.564],[-2.794,47.567]]],[[[-2.81,47.564],[-2.809,47.564],[-2.808,47.564],[-2.81,47.564]]],[[[-2.731,47.572],[-2.733,47.571],[-2.733,47.572],[-2.731,47.572]]],[[[-2.754,47.572],[-2.755,47.573],[-2.754,47.572],[-2.754,47.572]]],[[[-2.744,47.573],[-2.744,47.574],[-2.743,47.574],[-2.744,47.573]]],[[[-2.786,47.569],[-2.794,47.579],[-2.791,47.58],[-2.786,47.569]]],[[[-2.748,47.575],[-2.748,47.577],[-2.747,47.579],[-2.748,47.575]]],[[[-2.739,47.584],[-2.724,47.577],[-2.727,47.573],[-2.739,47.584]]],[[[-2.72,47.584],[-2.72,47.584],[-2.72,47.584],[-2.72,47.584]]],[[[-2.722,47.588],[-2.722,47.587],[-2.722,47.587],[-2.722,47.588]]],[[[-2.828,47.585],[-2.827,47.585],[-2.828,47.584],[-2.828,47.585]]],[[[-2.828,47.586],[-2.83,47.587],[-2.828,47.587],[-2.828,47.586]]],[[[-2.764,47.593],[-2.763,47.591],[-2.765,47.591],[-2.764,47.593]]],[[[-2.776,47.594],[-2.777,47.593],[-2.777,47.593],[-2.776,47.594]]],[[[-2.809,47.578],[-2.813,47.599],[-2.798,47.597],[-2.793,47.607],[-2.789,47.594],[-2.788,47.594],[-2.784,47.592],[-2.783,47.593],[-2.778,47.592],[-2.775,47.594],[-2.778,47.586],[-2.79,47.594],[-2.809,47.578]]],[[[-2.729,47.596],[-2.731,47.596],[-2.731,47.597],[-2.729,47.596]]],[[[-2.775,47.596],[-2.776,47.595],[-2.778,47.595],[-2.775,47.596]]],[[[-2.726,47.6],[-2.722,47.6],[-2.724,47.599],[-2.726,47.6]]],[[[-2.817,47.6],[-2.817,47.6],[-2.816,47.6],[-2.817,47.6]]],[[[-2.821,47.599],[-2.823,47.6],[-2.821,47.6],[-2.821,47.599]]],[[[-2.768,47.611],[-2.753,47.607],[-2.753,47.602],[-2.77,47.606],[-2.768,47.611]]],[[[-2.831,47.607],[-2.833,47.606],[-2.831,47.607],[-2.831,47.607]]],[[[-2.806,47.609],[-2.8,47.608],[-2.806,47.608],[-2.806,47.609]]],[[[-2.817,47.613],[-2.817,47.611],[-2.818,47.611],[-2.817,47.613]]],[[[-2.786,47.616],[-2.784,47.618],[-2.781,47.616],[-2.779,47.615],[-2.775,47.615],[-2.774,47.613],[-2.786,47.616]]],[[[-2.815,47.614],[-2.816,47.615],[-2.814,47.615],[-2.815,47.614]]]],"type":"MultiPolygon"}},{"type":"Feature","properties":{"c":"01","n":"Ain","p":679344,"a":[5.2863,46.0675],"pt":{"30_27":[57,0,0,100],"10_27":[0,0,0,26],"30_40":[62,0,0,100],"10_40":[0,0,0,31]},"s3":{"30_27":0,"10_27":0,"30_40":0,"10_40":0},"s2":{"30_27":57,"10_27":0,"30_40":62,"10_40":0},"p3":{"30_27":1,"10_27":0,"30_40":0,"10_40":0}},"geometry":{"coordinates":[[[4.747,46.089],[4.803,46.156],[4.785,46.168],[4.78,46.189],[4.853,46.328],[4.852,46.356],[4.889,46.404],[4.892,46.441],[4.912,46.459],[4.915,46.489],[4.941,46.52],[4.955,46.512],[4.944,46.511],[4.95,46.5],[4.96,46.508],[4.97,46.506],[4.964,46.513],[4.984,46.515],[5.01,46.511],[5.029,46.492],[5.056,46.484],[5.076,46.486],[5.097,46.5],[5.114,46.493],[5.137,46.502],[5.136,46.509],[5.166,46.503],[5.168,46.519],[5.202,46.508],[5.215,46.469],[5.258,46.45],[5.315,46.445],[5.325,46.428],[5.307,46.422],[5.315,46.416],[5.299,46.413],[5.334,46.397],[5.341,46.402],[5.363,46.394],[5.378,46.382],[5.362,46.37],[5.377,46.364],[5.38,46.346],[5.402,46.339],[5.405,46.31],[5.424,46.348],[5.437,46.315],[5.467,46.323],[5.475,46.315],[5.457,46.275],[5.474,46.264],[5.542,46.27],[5.565,46.294],[5.596,46.296],[5.612,46.325],[5.632,46.331],[5.643,46.345],[5.644,46.325],[5.668,46.324],[5.685,46.311],[5.715,46.309],[5.725,46.261],[5.768,46.268],[5.853,46.261],[5.864,46.271],[5.869,46.265],[5.895,46.287],[5.909,46.284],[5.922,46.312],[5.941,46.309],[5.984,46.364],[6.029,46.386],[6.06,46.418],[6.098,46.409],[6.15,46.378],[6.159,46.38],[6.17,46.367],[6.12,46.313],[6.12,46.294],[6.102,46.285],[6.12,46.265],[6.121,46.248],[6.101,46.238],[6.088,46.247],[6.073,46.241],[6.063,46.246],[6.046,46.231],[6.034,46.239],[6.002,46.22],[5.99,46.222],[5.993,46.215],[5.975,46.215],[5.964,46.197],[5.995,46.182],[5.988,46.171],[5.982,46.173],[5.966,46.137],[5.947,46.128],[5.92,46.131],[5.893,46.119],[5.888,46.086],[5.858,46.086],[5.832,46.106],[5.82,46.104],[5.805,46.015],[5.809,45.989],[5.832,45.974],[5.835,45.951],[5.822,45.929],[5.826,45.902],[5.784,45.816],[5.784,45.746],[5.77,45.741],[5.777,45.727],[5.748,45.705],[5.7,45.71],[5.709,45.688],[5.685,45.666],[5.688,45.644],[5.652,45.636],[5.631,45.611],[5.604,45.634],[5.603,45.652],[5.586,45.667],[5.552,45.673],[5.547,45.699],[5.567,45.684],[5.574,45.695],[5.552,45.702],[5.547,45.713],[5.527,45.715],[5.518,45.731],[5.423,45.807],[5.421,45.821],[5.436,45.829],[5.414,45.852],[5.353,45.883],[5.302,45.849],[5.289,45.812],[5.272,45.793],[5.225,45.769],[5.192,45.772],[5.177,45.793],[5.125,45.812],[5.113,45.81],[5.112,45.798],[5.104,45.814],[5.014,45.805],[4.999,45.81],[4.918,45.807],[4.918,45.843],[4.901,45.856],[4.909,45.874],[4.884,45.88],[4.881,45.898],[4.872,45.894],[4.872,45.904],[4.849,45.913],[4.805,45.896],[4.808,45.921],[4.791,45.923],[4.777,45.939],[4.756,45.935],[4.728,45.945],[4.755,45.973],[4.739,46.046],[4.762,46.068],[4.747,46.089]]],"type":"Polygon"}},{"type":"Feature","properties":{"c":"77","n":"Seine-et-Marne","p":1468108,"a":[3.0426,48.6194],"pt":{"30_27":[0,48,86,0],"10_27":[0,0,0,0],"30_40":[0,7,18,0],"10_40":[0,0,0,0]},"s3":{"30_27":0,"10_27":0,"30_40":0,"10_40":0},"s2":{"30_27":47,"10_27":0,"30_40":4,"10_40":0},"p3":{"30_27":0,"10_27":0,"30_40":0,"10_40":0}},"geometry":{"coordinates":[[[3.226,48.37],[3.2,48.364],[3.175,48.377],[3.147,48.366],[3.138,48.372],[3.117,48.367],[3.103,48.349],[3.1,48.357],[3.08,48.361],[3.046,48.358],[3.036,48.338],[3.043,48.331],[3.015,48.306],[3.028,48.303],[3.019,48.295],[3.03,48.286],[3.025,48.276],[3.045,48.271],[3.047,48.25],[3.031,48.249],[3.004,48.207],[2.973,48.206],[2.971,48.194],[2.937,48.183],[2.937,48.163],[2.868,48.157],[2.821,48.13],[2.801,48.132],[2.798,48.151],[2.811,48.164],[2.795,48.169],[2.755,48.16],[2.737,48.166],[2.756,48.146],[2.721,48.137],[2.706,48.123],[2.677,48.126],[2.664,48.12],[2.639,48.139],[2.575,48.131],[2.571,48.141],[2.559,48.142],[2.538,48.141],[2.521,48.125],[2.476,48.13],[2.442,48.125],[2.483,48.165],[2.506,48.157],[2.517,48.167],[2.507,48.18],[2.513,48.193],[2.523,48.195],[2.519,48.228],[2.507,48.226],[2.506,48.239],[2.484,48.239],[2.469,48.255],[2.45,48.25],[2.424,48.26],[2.423,48.294],[2.392,48.336],[2.434,48.334],[2.429,48.347],[2.444,48.357],[2.43,48.362],[2.485,48.383],[2.474,48.39],[2.484,48.397],[2.503,48.393],[2.522,48.405],[2.547,48.402],[2.5,48.44],[2.502,48.485],[2.515,48.505],[2.509,48.517],[2.498,48.517],[2.511,48.543],[2.499,48.545],[2.519,48.57],[2.53,48.571],[2.518,48.585],[2.541,48.594],[2.544,48.604],[2.516,48.629],[2.542,48.633],[2.547,48.652],[2.533,48.657],[2.545,48.671],[2.557,48.676],[2.569,48.667],[2.571,48.675],[2.586,48.679],[2.568,48.709],[2.595,48.732],[2.585,48.742],[2.602,48.753],[2.597,48.761],[2.616,48.762],[2.607,48.774],[2.586,48.774],[2.6,48.795],[2.591,48.797],[2.595,48.821],[2.574,48.853],[2.588,48.864],[2.568,48.866],[2.571,48.88],[2.559,48.885],[2.587,48.894],[2.589,48.921],[2.603,48.938],[2.562,48.979],[2.579,48.979],[2.581,48.986],[2.565,49.006],[2.569,49.011],[2.541,49.011],[2.535,49.022],[2.566,49.029],[2.577,49.047],[2.595,49.047],[2.571,49.061],[2.633,49.109],[2.641,49.099],[2.678,49.088],[2.696,49.065],[2.724,49.081],[2.735,49.061],[2.778,49.07],[2.787,49.076],[2.769,49.083],[2.789,49.083],[2.784,49.089],[2.809,49.098],[2.822,49.086],[2.845,49.085],[2.856,49.07],[2.896,49.077],[2.902,49.085],[2.941,49.077],[2.946,49.088],[2.968,49.092],[2.975,49.074],[2.987,49.071],[2.991,49.084],[3.009,49.092],[3.066,49.085],[3.056,49.101],[3.071,49.118],[3.165,49.1],[3.153,49.083],[3.191,49.051],[3.177,49.03],[3.161,49.024],[3.167,49.012],[3.198,49.009],[3.209,48.994],[3.229,48.989],[3.231,48.977],[3.25,48.974],[3.265,48.939],[3.304,48.949],[3.313,48.921],[3.33,48.909],[3.36,48.918],[3.368,48.928],[3.381,48.872],[3.406,48.876],[3.404,48.864],[3.424,48.867],[3.433,48.86],[3.447,48.86],[3.446,48.843],[3.463,48.837],[3.47,48.851],[3.485,48.852],[3.487,48.815],[3.481,48.812],[3.47,48.821],[3.448,48.811],[3.416,48.818],[3.405,48.81],[3.423,48.801],[3.442,48.804],[3.443,48.786],[3.43,48.779],[3.408,48.784],[3.396,48.759],[3.408,48.752],[3.429,48.758],[3.439,48.739],[3.47,48.738],[3.464,48.707],[3.478,48.698],[3.441,48.664],[3.461,48.653],[3.451,48.635],[3.476,48.637],[3.492,48.647],[3.534,48.647],[3.519,48.633],[3.538,48.632],[3.559,48.618],[3.503,48.605],[3.516,48.59],[3.493,48.59],[3.465,48.57],[3.486,48.547],[3.482,48.541],[3.457,48.53],[3.414,48.533],[3.405,48.528],[3.435,48.497],[3.435,48.49],[3.384,48.48],[3.407,48.449],[3.392,48.423],[3.412,48.421],[3.403,48.415],[3.422,48.416],[3.415,48.39],[3.383,48.4],[3.367,48.394],[3.365,48.372],[3.351,48.379],[3.335,48.37],[3.312,48.377],[3.305,48.373],[3.283,48.382],[3.255,48.365],[3.226,48.37]]],"type":"Polygon"}},{"type":"Feature","properties":{"c":"59","n":"Nord","p":2615635,"a":[3.0869,50.5321],"pt":{"30_27":[0,0,0,0],"10_27":[0,0,0,0],"30_40":[0,0,0,0],"10_40":[0,0,0,0]},"s3":{"30_27":0,"10_27":0,"30_40":0,"10_40":0},"s2":{"30_27":0,"10_27":0,"30_40":0,"10_40":0},"p3":{"30_27":0,"10_27":0,"30_40":0,"10_40":0}},"geometry":{"coordinates":[[[[3.004,50.151],[3.04,50.152],[3.038,50.159],[3.061,50.167],[3.059,50.174],[3.093,50.171],[3.095,50.163],[3.068,50.147],[3.074,50.131],[3.037,50.131],[3.011,50.113],[2.994,50.137],[3.004,50.151]]],[[[3.816,50.039],[3.8,50.048],[3.751,50.051],[3.715,50.069],[3.66,50.051],[3.649,50.043],[3.662,50.039],[3.659,50.029],[3.641,50.039],[3.614,50.025],[3.595,50.044],[3.541,50.055],[3.544,50.046],[3.507,50.036],[3.491,50.019],[3.428,50.022],[3.377,50.037],[3.352,50.036],[3.337,50.017],[3.286,50.014],[3.258,50.032],[3.258,50.024],[3.227,50.033],[3.207,50.018],[3.173,50.011],[3.167,50.021],[3.147,50.018],[3.15,50.027],[3.118,50.026],[3.117,50.038],[3.083,50.057],[3.087,50.068],[3.098,50.068],[3.088,50.083],[3.103,50.079],[3.114,50.093],[3.105,50.116],[3.092,50.121],[3.136,50.143],[3.117,50.147],[3.101,50.162],[3.138,50.167],[3.156,50.182],[3.147,50.196],[3.131,50.2],[3.138,50.217],[3.179,50.219],[3.188,50.233],[3.147,50.246],[3.149,50.263],[3.141,50.265],[3.049,50.278],[3.034,50.266],[3.011,50.269],[3.016,50.284],[3.035,50.288],[3.055,50.282],[3.048,50.294],[3.054,50.302],[3.063,50.31],[3.069,50.305],[3.084,50.311],[3.05,50.344],[3.008,50.358],[2.979,50.404],[3.014,50.403],[3.039,50.423],[3.069,50.426],[3.082,50.444],[3.066,50.447],[3.069,50.458],[3.038,50.442],[3.016,50.442],[3.02,50.453],[3.007,50.457],[3.028,50.484],[2.965,50.513],[2.892,50.501],[2.88,50.516],[2.887,50.538],[2.826,50.525],[2.8,50.527],[2.794,50.549],[2.816,50.55],[2.817,50.564],[2.808,50.579],[2.789,50.583],[2.806,50.607],[2.843,50.63],[2.848,50.626],[2.87,50.631],[2.839,50.658],[2.81,50.669],[2.763,50.659],[2.759,50.651],[2.792,50.634],[2.786,50.628],[2.76,50.635],[2.746,50.605],[2.724,50.615],[2.713,50.632],[2.696,50.629],[2.674,50.638],[2.675,50.626],[2.631,50.618],[2.614,50.635],[2.595,50.631],[2.591,50.638],[2.577,50.631],[2.566,50.633],[2.564,50.625],[2.559,50.629],[2.545,50.625],[2.533,50.643],[2.497,50.631],[2.429,50.657],[2.403,50.682],[2.375,50.672],[2.364,50.685],[2.388,50.7],[2.351,50.72],[2.339,50.74],[2.411,50.767],[2.371,50.785],[2.364,50.78],[2.37,50.771],[2.313,50.787],[2.289,50.777],[2.288,50.787],[2.27,50.783],[2.213,50.811],[2.185,50.882],[2.123,50.981],[2.089,51.003],[2.103,51.006],[2.094,51.013],[2.091,51.016],[2.108,51.004],[2.144,51.022],[2.163,51.044],[2.209,51.032],[2.349,51.061],[2.344,51.053],[2.36,51.054],[2.375,51.042],[2.366,51.052],[2.424,51.056],[2.545,51.089],[2.563,51.065],[2.574,51.003],[2.607,50.991],[2.633,50.946],[2.59,50.919],[2.608,50.91],[2.613,50.868],[2.599,50.849],[2.617,50.848],[2.635,50.813],[2.656,50.814],[2.669,50.823],[2.679,50.813],[2.724,50.811],[2.73,50.788],[2.761,50.772],[2.757,50.763],[2.766,50.755],[2.783,50.752],[2.79,50.726],[2.819,50.716],[2.848,50.723],[2.87,50.703],[2.885,50.706],[2.906,50.692],[2.91,50.703],[2.929,50.709],[2.931,50.728],[2.945,50.732],[2.937,50.744],[2.951,50.752],[2.973,50.75],[3.015,50.774],[3.034,50.77],[3.055,50.781],[3.088,50.773],[3.113,50.795],[3.127,50.786],[3.15,50.79],[3.2,50.735],[3.191,50.726],[3.21,50.717],[3.205,50.712],[3.245,50.713],[3.261,50.701],[3.253,50.69],[3.265,50.677],[3.241,50.669],[3.24,50.659],[3.28,50.596],[3.285,50.562],[3.276,50.559],[3.289,50.526],[3.321,50.519],[3.33,50.508],[3.362,50.504],[3.376,50.491],[3.438,50.511],[3.449,50.507],[3.474,50.534],[3.52,50.524],[3.496,50.499],[3.501,50.487],[3.568,50.501],[3.585,50.491],[3.608,50.497],[3.643,50.463],[3.663,50.456],[3.675,50.402],[3.657,50.369],[3.675,50.333],[3.694,50.322],[3.684,50.32],[3.71,50.303],[3.72,50.305],[3.71,50.32],[3.732,50.312],[3.734,50.343],[3.747,50.351],[3.807,50.355],[3.815,50.345],[3.824,50.353],[3.847,50.353],[3.857,50.342],[3.887,50.341],[3.886,50.327],[3.901,50.327],[3.968,50.35],[3.966,50.341],[3.973,50.348],[3.986,50.342],[4.024,50.359],[4.036,50.344],[4.078,50.321],[4.079,50.31],[4.097,50.314],[4.118,50.303],[4.124,50.273],[4.136,50.275],[4.136,50.257],[4.168,50.259],[4.163,50.272],[4.149,50.276],[4.163,50.289],[4.176,50.284],[4.177,50.275],[4.208,50.273],[4.22,50.252],[4.182,50.232],[4.173,50.217],[4.15,50.214],[4.16,50.202],[4.148,50.174],[4.155,50.163],[4.127,50.136],[4.154,50.128],[4.157,50.135],[4.2,50.134],[4.197,50.106],[4.207,50.105],[4.202,50.1],[4.225,50.086],[4.231,50.071],[4.194,50.049],[4.162,50.049],[4.144,50.031],[4.136,50.015],[4.162,50.001],[4.154,49.985],[4.085,49.969],[4.084,49.979],[4.06,49.985],[4.032,49.982],[4.012,49.986],[4.005,49.996],[3.981,49.994],[3.996,50.028],[3.982,50.044],[3.95,50.027],[3.923,50.027],[3.893,50.009],[3.878,50.028],[3.887,50.03],[3.875,50.037],[3.849,50.039],[3.836,50.048],[3.816,50.039]]]],"type":"MultiPolygon"}},{"type":"Feature","properties":{"c":"91","n":"Essonne","p":1338485,"a":[2.2412,48.5311],"pt":{"30_27":[5,58,96,0],"10_27":[0,0,0,0],"30_40":[0,26,93,0],"10_40":[0,0,0,0]},"s3":{"30_27":4,"10_27":0,"30_40":0,"10_40":0},"s2":{"30_27":59,"10_27":0,"30_40":26,"10_40":0},"p3":{"30_27":18,"10_27":0,"30_40":0,"10_40":0}},"geometry":{"coordinates":[[[2.506,48.461],[2.498,48.457],[2.507,48.451],[2.504,48.43],[2.547,48.402],[2.522,48.405],[2.503,48.393],[2.484,48.397],[2.474,48.39],[2.485,48.383],[2.43,48.362],[2.444,48.357],[2.429,48.347],[2.434,48.334],[2.392,48.336],[2.403,48.321],[2.397,48.313],[2.358,48.308],[2.328,48.333],[2.313,48.331],[2.296,48.308],[2.267,48.315],[2.245,48.298],[2.252,48.317],[2.238,48.316],[2.246,48.331],[2.232,48.328],[2.204,48.345],[2.182,48.324],[2.181,48.311],[2.152,48.316],[2.164,48.298],[2.11,48.297],[2.114,48.307],[2.105,48.308],[2.089,48.295],[2.053,48.295],[2.041,48.285],[1.975,48.287],[1.982,48.295],[1.965,48.295],[1.959,48.309],[1.979,48.313],[1.974,48.323],[1.982,48.328],[1.968,48.341],[1.973,48.356],[1.989,48.364],[1.978,48.369],[1.98,48.378],[1.967,48.381],[1.978,48.402],[1.93,48.404],[1.926,48.413],[1.94,48.42],[1.943,48.441],[1.933,48.442],[1.915,48.469],[1.933,48.481],[1.946,48.518],[1.963,48.529],[1.977,48.525],[1.979,48.533],[1.952,48.539],[1.95,48.547],[1.941,48.543],[1.936,48.561],[1.968,48.56],[1.979,48.554],[2.017,48.558],[2.021,48.578],[2.036,48.59],[2.033,48.606],[2.055,48.608],[2.062,48.618],[2.035,48.632],[2.037,48.642],[2.016,48.641],[2.012,48.66],[2.028,48.657],[2.034,48.68],[2.046,48.687],[2.068,48.69],[2.08,48.685],[2.089,48.699],[2.097,48.694],[2.113,48.723],[2.098,48.735],[2.12,48.742],[2.135,48.738],[2.151,48.755],[2.161,48.75],[2.181,48.759],[2.19,48.754],[2.191,48.775],[2.21,48.769],[2.229,48.77],[2.227,48.776],[2.247,48.761],[2.269,48.762],[2.285,48.748],[2.275,48.741],[2.28,48.733],[2.302,48.741],[2.304,48.729],[2.314,48.73],[2.324,48.752],[2.357,48.738],[2.369,48.746],[2.371,48.72],[2.398,48.721],[2.402,48.727],[2.414,48.718],[2.44,48.725],[2.451,48.714],[2.448,48.723],[2.506,48.736],[2.531,48.7],[2.541,48.7],[2.554,48.688],[2.582,48.69],[2.586,48.679],[2.571,48.675],[2.57,48.667],[2.556,48.676],[2.535,48.662],[2.548,48.65],[2.541,48.632],[2.516,48.629],[2.544,48.604],[2.541,48.594],[2.518,48.585],[2.53,48.571],[2.519,48.57],[2.5,48.547],[2.511,48.543],[2.498,48.517],[2.509,48.517],[2.515,48.505],[2.502,48.485],[2.506,48.461]]],"type":"Polygon"}},{"type":"Feature","properties":{"c":"51","n":"Marne","p":563076,"a":[4.3091,48.9574],"pt":{"30_27":[0,2,0,0],"10_27":[0,0,0,0],"30_40":[0,0,0,0],"10_40":[0,0,0,0]},"s3":{"30_27":0,"10_27":0,"30_40":0,"10_40":0},"s2":{"30_27":0,"10_27":0,"30_40":0,"10_40":0},"p3":{"30_27":0,"10_27":0,"30_40":0,"10_40":0}},"geometry":{"coordinates":[[[4.772,48.652],[4.842,48.65],[4.854,48.635],[4.848,48.622],[4.857,48.612],[4.832,48.613],[4.804,48.597],[4.764,48.595],[4.776,48.566],[4.796,48.568],[4.783,48.554],[4.799,48.53],[4.718,48.542],[4.67,48.532],[4.638,48.542],[4.635,48.551],[4.643,48.554],[4.63,48.555],[4.569,48.549],[4.548,48.536],[4.545,48.525],[4.525,48.528],[4.529,48.541],[4.511,48.548],[4.495,48.539],[4.422,48.555],[4.331,48.602],[4.315,48.616],[4.335,48.632],[4.317,48.652],[4.329,48.656],[4.323,48.664],[4.334,48.675],[4.323,48.684],[4.329,48.696],[4.312,48.711],[4.299,48.715],[4.264,48.706],[4.243,48.717],[4.233,48.702],[4.165,48.708],[4.131,48.686],[4.078,48.702],[4.058,48.666],[4.03,48.66],[4.001,48.664],[3.985,48.653],[3.978,48.626],[3.968,48.632],[3.949,48.603],[3.916,48.607],[3.909,48.602],[3.899,48.575],[3.854,48.58],[3.865,48.569],[3.858,48.559],[3.866,48.538],[3.852,48.523],[3.825,48.515],[3.798,48.529],[3.766,48.528],[3.734,48.539],[3.704,48.533],[3.688,48.54],[3.661,48.534],[3.639,48.538],[3.627,48.577],[3.605,48.573],[3.593,48.588],[3.583,48.585],[3.581,48.605],[3.562,48.602],[3.548,48.627],[3.519,48.633],[3.534,48.647],[3.492,48.647],[3.476,48.637],[3.451,48.635],[3.461,48.653],[3.441,48.664],[3.478,48.698],[3.464,48.707],[3.47,48.738],[3.439,48.739],[3.429,48.758],[3.399,48.755],[3.408,48.784],[3.43,48.779],[3.442,48.782],[3.444,48.791],[3.442,48.804],[3.423,48.801],[3.405,48.809],[3.416,48.818],[3.448,48.811],[3.47,48.821],[3.481,48.812],[3.487,48.815],[3.481,48.866],[3.503,48.871],[3.529,48.912],[3.571,48.915],[3.575,48.94],[3.603,48.944],[3.591,48.96],[3.621,48.966],[3.64,49.004],[3.661,49.004],[3.678,49.014],[3.664,49.038],[3.65,49.043],[3.616,49.033],[3.588,49.034],[3.585,49.039],[3.588,49.059],[3.61,49.073],[3.625,49.071],[3.639,49.078],[3.612,49.118],[3.603,49.115],[3.6,49.121],[3.621,49.15],[3.686,49.154],[3.703,49.141],[3.749,49.157],[3.751,49.178],[3.725,49.173],[3.711,49.178],[3.697,49.188],[3.705,49.199],[3.697,49.207],[3.682,49.197],[3.68,49.206],[3.653,49.216],[3.652,49.222],[3.664,49.222],[3.678,49.235],[3.661,49.26],[3.653,49.254],[3.665,49.269],[3.652,49.278],[3.657,49.291],[3.638,49.301],[3.648,49.316],[3.699,49.332],[3.742,49.337],[3.741,49.348],[3.778,49.356],[3.824,49.357],[3.853,49.345],[3.859,49.354],[3.848,49.365],[3.856,49.364],[3.861,49.386],[3.84,49.391],[3.823,49.403],[3.88,49.405],[3.896,49.393],[3.925,49.408],[3.961,49.377],[3.995,49.378],[4.013,49.358],[4.036,49.36],[4.048,49.406],[4.145,49.404],[4.191,49.401],[4.201,49.384],[4.213,49.388],[4.248,49.382],[4.258,49.364],[4.277,49.352],[4.294,49.353],[4.288,49.349],[4.308,49.327],[4.344,49.324],[4.344,49.314],[4.376,49.324],[4.396,49.292],[4.447,49.273],[4.516,49.28],[4.568,49.297],[4.601,49.29],[4.592,49.273],[4.609,49.269],[4.617,49.238],[4.634,49.232],[4.67,49.241],[4.69,49.258],[4.704,49.251],[4.727,49.253],[4.745,49.241],[4.789,49.241],[4.815,49.25],[4.831,49.234],[4.866,49.227],[4.862,49.241],[4.883,49.257],[4.876,49.263],[4.892,49.258],[4.924,49.267],[4.916,49.261],[4.934,49.262],[4.921,49.252],[4.951,49.237],[4.971,49.236],[4.994,49.21],[4.94,49.185],[4.996,49.108],[5.006,49.059],[4.965,49.022],[5.009,49.035],[5.037,49.024],[5.032,49.0],[5.039,48.998],[5.005,48.993],[4.994,48.984],[5.039,48.974],[5.013,48.937],[4.959,48.926],[4.951,48.931],[4.912,48.899],[4.925,48.891],[4.912,48.868],[4.925,48.864],[4.937,48.843],[4.889,48.818],[4.897,48.809],[4.888,48.801],[4.921,48.789],[4.933,48.792],[4.982,48.745],[5.009,48.741],[5.004,48.72],[5.016,48.71],[4.997,48.71],[5.006,48.699],[4.989,48.693],[4.988,48.684],[4.951,48.689],[4.939,48.675],[4.911,48.689],[4.868,48.667],[4.823,48.673],[4.82,48.68],[4.798,48.678],[4.795,48.669],[4.782,48.67],[4.772,48.652]]],"type":"Polygon"}},{"type":"Feature","properties":{"c":"27","n":"Eure","p":602714,"a":[1.0007,49.0827],"pt":{"30_27":[0,18,0,0],"10_27":[0,0,0,0],"30_40":[0,4,0,0],"10_40":[0,0,0,0]},"s3":{"30_27":0,"10_27":0,"30_40":0,"10_40":0},"s2":{"30_27":0,"10_27":0,"30_40":0,"10_40":0},"p3":{"30_27":0,"10_27":0,"30_40":0,"10_40":0}},"geometry":{"coordinates":[[[0.649,49.409],[0.705,49.402],[0.708,49.411],[0.739,49.408],[0.767,49.42],[0.783,49.411],[0.798,49.418],[0.805,49.412],[0.803,49.428],[0.823,49.396],[0.878,49.396],[0.874,49.391],[0.886,49.383],[0.879,49.373],[0.918,49.385],[0.931,49.344],[0.921,49.338],[0.86,49.347],[0.844,49.325],[0.863,49.328],[0.892,49.314],[0.899,49.319],[0.892,49.303],[0.901,49.297],[0.91,49.299],[0.907,49.308],[0.94,49.323],[0.95,49.297],[0.971,49.285],[0.95,49.28],[0.956,49.271],[0.974,49.281],[0.989,49.268],[0.985,49.261],[1.007,49.265],[0.992,49.258],[1.005,49.251],[1.015,49.253],[1.004,49.256],[1.016,49.253],[1.016,49.259],[1.049,49.263],[1.063,49.259],[1.052,49.273],[1.069,49.277],[1.048,49.298],[1.086,49.31],[1.134,49.31],[1.135,49.325],[1.163,49.343],[1.169,49.336],[1.182,49.344],[1.203,49.337],[1.199,49.351],[1.21,49.353],[1.272,49.346],[1.272,49.357],[1.287,49.363],[1.285,49.388],[1.308,49.395],[1.313,49.415],[1.315,49.408],[1.309,49.429],[1.337,49.428],[1.337,49.439],[1.351,49.438],[1.343,49.447],[1.371,49.451],[1.386,49.463],[1.384,49.448],[1.401,49.457],[1.476,49.452],[1.504,49.438],[1.53,49.442],[1.537,49.43],[1.547,49.441],[1.576,49.44],[1.605,49.412],[1.628,49.415],[1.657,49.399],[1.68,49.406],[1.695,49.395],[1.704,49.411],[1.716,49.403],[1.74,49.406],[1.72,49.395],[1.761,49.366],[1.758,49.357],[1.774,49.337],[1.772,49.291],[1.798,49.288],[1.794,49.274],[1.803,49.272],[1.79,49.247],[1.767,49.252],[1.759,49.272],[1.709,49.265],[1.699,49.247],[1.704,49.229],[1.674,49.212],[1.67,49.17],[1.651,49.139],[1.658,49.132],[1.63,49.11],[1.617,49.094],[1.623,49.086],[1.61,49.078],[1.605,49.085],[1.558,49.069],[1.541,49.074],[1.523,49.068],[1.518,49.079],[1.508,49.085],[1.514,49.079],[1.502,49.059],[1.479,49.052],[1.462,49.064],[1.447,49.054],[1.458,49.026],[1.48,49.007],[1.472,48.99],[1.461,48.989],[1.471,48.975],[1.508,48.984],[1.518,48.978],[1.492,48.965],[1.501,48.951],[1.511,48.954],[1.499,48.939],[1.461,48.938],[1.46,48.928],[1.448,48.925],[1.461,48.9],[1.472,48.897],[1.461,48.873],[1.404,48.861],[1.361,48.833],[1.356,48.817],[1.377,48.792],[1.375,48.781],[1.353,48.779],[1.328,48.76],[1.297,48.768],[1.257,48.758],[1.244,48.77],[1.223,48.767],[1.233,48.763],[1.223,48.758],[1.187,48.773],[1.162,48.769],[1.158,48.769],[1.152,48.786],[1.121,48.789],[1.128,48.766],[1.118,48.766],[1.114,48.746],[1.087,48.757],[1.07,48.749],[1.064,48.759],[1.035,48.741],[1.034,48.729],[1.021,48.735],[1.017,48.728],[0.991,48.726],[0.978,48.731],[0.947,48.713],[0.921,48.709],[0.899,48.711],[0.89,48.72],[0.873,48.713],[0.864,48.688],[0.841,48.678],[0.827,48.681],[0.815,48.67],[0.792,48.674],[0.78,48.666],[0.762,48.68],[0.767,48.697],[0.729,48.707],[0.759,48.72],[0.775,48.737],[0.749,48.761],[0.759,48.768],[0.732,48.786],[0.689,48.794],[0.608,48.833],[0.636,48.854],[0.609,48.853],[0.602,48.863],[0.615,48.878],[0.59,48.873],[0.596,48.888],[0.578,48.894],[0.551,48.874],[0.495,48.879],[0.463,48.888],[0.453,48.879],[0.443,48.883],[0.45,48.891],[0.421,48.887],[0.421,48.899],[0.386,48.91],[0.391,48.928],[0.431,48.967],[0.425,48.985],[0.446,49.019],[0.428,49.032],[0.39,49.034],[0.379,49.051],[0.367,49.052],[0.391,49.078],[0.418,49.074],[0.416,49.088],[0.398,49.09],[0.415,49.095],[0.399,49.099],[0.401,49.111],[0.408,49.128],[0.425,49.13],[0.433,49.141],[0.386,49.154],[0.395,49.21],[0.338,49.231],[0.32,49.248],[0.383,49.264],[0.384,49.286],[0.362,49.297],[0.343,49.296],[0.326,49.278],[0.309,49.283],[0.323,49.297],[0.316,49.311],[0.298,49.314],[0.326,49.34],[0.302,49.37],[0.309,49.39],[0.297,49.43],[0.337,49.434],[0.338,49.445],[0.41,49.452],[0.503,49.485],[0.523,49.479],[0.592,49.43],[0.614,49.43],[0.643,49.444],[0.649,49.44],[0.649,49.438],[0.636,49.437],[0.63,49.423],[0.645,49.426],[0.64,49.418],[0.652,49.422],[0.66,49.416],[0.649,49.409]]],"type":"Polygon"}},{"type":"Feature","properties":{"c":"65","n":"Hautes-Pyrénées","p":231349,"a":[0.1616,43.1441],"pt":{"30_27":[18,0,0,71],"10_27":[0,0,0,24],"30_40":[24,0,0,70],"10_40":[0,0,0,24]},"s3":{"30_27":0,"10_27":0,"30_40":0,"10_40":0},"s2":{"30_27":0,"10_27":0,"30_40":0,"10_40":0},"p3":{"30_27":0,"10_27":0,"30_40":0,"10_40":0}},"geometry":{"coordinates":[[[[0.445,43.341],[0.494,43.325],[0.508,43.334],[0.551,43.33],[0.636,43.301],[0.635,43.294],[0.616,43.289],[0.614,43.277],[0.597,43.274],[0.55,43.236],[0.573,43.233],[0.574,43.22],[0.552,43.209],[0.518,43.213],[0.506,43.198],[0.527,43.199],[0.522,43.192],[0.442,43.131],[0.464,43.118],[0.453,43.111],[0.489,43.115],[0.503,43.106],[0.501,43.096],[0.533,43.094],[0.532,43.083],[0.564,43.074],[0.553,43.066],[0.567,43.037],[0.538,43.042],[0.528,43.005],[0.542,43.001],[0.567,43.021],[0.592,43.022],[0.593,43.035],[0.608,43.034],[0.628,42.998],[0.611,42.988],[0.618,42.974],[0.646,42.96],[0.6,42.927],[0.576,42.871],[0.562,42.861],[0.534,42.861],[0.477,42.878],[0.472,42.859],[0.46,42.852],[0.467,42.847],[0.455,42.817],[0.464,42.804],[0.455,42.772],[0.463,42.743],[0.449,42.734],[0.485,42.71],[0.482,42.703],[0.462,42.693],[0.422,42.69],[0.395,42.699],[0.393,42.713],[0.36,42.724],[0.325,42.705],[0.321,42.683],[0.295,42.673],[0.264,42.693],[0.26,42.716],[0.226,42.718],[0.176,42.737],[0.162,42.723],[0.137,42.722],[0.132,42.715],[0.107,42.71],[0.084,42.716],[0.059,42.697],[0.015,42.702],[0.005,42.687],[-0.016,42.685],[-0.062,42.695],[-0.069,42.718],[-0.107,42.721],[-0.123,42.752],[-0.15,42.769],[-0.161,42.798],[-0.176,42.786],[-0.189,42.787],[-0.239,42.809],[-0.243,42.823],[-0.255,42.819],[-0.277,42.836],[-0.308,42.843],[-0.307,42.87],[-0.327,42.917],[-0.281,42.934],[-0.291,42.961],[-0.288,43.006],[-0.259,43.014],[-0.261,43.039],[-0.224,43.034],[-0.182,43.053],[-0.199,43.064],[-0.186,43.084],[-0.198,43.098],[-0.194,43.115],[-0.175,43.11],[-0.166,43.122],[-0.146,43.128],[-0.118,43.18],[-0.106,43.167],[-0.098,43.167],[-0.095,43.177],[-0.068,43.177],[-0.074,43.223],[-0.05,43.217],[-0.017,43.272],[-0.044,43.286],[-0.045,43.304],[-0.026,43.33],[-0.002,43.332],[0.01,43.325],[0.03,43.346],[0.006,43.363],[0.006,43.371],[-0.006,43.373],[0.01,43.422],[-0.005,43.432],[-0.001,43.445],[-0.016,43.444],[-0.025,43.43],[-0.032,43.434],[-0.044,43.41],[-0.067,43.41],[-0.051,43.419],[-0.071,43.435],[-0.065,43.464],[-0.019,43.465],[-0.017,43.472],[-0.035,43.475],[-0.034,43.488],[-0.05,43.492],[-0.04,43.513],[-0.066,43.548],[-0.094,43.544],[-0.089,43.557],[-0.097,43.59],[-0.077,43.59],[-0.074,43.606],[-0.045,43.613],[-0.039,43.606],[-0.015,43.606],[-0.003,43.566],[0.01,43.56],[0.016,43.543],[0.029,43.545],[0.043,43.535],[0.053,43.517],[0.081,43.524],[0.09,43.51],[0.117,43.515],[0.135,43.466],[0.15,43.466],[0.166,43.445],[0.138,43.434],[0.132,43.424],[0.153,43.399],[0.174,43.403],[0.182,43.371],[0.2,43.376],[0.206,43.368],[0.232,43.368],[0.298,43.389],[0.308,43.367],[0.327,43.373],[0.332,43.343],[0.389,43.356],[0.399,43.35],[0.398,43.333],[0.443,43.328],[0.445,43.341]]],[[[-0.141,43.272],[-0.112,43.311],[-0.089,43.301],[-0.096,43.286],[-0.079,43.272],[-0.103,43.243],[-0.122,43.241],[-0.141,43.272]]],[[[-0.069,43.312],[-0.111,43.312],[-0.116,43.327],[-0.11,43.338],[-0.087,43.335],[-0.09,43.359],[-0.107,43.365],[-0.094,43.374],[-0.082,43.371],[-0.063,43.35],[-0.069,43.312]]]],"type":"MultiPolygon"}},{"type":"Feature","properties":{"c":"52","n":"Haute-Marne","p":168331,"a":[5.252,48.1311],"pt":{"30_27":[0,0,0,0],"10_27":[0,0,0,0],"30_40":[0,0,0,0],"10_40":[0,0,0,0]},"s3":{"30_27":0,"10_27":0,"30_40":0,"10_40":0},"s2":{"30_27":0,"10_27":0,"30_40":0,"10_40":0},"p3":{"30_27":0,"10_27":0,"30_40":0,"10_40":0}},"geometry":{"coordinates":[[[4.773,48.652],[4.782,48.67],[4.795,48.669],[4.811,48.68],[4.856,48.667],[4.911,48.689],[4.939,48.675],[4.951,48.689],[5.005,48.682],[5.011,48.668],[4.993,48.658],[5.006,48.634],[4.995,48.622],[5.002,48.613],[5.033,48.613],[5.054,48.634],[5.07,48.596],[5.119,48.596],[5.118,48.584],[5.146,48.56],[5.167,48.565],[5.212,48.529],[5.227,48.532],[5.296,48.508],[5.306,48.516],[5.329,48.51],[5.358,48.478],[5.398,48.474],[5.409,48.445],[5.433,48.432],[5.439,48.435],[5.451,48.423],[5.468,48.424],[5.42,48.395],[5.394,48.392],[5.407,48.383],[5.443,48.379],[5.419,48.361],[5.426,48.331],[5.481,48.357],[5.523,48.348],[5.537,48.318],[5.588,48.274],[5.613,48.291],[5.654,48.269],[5.642,48.242],[5.677,48.229],[5.688,48.234],[5.718,48.214],[5.731,48.19],[5.702,48.19],[5.68,48.179],[5.685,48.147],[5.657,48.121],[5.671,48.108],[5.648,48.104],[5.63,48.084],[5.656,48.069],[5.658,48.086],[5.696,48.078],[5.699,48.067],[5.716,48.061],[5.721,48.044],[5.741,48.05],[5.764,48.03],[5.777,48.034],[5.795,47.998],[5.778,47.978],[5.787,47.953],[5.805,47.947],[5.815,47.957],[5.832,47.958],[5.846,47.976],[5.853,47.95],[5.881,47.933],[5.891,47.911],[5.882,47.9],[5.849,47.905],[5.821,47.869],[5.828,47.858],[5.818,47.852],[5.829,47.857],[5.828,47.852],[5.796,47.847],[5.799,47.856],[5.761,47.859],[5.744,47.849],[5.751,47.829],[5.742,47.819],[5.7,47.824],[5.69,47.819],[5.676,47.779],[5.68,47.77],[5.708,47.768],[5.71,47.745],[5.692,47.737],[5.696,47.725],[5.685,47.722],[5.691,47.685],[5.597,47.672],[5.585,47.7],[5.568,47.707],[5.53,47.673],[5.483,47.685],[5.444,47.671],[5.42,47.678],[5.406,47.673],[5.398,47.649],[5.406,47.647],[5.386,47.635],[5.372,47.618],[5.374,47.604],[5.359,47.594],[5.342,47.595],[5.345,47.605],[5.322,47.612],[5.281,47.593],[5.278,47.582],[5.256,47.577],[5.238,47.597],[5.259,47.622],[5.237,47.617],[5.212,47.641],[5.174,47.652],[5.178,47.681],[5.162,47.68],[5.139,47.651],[5.125,47.647],[5.109,47.65],[5.102,47.66],[5.078,47.66],[5.079,47.668],[5.053,47.668],[5.044,47.677],[5.061,47.695],[5.029,47.693],[5.029,47.71],[5.005,47.701],[4.995,47.689],[4.969,47.686],[4.972,47.691],[4.954,47.703],[4.972,47.73],[4.97,47.736],[4.957,47.732],[4.966,47.741],[4.959,47.762],[4.946,47.767],[4.922,47.759],[4.918,47.777],[4.982,47.8],[4.994,47.82],[4.961,47.839],[4.954,47.867],[4.927,47.872],[4.927,47.889],[4.903,47.921],[4.869,47.918],[4.86,47.896],[4.833,47.907],[4.831,47.918],[4.847,47.921],[4.866,47.941],[4.858,47.952],[4.845,47.961],[4.787,47.964],[4.795,47.984],[4.811,47.989],[4.793,47.997],[4.793,48.006],[4.72,48.009],[4.705,48.027],[4.723,48.046],[4.69,48.073],[4.658,48.079],[4.705,48.089],[4.704,48.1],[4.724,48.106],[4.732,48.119],[4.834,48.105],[4.829,48.129],[4.852,48.143],[4.837,48.152],[4.837,48.168],[4.865,48.199],[4.862,48.211],[4.835,48.221],[4.854,48.229],[4.848,48.239],[4.839,48.237],[4.845,48.257],[4.862,48.266],[4.843,48.283],[4.851,48.296],[4.826,48.302],[4.814,48.323],[4.84,48.342],[4.755,48.367],[4.76,48.388],[4.747,48.392],[4.705,48.391],[4.708,48.401],[4.68,48.417],[4.69,48.425],[4.678,48.441],[4.636,48.456],[4.627,48.468],[4.653,48.471],[4.657,48.505],[4.677,48.518],[4.675,48.538],[4.718,48.542],[4.799,48.53],[4.783,48.554],[4.796,48.568],[4.776,48.566],[4.764,48.595],[4.804,48.597],[4.832,48.613],[4.857,48.612],[4.848,48.622],[4.854,48.635],[4.842,48.65],[4.773,48.652]]],"type":"Polygon"}},{"type":"Feature","properties":{"c":"11","n":"Aude","p":379648,"a":[2.5134,43.0557],"pt":{"30_27":[83,72,82,70],"10_27":[59,35,69,28],"30_40":[87,78,85,69],"10_40":[68,48,72,31]},"s3":{"30_27":77,"10_27":36,"30_40":83,"10_40":47},"s2":{"30_27":85,"10_27":62,"30_40":89,"10_40":69},"p3":{"30_27":90,"10_27":55,"30_40":96,"10_40":63}},"geometry":{"coordinates":[[[1.851,43.146],[1.793,43.159],[1.783,43.152],[1.781,43.16],[1.745,43.176],[1.743,43.183],[1.711,43.187],[1.708,43.198],[1.726,43.212],[1.724,43.224],[1.702,43.24],[1.706,43.246],[1.695,43.247],[1.703,43.257],[1.688,43.274],[1.716,43.295],[1.704,43.303],[1.736,43.314],[1.723,43.342],[1.733,43.335],[1.751,43.35],[1.773,43.337],[1.782,43.346],[1.814,43.341],[1.817,43.35],[1.802,43.366],[1.811,43.382],[1.803,43.393],[1.826,43.395],[1.817,43.411],[1.828,43.419],[1.842,43.415],[1.843,43.433],[1.858,43.444],[1.897,43.418],[1.905,43.408],[1.896,43.397],[1.905,43.393],[1.919,43.421],[1.934,43.425],[1.949,43.419],[1.954,43.426],[1.988,43.407],[2.021,43.423],[2.037,43.422],[2.029,43.437],[2.053,43.43],[2.073,43.395],[2.109,43.394],[2.17,43.417],[2.187,43.394],[2.215,43.382],[2.23,43.405],[2.223,43.432],[2.258,43.46],[2.282,43.441],[2.304,43.448],[2.397,43.417],[2.428,43.436],[2.452,43.432],[2.491,43.438],[2.519,43.424],[2.566,43.423],[2.595,43.409],[2.555,43.388],[2.557,43.366],[2.54,43.346],[2.549,43.336],[2.586,43.333],[2.601,43.298],[2.617,43.284],[2.632,43.298],[2.659,43.293],[2.689,43.323],[2.707,43.294],[2.699,43.28],[2.736,43.268],[2.752,43.255],[2.772,43.258],[2.788,43.272],[2.791,43.293],[2.818,43.31],[2.806,43.32],[2.869,43.33],[2.876,43.34],[2.855,43.373],[2.869,43.383],[2.869,43.374],[2.89,43.366],[2.893,43.343],[2.884,43.335],[2.892,43.327],[2.914,43.32],[2.921,43.326],[2.946,43.312],[3.004,43.32],[3.011,43.274],[3.026,43.282],[3.054,43.28],[3.079,43.261],[3.111,43.253],[3.12,43.261],[3.142,43.259],[3.144,43.247],[3.157,43.242],[3.199,43.25],[3.226,43.22],[3.236,43.216],[3.24,43.213],[3.24,43.211],[3.184,43.169],[3.179,43.173],[3.185,43.168],[3.144,43.133],[3.133,43.111],[3.123,43.11],[3.071,43.035],[3.068,43.026],[3.08,43.022],[3.083,43.012],[3.068,43.026],[3.067,43.015],[3.077,43.012],[3.065,43.013],[3.057,43.002],[3.039,42.94],[3.04,42.93],[3.061,42.918],[3.053,42.874],[3.047,42.882],[3.049,42.873],[3.04,42.873],[3.031,42.861],[3.036,42.856],[3.041,42.869],[3.054,42.874],[3.044,42.838],[2.985,42.867],[2.882,42.9],[2.865,42.919],[2.789,42.896],[2.762,42.874],[2.754,42.852],[2.737,42.836],[2.681,42.831],[2.552,42.847],[2.517,42.842],[2.502,42.852],[2.452,42.837],[2.382,42.849],[2.337,42.841],[2.319,42.824],[2.332,42.82],[2.333,42.802],[2.344,42.801],[2.356,42.727],[2.297,42.701],[2.265,42.709],[2.246,42.681],[2.176,42.649],[2.165,42.666],[2.176,42.682],[2.168,42.696],[2.147,42.701],[2.14,42.712],[2.092,42.735],[2.086,42.752],[2.057,42.756],[2.004,42.733],[1.951,42.737],[1.946,42.746],[1.913,42.758],[1.909,42.769],[1.929,42.775],[1.896,42.808],[1.86,42.82],[1.876,42.84],[1.876,42.853],[1.946,42.856],[1.987,42.871],[1.981,42.879],[1.985,42.903],[1.992,42.905],[1.981,42.93],[1.934,42.939],[1.936,42.949],[1.958,42.964],[1.995,42.953],[2.006,42.963],[1.985,42.967],[1.987,43.003],[1.97,43.008],[1.986,43.023],[1.985,43.033],[1.973,43.047],[1.941,43.053],[1.943,43.067],[1.964,43.069],[1.949,43.081],[1.956,43.085],[1.949,43.121],[1.914,43.134],[1.902,43.13],[1.894,43.115],[1.891,43.125],[1.881,43.127],[1.881,43.148],[1.857,43.144],[1.852,43.161],[1.842,43.155],[1.851,43.146]]],"type":"Polygon"}},{"type":"Feature","properties":{"c":"92","n":"Hauts-de-Seine","p":1654712,"a":[2.1988,48.8395],"pt":{"30_27":[52,42,100,0],"10_27":[0,0,0,0],"30_40":[10,0,0,0],"10_40":[0,0,0,0]},"s3":{"30_27":4,"10_27":0,"30_40":0,"10_40":0},"s2":{"30_27":92,"10_27":0,"30_40":0,"10_40":0},"p3":{"30_27":7,"10_27":0,"30_40":0,"10_40":0}},"geometry":{"coordinates":[[[2.177,48.814],[2.152,48.817],[2.146,48.836],[2.151,48.848],[2.16,48.848],[2.15,48.857],[2.157,48.87],[2.148,48.869],[2.168,48.895],[2.269,48.947],[2.291,48.951],[2.332,48.944],[2.334,48.929],[2.314,48.914],[2.32,48.9],[2.28,48.879],[2.246,48.876],[2.224,48.856],[2.252,48.845],[2.268,48.828],[2.279,48.832],[2.332,48.818],[2.318,48.808],[2.326,48.808],[2.319,48.788],[2.327,48.779],[2.309,48.755],[2.321,48.749],[2.314,48.73],[2.304,48.729],[2.302,48.741],[2.28,48.733],[2.275,48.741],[2.285,48.748],[2.276,48.757],[2.233,48.766],[2.223,48.786],[2.207,48.785],[2.212,48.791],[2.203,48.798],[2.183,48.797],[2.177,48.814]]],"type":"Polygon"}},{"type":"Feature","properties":{"c":"2A","n":"Corse-du-Sud","p":168306,"a":[9.0077,41.8667],"pt":{"30_27":[82,93,93,100],"10_27":[73,71,83,43],"30_40":[81,91,97,100],"10_40":[34,59,83,41]},"s3":{"30_27":86,"10_27":73,"30_40":90,"10_40":32},"s2":{"30_27":99,"10_27":83,"30_40":98,"10_40":82},"p3":{"30_27":99,"10_27":97,"30_40":99,"10_40":20}},"geometry":{"coordinates":[[[[9.02,41.46],[9.021,41.461],[9.021,41.46],[9.02,41.46]]],[[[8.902,41.508],[8.903,41.508],[8.902,41.508],[8.902,41.508]]],[[[8.787,41.556],[8.788,41.557],[8.788,41.556],[8.787,41.556]]],[[[8.788,41.557],[8.789,41.557],[8.789,41.557],[8.788,41.557]]],[[[8.787,41.562],[8.787,41.562],[8.787,41.562],[8.787,41.562]]],[[[8.783,41.566],[8.785,41.567],[8.785,41.565],[8.783,41.566]]],[[[8.775,41.589],[8.776,41.589],[8.776,41.588],[8.775,41.589]]],[[[8.744,41.811],[8.745,41.813],[8.747,41.811],[8.744,41.811]]],[[[8.783,41.83],[8.784,41.83],[8.784,41.83],[8.783,41.83]]],[[[8.586,41.876],[8.586,41.876],[8.585,41.876],[8.586,41.876]]],[[[8.586,41.875],[8.596,41.882],[8.598,41.882],[8.594,41.874],[8.586,41.875]]],[[[8.598,41.882],[8.599,41.883],[8.6,41.882],[8.598,41.882]]],[[[8.6,41.886],[8.602,41.886],[8.601,41.885],[8.6,41.886]]],[[[9.219,41.987],[9.227,41.972],[9.215,41.942],[9.231,41.933],[9.213,41.916],[9.248,41.91],[9.252,41.899],[9.227,41.855],[9.237,41.846],[9.245,41.85],[9.269,41.84],[9.301,41.845],[9.308,41.833],[9.317,41.832],[9.377,41.868],[9.404,41.86],[9.406,41.82],[9.394,41.797],[9.396,41.776],[9.408,41.766],[9.407,41.713],[9.4,41.693],[9.372,41.68],[9.376,41.67],[9.388,41.67],[9.381,41.665],[9.389,41.657],[9.385,41.646],[9.377,41.648],[9.369,41.636],[9.358,41.641],[9.347,41.637],[9.355,41.617],[9.336,41.622],[9.32,41.615],[9.314,41.629],[9.309,41.629],[9.305,41.627],[9.304,41.625],[9.306,41.615],[9.288,41.609],[9.287,41.598],[9.279,41.597],[9.295,41.584],[9.318,41.605],[9.333,41.604],[9.34,41.594],[9.369,41.594],[9.347,41.575],[9.343,41.559],[9.309,41.55],[9.287,41.53],[9.273,41.53],[9.284,41.517],[9.268,41.501],[9.288,41.494],[9.284,41.478],[9.267,41.47],[9.278,41.464],[9.266,41.466],[9.244,41.447],[9.224,41.443],[9.227,41.417],[9.209,41.413],[9.22,41.413],[9.223,41.405],[9.258,41.428],[9.266,41.425],[9.22,41.366],[9.2,41.365],[9.18,41.366],[9.167,41.386],[9.148,41.386],[9.15,41.389],[9.164,41.388],[9.165,41.39],[9.152,41.392],[9.144,41.387],[9.135,41.394],[9.127,41.394],[9.133,41.4],[9.094,41.394],[9.095,41.412],[9.109,41.42],[9.105,41.427],[9.131,41.448],[9.115,41.44],[9.108,41.441],[9.11,41.448],[9.109,41.449],[9.101,41.443],[9.094,41.45],[9.074,41.442],[9.066,41.457],[9.084,41.479],[9.08,41.482],[9.04,41.457],[9.04,41.469],[9.025,41.461],[9.018,41.478],[9.004,41.475],[8.995,41.486],[8.984,41.474],[8.961,41.493],[8.938,41.489],[8.933,41.496],[8.921,41.489],[8.914,41.508],[8.892,41.508],[8.883,41.505],[8.891,41.516],[8.876,41.524],[8.843,41.518],[8.856,41.534],[8.854,41.547],[8.847,41.54],[8.845,41.547],[8.822,41.544],[8.814,41.549],[8.815,41.55],[8.817,41.556],[8.789,41.558],[8.788,41.562],[8.786,41.564],[8.804,41.575],[8.774,41.592],[8.79,41.596],[8.786,41.618],[8.794,41.633],[8.806,41.642],[8.82,41.63],[8.852,41.648],[8.87,41.645],[8.882,41.671],[8.914,41.68],[8.914,41.691],[8.842,41.697],[8.811,41.714],[8.783,41.699],[8.788,41.709],[8.771,41.713],[8.785,41.732],[8.775,41.742],[8.707,41.722],[8.705,41.739],[8.659,41.74],[8.66,41.75],[8.678,41.752],[8.685,41.747],[8.729,41.774],[8.733,41.78],[8.709,41.796],[8.712,41.802],[8.738,41.797],[8.749,41.811],[8.771,41.811],[8.774,41.825],[8.782,41.828],[8.785,41.831],[8.784,41.832],[8.751,41.845],[8.788,41.85],[8.79,41.867],[8.779,41.883],[8.804,41.894],[8.781,41.924],[8.771,41.928],[8.767,41.926],[8.765,41.921],[8.764,41.92],[8.747,41.934],[8.74,41.931],[8.744,41.918],[8.718,41.908],[8.676,41.904],[8.642,41.91],[8.609,41.894],[8.607,41.895],[8.624,41.935],[8.609,41.94],[8.592,41.964],[8.656,41.973],[8.67,41.987],[8.658,41.993],[8.656,42.009],[8.685,42.027],[8.717,42.03],[8.727,42.035],[8.723,42.043],[8.742,42.041],[8.747,42.05],[8.738,42.065],[8.719,42.064],[8.714,42.083],[8.704,42.086],[8.711,42.096],[8.7,42.112],[8.69,42.115],[8.68,42.105],[8.66,42.101],[8.648,42.121],[8.624,42.123],[8.612,42.135],[8.58,42.129],[8.594,42.143],[8.586,42.151],[8.558,42.146],[8.594,42.167],[8.561,42.172],[8.587,42.181],[8.578,42.189],[8.582,42.206],[8.577,42.208],[8.572,42.204],[8.566,42.205],[8.578,42.214],[8.568,42.219],[8.573,42.229],[8.561,42.233],[8.554,42.227],[8.54,42.237],[8.558,42.236],[8.617,42.255],[8.64,42.253],[8.698,42.266],[8.661,42.303],[8.639,42.299],[8.626,42.313],[8.605,42.306],[8.598,42.319],[8.628,42.332],[8.615,42.35],[8.591,42.353],[8.565,42.333],[8.553,42.333],[8.56,42.345],[8.551,42.347],[8.556,42.365],[8.543,42.367],[8.548,42.38],[8.562,42.369],[8.578,42.374],[8.573,42.382],[8.6,42.369],[8.641,42.374],[8.65,42.362],[8.682,42.36],[8.684,42.348],[8.714,42.349],[8.73,42.34],[8.759,42.338],[8.771,42.325],[8.79,42.327],[8.82,42.316],[8.862,42.33],[8.859,42.3],[8.878,42.293],[8.886,42.284],[8.882,42.271],[8.905,42.254],[8.923,42.258],[8.94,42.237],[8.974,42.232],[9.022,42.203],[9.046,42.208],[9.05,42.171],[9.065,42.167],[9.072,42.155],[9.071,42.13],[9.125,42.105],[9.135,42.087],[9.131,42.054],[9.161,42.025],[9.189,42.032],[9.221,42.027],[9.219,41.987]]],[[[8.605,41.889],[8.607,41.89],[8.607,41.889],[8.605,41.889]]],[[[8.539,42.365],[8.541,42.366],[8.541,42.366],[8.539,42.365]]],[[[8.535,42.371],[8.541,42.372],[8.542,42.366],[8.535,42.371]]],[[[9.248,41.337],[9.249,41.337],[9.248,41.336],[9.248,41.337]]],[[[9.26,41.334],[9.25,41.343],[9.258,41.348],[9.26,41.334]]],[[[9.249,41.349],[9.25,41.349],[9.251,41.349],[9.25,41.348],[9.249,41.349]]],[[[9.254,41.348],[9.256,41.349],[9.256,41.348],[9.254,41.348]]],[[[9.256,41.351],[9.255,41.35],[9.256,41.351],[9.256,41.351]]],[[[9.261,41.36],[9.26,41.361],[9.261,41.361],[9.261,41.36]]],[[[9.26,41.361],[9.261,41.362],[9.261,41.361],[9.26,41.361]]],[[[9.261,41.363],[9.261,41.363],[9.261,41.363],[9.261,41.363]]],[[[9.251,41.369],[9.259,41.374],[9.275,41.369],[9.266,41.366],[9.268,41.363],[9.266,41.363],[9.266,41.361],[9.264,41.361],[9.251,41.369]]],[[[9.226,41.371],[9.228,41.374],[9.23,41.372],[9.226,41.371]]],[[[9.247,41.375],[9.247,41.377],[9.248,41.376],[9.247,41.375]]],[[[9.133,41.392],[9.132,41.392],[9.133,41.392],[9.133,41.392]]],[[[9.135,41.394],[9.134,41.392],[9.133,41.392],[9.135,41.394]]],[[[9.263,41.392],[9.263,41.391],[9.263,41.391],[9.263,41.392]]],[[[9.263,41.392],[9.264,41.392],[9.263,41.392],[9.263,41.392]]],[[[9.264,41.393],[9.265,41.394],[9.264,41.393],[9.264,41.393]]],[[[9.073,41.473],[9.075,41.474],[9.074,41.472],[9.073,41.473]]],[[[9.267,41.362],[9.268,41.362],[9.268,41.362],[9.267,41.362]]],[[[9.268,41.362],[9.268,41.362],[9.268,41.362],[9.268,41.362]]],[[[9.305,41.369],[9.306,41.369],[9.306,41.369],[9.305,41.369]]],[[[9.305,41.37],[9.306,41.37],[9.305,41.37],[9.305,41.37]]],[[[9.382,41.509],[9.382,41.51],[9.383,41.51],[9.382,41.509]]],[[[9.352,41.54],[9.355,41.542],[9.355,41.539],[9.352,41.54]]],[[[9.361,41.548],[9.362,41.554],[9.365,41.553],[9.361,41.548]]],[[[9.365,41.556],[9.367,41.555],[9.366,41.554],[9.365,41.556]]],[[[9.371,41.56],[9.374,41.565],[9.374,41.559],[9.371,41.56]]],[[[9.357,41.581],[9.357,41.58],[9.356,41.581],[9.357,41.581]]],[[[9.307,41.627],[9.306,41.627],[9.307,41.627],[9.307,41.627]]],[[[9.313,41.628],[9.312,41.628],[9.313,41.628],[9.313,41.628]]],[[[9.361,41.634],[9.363,41.633],[9.361,41.633],[9.361,41.634]]],[[[9.392,41.668],[9.394,41.673],[9.396,41.67],[9.392,41.668]]],[[[9.395,41.673],[9.395,41.673],[9.395,41.673],[9.395,41.673]]]],"type":"MultiPolygon"}},{"type":"Feature","properties":{"c":"36","n":"Indre","p":216069,"a":[1.524,46.8125],"pt":{"30_27":[46,40,64,0],"10_27":[0,0,0,0],"30_40":[17,48,68,0],"10_40":[0,0,0,0]},"s3":{"30_27":18,"10_27":0,"30_40":13,"10_40":0},"s2":{"30_27":57,"10_27":0,"30_40":44,"10_40":0},"p3":{"30_27":10,"10_27":0,"30_40":8,"10_40":0}},"geometry":{"coordinates":[[[1.409,47.217],[1.422,47.229],[1.458,47.24],[1.503,47.235],[1.531,47.218],[1.524,47.255],[1.561,47.262],[1.593,47.258],[1.592,47.277],[1.651,47.273],[1.645,47.264],[1.667,47.257],[1.704,47.265],[1.716,47.277],[1.776,47.232],[1.796,47.238],[1.839,47.22],[1.842,47.178],[1.823,47.174],[1.804,47.149],[1.774,47.131],[1.804,47.119],[1.827,47.122],[1.883,47.101],[1.905,47.109],[1.924,47.102],[1.964,47.125],[1.973,47.12],[1.996,47.127],[2.0,47.114],[2.013,47.111],[2.003,47.094],[2.029,47.095],[2.025,47.104],[2.053,47.104],[2.047,47.094],[2.055,47.072],[2.042,47.067],[2.029,47.046],[2.051,47.042],[2.109,46.997],[2.092,46.988],[2.088,46.96],[2.07,46.954],[2.07,46.934],[2.11,46.913],[2.146,46.918],[2.155,46.912],[2.126,46.88],[2.083,46.869],[2.096,46.855],[2.076,46.835],[2.043,46.84],[2.072,46.809],[2.096,46.801],[2.116,46.78],[2.095,46.755],[2.067,46.752],[2.072,46.735],[2.093,46.726],[2.087,46.712],[2.118,46.71],[2.155,46.692],[2.148,46.677],[2.136,46.677],[2.139,46.664],[2.163,46.654],[2.163,46.646],[2.176,46.651],[2.189,46.642],[2.18,46.628],[2.186,46.604],[2.167,46.589],[2.175,46.564],[2.159,46.557],[2.204,46.484],[2.193,46.47],[2.152,46.458],[2.154,46.434],[2.168,46.424],[2.115,46.422],[2.103,46.41],[2.089,46.409],[2.074,46.42],[1.995,46.431],[1.979,46.442],[1.924,46.432],[1.909,46.444],[1.84,46.426],[1.82,46.43],[1.798,46.455],[1.785,46.455],[1.748,46.45],[1.76,46.427],[1.751,46.406],[1.727,46.391],[1.703,46.397],[1.684,46.418],[1.641,46.385],[1.615,46.399],[1.623,46.419],[1.609,46.423],[1.596,46.409],[1.579,46.411],[1.546,46.393],[1.544,46.419],[1.525,46.427],[1.511,46.42],[1.498,46.394],[1.478,46.394],[1.466,46.376],[1.446,46.375],[1.435,46.365],[1.44,46.356],[1.417,46.347],[1.397,46.372],[1.345,46.402],[1.313,46.395],[1.323,46.388],[1.307,46.38],[1.312,46.373],[1.261,46.379],[1.239,46.366],[1.219,46.366],[1.21,46.39],[1.191,46.377],[1.177,46.384],[1.213,46.433],[1.187,46.428],[1.186,46.441],[1.152,46.449],[1.135,46.471],[1.158,46.47],[1.133,46.498],[1.149,46.502],[1.144,46.508],[1.091,46.538],[1.022,46.536],[1.014,46.568],[0.964,46.571],[0.941,46.581],[0.938,46.594],[0.911,46.602],[0.907,46.62],[0.894,46.627],[0.906,46.649],[0.918,46.65],[0.907,46.666],[0.912,46.675],[0.902,46.679],[0.928,46.696],[0.902,46.736],[0.877,46.738],[0.867,46.748],[0.906,46.759],[0.927,46.757],[0.944,46.737],[0.954,46.737],[0.983,46.764],[1.012,46.758],[0.999,46.781],[1.004,46.793],[0.984,46.804],[1.01,46.814],[1.036,46.94],[1.065,46.956],[1.05,46.981],[1.056,46.996],[1.074,47.003],[1.068,47.007],[1.084,47.021],[1.169,47.041],[1.223,47.024],[1.232,47.014],[1.253,47.022],[1.277,47.039],[1.269,47.05],[1.293,47.072],[1.312,47.072],[1.318,47.104],[1.344,47.101],[1.366,47.123],[1.347,47.169],[1.327,47.186],[1.409,47.217]]],"type":"Polygon"}},{"type":"Feature","properties":{"c":"81","n":"Tarn","p":397352,"a":[2.1297,43.7914],"pt":{"30_27":[81,45,76,30],"10_27":[60,0,17,8],"30_40":[84,60,82,29],"10_40":[65,0,17,8]},"s3":{"30_27":52,"10_27":0,"30_40":69,"10_40":0},"s2":{"30_27":80,"10_27":17,"30_40":86,"10_40":17},"p3":{"30_27":76,"10_27":0,"30_40":85,"10_40":0}},"geometry":{"coordinates":[[[1.65,43.795],[1.59,43.815],[1.593,43.843],[1.572,43.849],[1.555,43.869],[1.564,43.872],[1.547,43.902],[1.556,43.918],[1.574,43.918],[1.578,43.939],[1.541,43.945],[1.535,43.96],[1.55,43.955],[1.55,43.962],[1.567,43.965],[1.62,43.959],[1.63,43.99],[1.658,43.996],[1.649,44.012],[1.671,44.011],[1.669,44.018],[1.692,44.022],[1.704,44.044],[1.692,44.063],[1.676,44.067],[1.671,44.06],[1.661,44.071],[1.67,44.088],[1.653,44.096],[1.659,44.117],[1.687,44.111],[1.706,44.117],[1.727,44.113],[1.724,44.118],[1.732,44.11],[1.747,44.117],[1.778,44.097],[1.793,44.1],[1.787,44.109],[1.807,44.126],[1.838,44.103],[1.829,44.133],[1.839,44.144],[1.849,44.135],[1.863,44.144],[1.885,44.137],[1.893,44.143],[1.906,44.13],[1.919,44.142],[1.895,44.154],[1.909,44.163],[1.94,44.148],[1.952,44.151],[1.972,44.143],[1.983,44.157],[1.986,44.149],[2.024,44.155],[2.029,44.169],[2.06,44.173],[2.053,44.189],[2.069,44.19],[2.08,44.18],[2.096,44.189],[2.096,44.174],[2.108,44.182],[2.105,44.194],[2.142,44.201],[2.162,44.188],[2.154,44.181],[2.181,44.179],[2.192,44.162],[2.206,44.171],[2.236,44.164],[2.232,44.155],[2.2,44.144],[2.192,44.149],[2.182,44.139],[2.237,44.134],[2.261,44.146],[2.285,44.145],[2.298,44.138],[2.289,44.122],[2.308,44.118],[2.332,44.123],[2.359,44.101],[2.389,44.095],[2.412,44.07],[2.41,44.056],[2.46,44.051],[2.462,44.034],[2.491,44.019],[2.502,43.985],[2.525,43.977],[2.519,43.959],[2.502,43.954],[2.499,43.945],[2.507,43.949],[2.508,43.942],[2.533,43.937],[2.537,43.925],[2.553,43.926],[2.55,43.892],[2.58,43.879],[2.564,43.866],[2.562,43.845],[2.665,43.753],[2.742,43.729],[2.781,43.737],[2.788,43.753],[2.824,43.762],[2.832,43.752],[2.862,43.748],[2.87,43.739],[2.903,43.742],[2.921,43.736],[2.925,43.706],[2.937,43.697],[2.919,43.688],[2.92,43.662],[2.907,43.654],[2.879,43.657],[2.874,43.645],[2.846,43.646],[2.828,43.637],[2.813,43.641],[2.795,43.624],[2.783,43.626],[2.755,43.614],[2.72,43.645],[2.685,43.654],[2.652,43.649],[2.646,43.66],[2.629,43.61],[2.614,43.6],[2.632,43.584],[2.616,43.567],[2.676,43.513],[2.658,43.517],[2.656,43.482],[2.665,43.462],[2.638,43.467],[2.646,43.459],[2.618,43.438],[2.605,43.441],[2.607,43.431],[2.561,43.42],[2.519,43.424],[2.491,43.438],[2.452,43.432],[2.428,43.436],[2.397,43.417],[2.304,43.448],[2.282,43.441],[2.258,43.46],[2.223,43.432],[2.23,43.405],[2.215,43.382],[2.187,43.394],[2.17,43.417],[2.109,43.394],[2.073,43.395],[2.053,43.43],[2.014,43.446],[2.02,43.474],[2.048,43.485],[2.042,43.512],[2.038,43.499],[2.016,43.51],[2.016,43.488],[1.99,43.478],[1.968,43.491],[1.893,43.512],[1.871,43.534],[1.88,43.54],[1.851,43.549],[1.84,43.578],[1.789,43.583],[1.766,43.603],[1.749,43.601],[1.721,43.618],[1.692,43.623],[1.692,43.642],[1.731,43.663],[1.721,43.688],[1.664,43.694],[1.661,43.706],[1.682,43.701],[1.707,43.716],[1.65,43.752],[1.656,43.768],[1.641,43.779],[1.65,43.795]]],"type":"Polygon"}},{"type":"Feature","properties":{"c":"76","n":"Seine-Maritime","p":1260964,"a":[0.9367,49.6573],"pt":{"30_27":[0,0,0,0],"10_27":[0,0,0,0],"30_40":[0,0,0,0],"10_40":[0,0,0,0]},"s3":{"30_27":0,"10_27":0,"30_40":0,"10_40":0},"s2":{"30_27":0,"10_27":0,"30_40":0,"10_40":0},"p3":{"30_27":0,"10_27":0,"30_40":0,"10_40":0}},"geometry":{"coordinates":[[[0.715,49.41],[0.705,49.402],[0.661,49.403],[0.649,49.409],[0.66,49.416],[0.652,49.422],[0.645,49.415],[0.645,49.426],[0.63,49.423],[0.636,49.437],[0.649,49.438],[0.643,49.444],[0.614,49.43],[0.592,49.43],[0.504,49.485],[0.371,49.445],[0.274,49.453],[0.272,49.442],[0.269,49.454],[0.23,49.449],[0.207,49.452],[0.225,49.451],[0.225,49.454],[0.152,49.452],[0.114,49.458],[0.106,49.462],[0.105,49.465],[0.152,49.452],[0.179,49.456],[0.109,49.467],[0.113,49.471],[0.09,49.482],[0.089,49.484],[0.123,49.47],[0.175,49.471],[0.105,49.481],[0.115,49.486],[0.102,49.484],[0.094,49.492],[0.091,49.487],[0.089,49.5],[0.066,49.512],[0.153,49.644],[0.151,49.664],[0.124,49.67],[0.118,49.662],[0.123,49.67],[0.124,49.67],[0.137,49.67],[0.142,49.669],[0.156,49.662],[0.164,49.687],[0.206,49.715],[0.336,49.747],[0.364,49.765],[0.374,49.761],[0.363,49.766],[0.369,49.769],[0.487,49.809],[0.575,49.85],[0.709,49.874],[0.711,49.869],[0.71,49.873],[0.787,49.875],[0.928,49.906],[0.961,49.919],[1.024,49.916],[1.068,49.926],[1.083,49.938],[1.085,49.927],[1.084,49.936],[1.106,49.936],[1.2,49.97],[1.205,49.981],[1.228,49.985],[1.369,50.065],[1.372,50.061],[1.377,50.06],[1.37,50.064],[1.396,50.064],[1.409,50.057],[1.423,50.071],[1.45,50.07],[1.459,50.063],[1.453,50.039],[1.516,50.012],[1.527,49.995],[1.576,49.973],[1.604,49.943],[1.673,49.921],[1.693,49.894],[1.713,49.887],[1.734,49.812],[1.758,49.78],[1.774,49.777],[1.787,49.762],[1.766,49.757],[1.75,49.764],[1.739,49.749],[1.746,49.739],[1.723,49.73],[1.713,49.734],[1.714,49.706],[1.689,49.695],[1.705,49.681],[1.74,49.701],[1.751,49.694],[1.752,49.681],[1.723,49.672],[1.721,49.659],[1.699,49.645],[1.722,49.624],[1.694,49.601],[1.709,49.587],[1.722,49.589],[1.72,49.582],[1.697,49.583],[1.69,49.58],[1.701,49.58],[1.698,49.572],[1.714,49.578],[1.73,49.561],[1.723,49.544],[1.748,49.539],[1.735,49.525],[1.741,49.519],[1.715,49.506],[1.74,49.5],[1.745,49.489],[1.759,49.511],[1.78,49.51],[1.791,49.498],[1.772,49.485],[1.776,49.471],[1.725,49.441],[1.715,49.41],[1.704,49.411],[1.695,49.395],[1.68,49.406],[1.657,49.399],[1.628,49.415],[1.605,49.412],[1.576,49.44],[1.547,49.441],[1.537,49.43],[1.53,49.442],[1.504,49.438],[1.476,49.452],[1.401,49.457],[1.384,49.448],[1.386,49.463],[1.371,49.451],[1.343,49.447],[1.351,49.438],[1.337,49.439],[1.337,49.428],[1.309,49.429],[1.313,49.423],[1.315,49.408],[1.313,49.415],[1.308,49.395],[1.285,49.388],[1.287,49.363],[1.272,49.357],[1.272,49.346],[1.21,49.353],[1.199,49.351],[1.203,49.337],[1.182,49.344],[1.169,49.336],[1.163,49.343],[1.135,49.325],[1.134,49.31],[1.086,49.31],[1.048,49.298],[1.069,49.277],[1.052,49.273],[1.063,49.259],[1.049,49.263],[1.016,49.259],[1.016,49.253],[1.007,49.256],[1.004,49.256],[1.015,49.253],[1.005,49.251],[0.992,49.258],[1.009,49.263],[1.007,49.265],[0.985,49.261],[0.989,49.268],[0.974,49.281],[0.956,49.271],[0.95,49.28],[0.971,49.285],[0.95,49.297],[0.94,49.323],[0.907,49.308],[0.91,49.299],[0.901,49.297],[0.892,49.303],[0.899,49.319],[0.892,49.314],[0.863,49.328],[0.844,49.325],[0.86,49.347],[0.921,49.338],[0.931,49.344],[0.918,49.385],[0.879,49.373],[0.886,49.383],[0.874,49.391],[0.878,49.396],[0.823,49.396],[0.803,49.428],[0.805,49.412],[0.798,49.418],[0.783,49.411],[0.767,49.42],[0.739,49.408],[0.715,49.41]]],"type":"Polygon"}},{"type":"Feature","properties":{"c":"43","n":"Haute-Loire","p":228654,"a":[3.8315,45.0849],"pt":{"30_27":[2,0,1,50],"10_27":[0,0,0,2],"30_40":[9,0,4,32],"10_40":[0,0,0,2]},"s3":{"30_27":0,"10_27":0,"30_40":0,"10_40":0},"s2":{"30_27":0,"10_27":0,"30_40":1,"10_40":0},"p3":{"30_27":0,"10_27":0,"30_40":0,"10_40":0}},"geometry":{"coordinates":[[[4.352,45.028],[4.31,45.031],[4.311,45.025],[4.302,45.026],[4.29,44.996],[4.314,44.973],[4.252,44.959],[4.236,44.97],[4.227,44.966],[4.217,44.933],[4.182,44.908],[4.179,44.887],[4.159,44.874],[4.116,44.879],[4.071,44.867],[4.039,44.873],[4.024,44.859],[4.028,44.832],[4.013,44.827],[4.014,44.836],[4.005,44.838],[4.0,44.82],[3.991,44.834],[3.98,44.831],[3.989,44.812],[3.97,44.818],[3.963,44.83],[3.945,44.825],[3.937,44.795],[3.926,44.792],[3.923,44.778],[3.91,44.779],[3.925,44.77],[3.9,44.764],[3.893,44.751],[3.876,44.757],[3.863,44.744],[3.835,44.748],[3.83,44.755],[3.842,44.772],[3.831,44.777],[3.809,44.765],[3.799,44.786],[3.772,44.797],[3.771,44.804],[3.761,44.802],[3.743,44.839],[3.722,44.831],[3.701,44.837],[3.698,44.831],[3.663,44.83],[3.658,44.836],[3.672,44.843],[3.673,44.857],[3.654,44.876],[3.63,44.881],[3.615,44.874],[3.594,44.877],[3.599,44.86],[3.595,44.841],[3.585,44.838],[3.59,44.827],[3.579,44.825],[3.571,44.836],[3.56,44.833],[3.562,44.825],[3.506,44.824],[3.487,44.806],[3.456,44.829],[3.459,44.839],[3.442,44.854],[3.436,44.88],[3.411,44.918],[3.415,44.941],[3.404,44.957],[3.391,44.95],[3.372,44.96],[3.373,44.976],[3.348,44.974],[3.346,44.987],[3.365,44.99],[3.37,45.005],[3.35,45.002],[3.347,45.014],[3.325,45.01],[3.337,45.025],[3.327,45.031],[3.325,45.022],[3.311,45.02],[3.298,45.036],[3.305,45.046],[3.299,45.061],[3.315,45.085],[3.297,45.091],[3.29,45.087],[3.282,45.103],[3.302,45.107],[3.328,45.095],[3.362,45.104],[3.351,45.104],[3.35,45.112],[3.331,45.11],[3.3,45.125],[3.288,45.12],[3.273,45.145],[3.282,45.152],[3.267,45.154],[3.261,45.171],[3.273,45.209],[3.235,45.22],[3.234,45.238],[3.221,45.244],[3.229,45.265],[3.223,45.277],[3.191,45.281],[3.165,45.269],[3.17,45.282],[3.161,45.295],[3.118,45.284],[3.099,45.292],[3.082,45.29],[3.084,45.299],[3.105,45.3],[3.114,45.31],[3.09,45.323],[3.116,45.334],[3.113,45.351],[3.109,45.352],[3.104,45.355],[3.181,45.351],[3.174,45.355],[3.182,45.365],[3.218,45.369],[3.236,45.395],[3.254,45.389],[3.29,45.401],[3.298,45.42],[3.32,45.413],[3.327,45.397],[3.341,45.422],[3.356,45.423],[3.378,45.401],[3.406,45.404],[3.42,45.397],[3.463,45.402],[3.48,45.421],[3.501,45.428],[3.508,45.41],[3.529,45.399],[3.547,45.399],[3.557,45.392],[3.571,45.402],[3.59,45.357],[3.619,45.338],[3.645,45.351],[3.645,45.359],[3.664,45.362],[3.67,45.384],[3.691,45.38],[3.689,45.373],[3.707,45.376],[3.7,45.359],[3.73,45.361],[3.741,45.353],[3.757,45.357],[3.777,45.349],[3.79,45.354],[3.785,45.37],[3.805,45.392],[3.822,45.38],[3.836,45.383],[3.837,45.366],[3.846,45.371],[3.871,45.355],[3.898,45.357],[3.906,45.333],[3.922,45.347],[3.915,45.354],[3.935,45.359],[3.936,45.372],[3.949,45.376],[3.96,45.367],[3.982,45.375],[4.019,45.328],[4.027,45.342],[4.021,45.35],[4.046,45.356],[4.071,45.336],[4.081,45.358],[4.108,45.355],[4.12,45.369],[4.155,45.364],[4.16,45.373],[4.144,45.384],[4.178,45.393],[4.202,45.381],[4.227,45.39],[4.245,45.385],[4.257,45.37],[4.271,45.375],[4.272,45.358],[4.287,45.356],[4.286,45.361],[4.297,45.359],[4.295,45.368],[4.308,45.362],[4.308,45.371],[4.333,45.369],[4.368,45.337],[4.332,45.318],[4.351,45.303],[4.372,45.302],[4.349,45.274],[4.388,45.255],[4.402,45.27],[4.434,45.275],[4.491,45.224],[4.477,45.213],[4.473,45.179],[4.447,45.161],[4.443,45.141],[4.457,45.119],[4.438,45.122],[4.436,45.109],[4.423,45.137],[4.374,45.144],[4.369,45.128],[4.4,45.118],[4.4,45.104],[4.372,45.106],[4.359,45.099],[4.367,45.089],[4.347,45.077],[4.347,45.065],[4.365,45.054],[4.377,45.055],[4.382,45.042],[4.352,45.028]]],"type":"Polygon"}},{"type":"Feature","properties":{"c":"44","n":"Loire-Atlantique","p":1487570,"a":[-1.8466,47.3346],"pt":{"30_27":[0,100,100,0],"10_27":[0,91,0,0],"30_40":[0,100,100,0],"10_40":[0,90,0,0]},"s3":{"30_27":0,"10_27":0,"30_40":0,"10_40":0},"s2":{"30_27":100,"10_27":0,"30_40":100,"10_40":0},"p3":{"30_27":0,"10_27":0,"30_40":0,"10_40":0}},"geometry":{"coordinates":[[[[-2.511,47.295],[-2.51,47.295],[-2.51,47.294],[-2.511,47.295]]],[[[-2.514,47.298],[-2.512,47.298],[-2.513,47.297],[-2.514,47.298]]],[[[-2.189,47.513],[-2.19,47.494],[-2.164,47.489],[-2.154,47.496],[-2.156,47.522],[-2.099,47.533],[-2.103,47.593],[-2.084,47.612],[-2.097,47.632],[-2.081,47.65],[-2.051,47.65],[-2.039,47.67],[-2.013,47.666],[-1.974,47.694],[-1.97,47.674],[-1.957,47.671],[-1.938,47.686],[-1.877,47.696],[-1.858,47.708],[-1.827,47.711],[-1.771,47.698],[-1.752,47.708],[-1.723,47.698],[-1.704,47.7],[-1.707,47.714],[-1.658,47.709],[-1.638,47.722],[-1.623,47.764],[-1.594,47.767],[-1.587,47.78],[-1.529,47.785],[-1.503,47.802],[-1.471,47.803],[-1.478,47.836],[-1.423,47.833],[-1.405,47.824],[-1.394,47.829],[-1.361,47.803],[-1.365,47.799],[-1.246,47.777],[-1.25,47.765],[-1.234,47.756],[-1.242,47.743],[-1.256,47.743],[-1.255,47.731],[-1.215,47.719],[-1.195,47.722],[-1.195,47.708],[-1.182,47.704],[-1.19,47.699],[-1.175,47.695],[-1.182,47.664],[-1.16,47.661],[-1.157,47.636],[-1.138,47.619],[-1.101,47.621],[-1.071,47.605],[-1.01,47.593],[-1.019,47.577],[-1.043,47.569],[-1.042,47.562],[-1.056,47.565],[-1.052,47.558],[-1.06,47.556],[-1.05,47.547],[-1.039,47.548],[-1.044,47.506],[-1.006,47.488],[-0.966,47.492],[-0.959,47.481],[-0.968,47.469],[-0.947,47.428],[-0.961,47.418],[-0.947,47.387],[-0.975,47.371],[-1.017,47.365],[-1.07,47.371],[-1.166,47.366],[-1.189,47.352],[-1.297,47.339],[-1.354,47.304],[-1.337,47.3],[-1.296,47.306],[-1.275,47.291],[-1.278,47.271],[-1.254,47.248],[-1.23,47.239],[-1.198,47.253],[-1.181,47.241],[-1.189,47.22],[-1.174,47.214],[-1.178,47.194],[-1.162,47.187],[-1.162,47.178],[-1.205,47.145],[-1.239,47.137],[-1.225,47.119],[-1.249,47.098],[-1.17,47.093],[-1.154,47.072],[-1.115,47.063],[-1.117,47.04],[-1.148,47.029],[-1.201,47.04],[-1.271,47.085],[-1.288,47.076],[-1.288,47.057],[-1.305,47.041],[-1.296,47.044],[-1.3,47.034],[-1.32,47.035],[-1.346,47.046],[-1.342,47.04],[-1.366,47.042],[-1.379,47.031],[-1.363,47.006],[-1.378,46.992],[-1.359,46.981],[-1.365,46.957],[-1.458,46.926],[-1.472,46.933],[-1.457,46.954],[-1.477,46.982],[-1.46,46.992],[-1.472,47.031],[-1.485,47.04],[-1.502,47.04],[-1.517,47.027],[-1.555,47.015],[-1.542,47.003],[-1.555,46.979],[-1.519,46.935],[-1.529,46.923],[-1.546,46.925],[-1.53,46.907],[-1.502,46.893],[-1.501,46.883],[-1.527,46.873],[-1.546,46.875],[-1.549,46.86],[-1.605,46.876],[-1.665,46.875],[-1.687,46.891],[-1.723,46.884],[-1.737,46.896],[-1.736,46.911],[-1.75,46.931],[-1.78,46.925],[-1.832,46.932],[-1.828,46.953],[-1.866,46.952],[-1.899,46.961],[-1.917,46.975],[-1.917,46.992],[-1.943,46.995],[-1.968,47.027],[-1.971,47.029],[-1.98,47.029],[-1.98,47.029],[-1.982,47.029],[-1.984,47.03],[-2.005,47.061],[-2.038,47.076],[-2.053,47.095],[-2.105,47.107],[-2.099,47.115],[-2.116,47.107],[-2.247,47.132],[-2.246,47.14],[-2.237,47.139],[-2.214,47.161],[-2.212,47.155],[-2.18,47.156],[-2.168,47.166],[-2.159,47.208],[-2.182,47.233],[-2.171,47.24],[-2.17,47.268],[-2.187,47.281],[-2.199,47.275],[-2.197,47.271],[-2.198,47.272],[-2.201,47.267],[-2.202,47.266],[-2.211,47.27],[-2.229,47.256],[-2.254,47.253],[-2.267,47.239],[-2.298,47.233],[-2.343,47.258],[-2.345,47.259],[-2.346,47.257],[-2.349,47.255],[-2.35,47.256],[-2.352,47.258],[-2.352,47.258],[-2.341,47.259],[-2.346,47.265],[-2.372,47.278],[-2.399,47.281],[-2.423,47.274],[-2.426,47.281],[-2.413,47.285],[-2.424,47.284],[-2.427,47.281],[-2.428,47.278],[-2.417,47.261],[-2.432,47.258],[-2.548,47.292],[-2.545,47.298],[-2.521,47.301],[-2.524,47.308],[-2.521,47.304],[-2.521,47.301],[-2.513,47.295],[-2.512,47.297],[-2.512,47.295],[-2.502,47.29],[-2.503,47.287],[-2.502,47.285],[-2.488,47.289],[-2.486,47.285],[-2.484,47.287],[-2.471,47.284],[-2.468,47.286],[-2.48,47.293],[-2.473,47.295],[-2.468,47.292],[-2.467,47.293],[-2.47,47.302],[-2.511,47.301],[-2.508,47.344],[-2.528,47.364],[-2.56,47.374],[-2.467,47.421],[-2.463,47.411],[-2.433,47.414],[-2.458,47.424],[-2.446,47.436],[-2.459,47.448],[-2.452,47.463],[-2.423,47.477],[-2.417,47.461],[-2.404,47.457],[-2.368,47.464],[-2.353,47.454],[-2.327,47.459],[-2.312,47.465],[-2.314,47.484],[-2.299,47.516],[-2.281,47.51],[-2.255,47.512],[-2.266,47.502],[-2.244,47.494],[-2.189,47.513]]],[[[-2.439,47.414],[-2.437,47.414],[-2.439,47.414],[-2.439,47.414]]],[[[-2.623,47.41],[-2.622,47.414],[-2.618,47.412],[-2.623,47.41]]]],"type":"MultiPolygon"}},{"type":"Feature","properties":{"c":"37","n":"Indre-et-Loire","p":619362,"a":[0.6775,47.2209],"pt":{"30_27":[5,100,90,0],"10_27":[0,9,7,0],"30_40":[0,100,95,0],"10_40":[0,21,0,0]},"s3":{"30_27":5,"10_27":0,"30_40":0,"10_40":0},"s2":{"30_27":90,"10_27":0,"30_40":95,"10_40":0},"p3":{"30_27":2,"10_27":0,"30_40":0,"10_40":0}},"geometry":{"coordinates":[[[0.815,46.788],[0.808,46.829],[0.787,46.84],[0.796,46.85],[0.767,46.851],[0.771,46.864],[0.753,46.86],[0.704,46.904],[0.706,46.937],[0.693,46.974],[0.633,46.987],[0.616,47.008],[0.568,47.007],[0.575,46.983],[0.601,46.973],[0.599,46.956],[0.505,46.96],[0.445,46.941],[0.439,46.929],[0.367,46.95],[0.324,46.931],[0.301,46.956],[0.306,46.986],[0.291,46.99],[0.313,46.998],[0.299,47.02],[0.31,47.026],[0.305,47.053],[0.268,47.042],[0.26,47.056],[0.268,47.068],[0.244,47.072],[0.214,47.054],[0.192,47.065],[0.176,47.061],[0.175,47.072],[0.201,47.091],[0.182,47.115],[0.162,47.1],[0.135,47.107],[0.141,47.125],[0.127,47.12],[0.124,47.128],[0.111,47.13],[0.105,47.121],[0.081,47.119],[0.078,47.146],[0.066,47.143],[0.054,47.161],[0.067,47.19],[0.054,47.199],[0.068,47.216],[0.079,47.217],[0.068,47.248],[0.09,47.282],[0.079,47.284],[0.114,47.318],[0.117,47.332],[0.138,47.336],[0.147,47.346],[0.14,47.362],[0.183,47.38],[0.167,47.386],[0.17,47.396],[0.153,47.399],[0.181,47.416],[0.181,47.453],[0.22,47.502],[0.226,47.527],[0.217,47.529],[0.214,47.524],[0.193,47.538],[0.215,47.573],[0.235,47.578],[0.231,47.611],[0.253,47.613],[0.278,47.597],[0.322,47.595],[0.34,47.579],[0.378,47.568],[0.402,47.578],[0.383,47.61],[0.365,47.62],[0.383,47.643],[0.424,47.618],[0.45,47.619],[0.464,47.646],[0.498,47.645],[0.517,47.657],[0.552,47.659],[0.558,47.671],[0.597,47.673],[0.615,47.683],[0.617,47.699],[0.631,47.71],[0.654,47.699],[0.648,47.684],[0.675,47.699],[0.703,47.683],[0.739,47.696],[0.788,47.68],[0.828,47.677],[0.867,47.691],[0.844,47.645],[0.863,47.632],[0.85,47.625],[0.862,47.599],[0.899,47.604],[0.892,47.612],[0.905,47.614],[0.919,47.633],[0.954,47.625],[0.965,47.63],[0.971,47.622],[0.992,47.62],[0.984,47.605],[0.997,47.584],[1.012,47.604],[1.033,47.608],[1.063,47.566],[1.077,47.572],[1.078,47.562],[1.045,47.532],[1.07,47.523],[1.066,47.505],[1.095,47.469],[1.085,47.464],[1.113,47.466],[1.133,47.449],[1.114,47.428],[1.085,47.43],[1.123,47.392],[1.104,47.37],[1.123,47.354],[1.106,47.331],[1.095,47.329],[1.108,47.299],[1.122,47.293],[1.127,47.298],[1.162,47.272],[1.174,47.289],[1.194,47.283],[1.224,47.294],[1.242,47.288],[1.243,47.275],[1.266,47.256],[1.277,47.257],[1.324,47.188],[1.343,47.174],[1.366,47.123],[1.344,47.101],[1.318,47.104],[1.312,47.072],[1.293,47.072],[1.269,47.05],[1.277,47.039],[1.253,47.022],[1.232,47.014],[1.223,47.024],[1.169,47.041],[1.084,47.021],[1.068,47.007],[1.074,47.003],[1.056,46.996],[1.05,46.981],[1.065,46.956],[1.036,46.94],[1.01,46.814],[0.984,46.804],[1.004,46.793],[0.999,46.781],[1.012,46.758],[0.983,46.764],[0.954,46.737],[0.944,46.737],[0.927,46.757],[0.906,46.759],[0.867,46.748],[0.828,46.777],[0.828,46.787],[0.815,46.788]]],"type":"Polygon"}},{"type":"Feature","properties":{"c":"46","n":"Lot","p":176473,"a":[1.6575,44.6277],"pt":{"30_27":[96,0,66,12],"10_27":[59,0,0,0],"30_40":[99,22,58,14],"10_40":[46,0,0,0]},"s3":{"30_27":0,"10_27":0,"30_40":21,"10_40":0},"s2":{"30_27":74,"10_27":0,"30_40":72,"10_40":0},"p3":{"30_27":0,"10_27":0,"30_40":30,"10_40":0}},"geometry":{"coordinates":[[[1.509,44.274],[1.484,44.273],[1.472,44.287],[1.463,44.266],[1.453,44.267],[1.453,44.255],[1.381,44.225],[1.358,44.203],[1.335,44.229],[1.326,44.226],[1.318,44.233],[1.306,44.227],[1.281,44.236],[1.285,44.253],[1.305,44.262],[1.294,44.273],[1.304,44.294],[1.271,44.281],[1.255,44.286],[1.248,44.266],[1.221,44.28],[1.214,44.268],[1.204,44.282],[1.178,44.292],[1.181,44.31],[1.168,44.303],[1.161,44.311],[1.151,44.307],[1.136,44.317],[1.122,44.316],[1.108,44.327],[1.116,44.338],[1.082,44.353],[1.092,44.36],[1.088,44.371],[1.105,44.364],[1.107,44.37],[1.133,44.371],[1.137,44.392],[1.104,44.392],[1.064,44.379],[1.06,44.391],[1.051,44.392],[1.062,44.402],[1.057,44.428],[1.028,44.434],[1.033,44.441],[1.021,44.445],[1.024,44.473],[1.009,44.48],[1.016,44.506],[0.982,44.544],[1.009,44.547],[1.013,44.536],[1.045,44.562],[1.07,44.566],[1.074,44.577],[1.103,44.572],[1.095,44.592],[1.153,44.636],[1.147,44.671],[1.181,44.683],[1.225,44.684],[1.271,44.723],[1.288,44.715],[1.3,44.744],[1.316,44.74],[1.323,44.765],[1.296,44.777],[1.305,44.785],[1.293,44.79],[1.299,44.796],[1.364,44.812],[1.366,44.846],[1.377,44.842],[1.387,44.851],[1.403,44.849],[1.411,44.873],[1.432,44.872],[1.442,44.879],[1.44,44.889],[1.411,44.909],[1.425,44.92],[1.443,44.916],[1.435,44.945],[1.417,44.961],[1.409,45.007],[1.448,45.019],[1.464,45.014],[1.483,45.031],[1.537,45.047],[1.545,45.029],[1.576,45.041],[1.606,45.035],[1.608,45.034],[1.607,45.031],[1.608,45.029],[1.609,45.029],[1.63,45.033],[1.703,44.988],[1.711,44.967],[1.751,44.956],[1.75,44.937],[1.767,44.934],[1.775,44.924],[1.786,44.937],[1.8,44.92],[1.812,44.929],[1.826,44.929],[1.832,44.946],[1.843,44.937],[1.867,44.954],[1.887,44.956],[1.908,44.978],[1.939,44.973],[1.94,44.953],[1.95,44.953],[1.986,44.975],[2.046,44.984],[2.067,44.973],[2.081,44.954],[2.076,44.934],[2.105,44.92],[2.108,44.91],[2.086,44.904],[2.091,44.876],[2.128,44.846],[2.135,44.827],[2.168,44.811],[2.17,44.778],[2.149,44.77],[2.155,44.736],[2.13,44.699],[2.138,44.693],[2.16,44.697],[2.179,44.674],[2.162,44.664],[2.175,44.653],[2.169,44.639],[2.194,44.628],[2.211,44.605],[2.194,44.6],[2.202,44.596],[2.194,44.585],[2.178,44.594],[2.169,44.592],[2.148,44.571],[2.132,44.57],[2.125,44.579],[2.104,44.571],[2.083,44.587],[2.061,44.565],[2.068,44.575],[2.059,44.583],[2.036,44.572],[2.033,44.56],[1.987,44.55],[1.96,44.52],[1.913,44.505],[1.917,44.486],[1.908,44.488],[1.903,44.503],[1.889,44.506],[1.884,44.485],[1.859,44.487],[1.841,44.482],[1.853,44.463],[1.85,44.436],[1.873,44.424],[1.876,44.407],[1.867,44.398],[1.909,44.365],[1.909,44.35],[1.892,44.353],[1.882,44.34],[1.853,44.332],[1.847,44.338],[1.833,44.336],[1.827,44.324],[1.806,44.337],[1.794,44.335],[1.775,44.312],[1.756,44.326],[1.737,44.327],[1.737,44.318],[1.696,44.313],[1.671,44.298],[1.669,44.29],[1.663,44.294],[1.66,44.283],[1.653,44.296],[1.634,44.299],[1.632,44.294],[1.652,44.285],[1.634,44.269],[1.614,44.28],[1.617,44.297],[1.571,44.302],[1.579,44.284],[1.561,44.279],[1.577,44.27],[1.587,44.249],[1.575,44.234],[1.541,44.227],[1.522,44.242],[1.517,44.254],[1.527,44.261],[1.509,44.274]]],"type":"Polygon"}},{"type":"Feature","properties":{"c":"70","n":"Haute-Saône","p":233185,"a":[6.0913,47.6327],"pt":{"30_27":[0,0,0,12],"10_27":[0,0,0,4],"30_40":[1,0,0,21],"10_40":[0,0,0,5]},"s3":{"30_27":0,"10_27":0,"30_40":0,"10_40":0},"s2":{"30_27":0,"10_27":0,"30_40":0,"10_40":0},"p3":{"30_27":0,"10_27":0,"30_40":0,"10_40":0}},"geometry":{"coordinates":[[[5.498,47.389],[5.478,47.396],[5.452,47.383],[5.432,47.393],[5.444,47.404],[5.43,47.421],[5.439,47.45],[5.418,47.449],[5.407,47.462],[5.38,47.451],[5.386,47.459],[5.367,47.465],[5.408,47.477],[5.387,47.48],[5.399,47.499],[5.431,47.498],[5.436,47.49],[5.448,47.496],[5.497,47.544],[5.491,47.563],[5.48,47.565],[5.488,47.577],[5.478,47.609],[5.441,47.63],[5.426,47.632],[5.396,47.595],[5.374,47.604],[5.373,47.62],[5.406,47.647],[5.398,47.649],[5.406,47.673],[5.462,47.673],[5.483,47.685],[5.53,47.673],[5.568,47.707],[5.585,47.7],[5.597,47.672],[5.691,47.685],[5.685,47.722],[5.696,47.725],[5.692,47.737],[5.71,47.745],[5.708,47.768],[5.68,47.77],[5.676,47.779],[5.69,47.819],[5.7,47.824],[5.742,47.819],[5.751,47.829],[5.744,47.849],[5.761,47.859],[5.799,47.856],[5.796,47.847],[5.828,47.852],[5.829,47.857],[5.818,47.852],[5.828,47.858],[5.821,47.869],[5.849,47.905],[5.887,47.903],[5.884,47.925],[5.898,47.931],[5.9,47.944],[5.918,47.947],[5.917,47.966],[5.937,47.979],[5.948,47.98],[5.96,47.968],[5.929,47.938],[5.949,47.935],[5.971,47.957],[6.007,47.959],[6.026,47.981],[6.019,47.987],[6.032,47.991],[6.041,48.004],[6.073,48.016],[6.109,48.013],[6.131,48.024],[6.156,48.007],[6.152,47.995],[6.165,47.977],[6.15,47.966],[6.157,47.968],[6.168,47.952],[6.182,47.957],[6.208,47.947],[6.205,47.932],[6.238,47.933],[6.289,47.956],[6.324,47.948],[6.365,47.963],[6.391,47.961],[6.408,47.943],[6.435,47.943],[6.448,47.923],[6.463,47.917],[6.456,47.907],[6.478,47.885],[6.544,47.903],[6.563,47.931],[6.605,47.945],[6.642,47.919],[6.646,47.903],[6.737,47.861],[6.783,47.851],[6.793,47.83],[6.824,47.813],[6.758,47.747],[6.757,47.724],[6.782,47.687],[6.78,47.657],[6.801,47.636],[6.778,47.616],[6.802,47.584],[6.822,47.573],[6.781,47.537],[6.755,47.542],[6.728,47.561],[6.718,47.553],[6.689,47.561],[6.689,47.571],[6.659,47.572],[6.66,47.58],[6.652,47.572],[6.67,47.558],[6.648,47.536],[6.611,47.53],[6.581,47.544],[6.567,47.532],[6.581,47.529],[6.584,47.51],[6.574,47.496],[6.558,47.497],[6.556,47.491],[6.534,47.506],[6.516,47.497],[6.499,47.511],[6.472,47.487],[6.463,47.512],[6.411,47.523],[6.394,47.517],[6.39,47.506],[6.368,47.514],[6.335,47.506],[6.321,47.486],[6.303,47.492],[6.302,47.469],[6.282,47.452],[6.288,47.447],[6.265,47.447],[6.256,47.424],[6.234,47.43],[6.244,47.414],[6.242,47.411],[6.207,47.431],[6.193,47.413],[6.178,47.417],[6.17,47.412],[6.191,47.402],[6.178,47.402],[6.17,47.39],[6.16,47.392],[6.168,47.388],[6.135,47.387],[6.118,47.396],[6.103,47.38],[6.12,47.368],[6.112,47.361],[6.086,47.373],[6.074,47.351],[6.052,47.353],[6.019,47.331],[5.998,47.34],[5.993,47.329],[5.979,47.326],[5.96,47.341],[5.928,47.345],[5.931,47.328],[5.904,47.335],[5.898,47.311],[5.884,47.322],[5.874,47.314],[5.861,47.316],[5.844,47.3],[5.784,47.291],[5.74,47.263],[5.713,47.271],[5.699,47.265],[5.676,47.276],[5.642,47.256],[5.624,47.253],[5.602,47.262],[5.575,47.254],[5.572,47.269],[5.555,47.269],[5.559,47.278],[5.532,47.284],[5.523,47.306],[5.498,47.316],[5.469,47.316],[5.477,47.331],[5.486,47.327],[5.493,47.333],[5.489,47.369],[5.498,47.389]]],"type":"Polygon"}},{"type":"Feature","properties":{"c":"68","n":"Haut-Rhin","p":770738,"a":[7.2335,47.8669],"pt":{"30_27":[10,0,0,24],"10_27":[0,0,0,2],"30_40":[0,0,0,26],"10_40":[0,0,0,3]},"s3":{"30_27":0,"10_27":0,"30_40":0,"10_40":0},"s2":{"30_27":0,"10_27":0,"30_40":0,"10_40":0},"p3":{"30_27":0,"10_27":0,"30_40":0,"10_40":0}},"geometry":{"coordinates":[[[7.006,47.602],[7.006,47.629],[7.017,47.627],[7.017,47.65],[7.039,47.651],[7.034,47.661],[7.046,47.672],[7.038,47.676],[7.048,47.685],[7.026,47.701],[7.037,47.722],[7.016,47.744],[6.972,47.752],[6.94,47.772],[6.866,47.784],[6.841,47.819],[6.895,47.833],[6.92,47.85],[6.907,47.865],[6.91,47.882],[6.897,47.89],[6.929,47.91],[6.927,47.917],[6.912,47.918],[6.926,47.93],[6.919,47.944],[6.931,47.972],[6.944,47.98],[6.944,48.0],[6.961,48.0],[7.002,48.022],[7.03,48.072],[7.077,48.109],[7.084,48.129],[7.07,48.13],[7.06,48.145],[7.086,48.184],[7.118,48.208],[7.133,48.248],[7.177,48.289],[7.172,48.297],[7.206,48.311],[7.235,48.309],[7.242,48.302],[7.275,48.305],[7.301,48.283],[7.292,48.271],[7.334,48.272],[7.31,48.254],[7.327,48.244],[7.354,48.249],[7.477,48.204],[7.47,48.16],[7.521,48.149],[7.52,48.126],[7.577,48.12],[7.569,48.034],[7.611,47.997],[7.622,47.973],[7.583,47.93],[7.581,47.896],[7.556,47.877],[7.563,47.843],[7.53,47.781],[7.548,47.731],[7.512,47.698],[7.524,47.661],[7.563,47.635],[7.591,47.605],[7.585,47.576],[7.566,47.578],[7.557,47.565],[7.499,47.54],[7.502,47.528],[7.519,47.535],[7.531,47.528],[7.522,47.514],[7.502,47.515],[7.498,47.521],[7.511,47.497],[7.488,47.482],[7.472,47.48],[7.433,47.497],[7.421,47.48],[7.429,47.483],[7.456,47.471],[7.403,47.435],[7.355,47.434],[7.33,47.442],[7.282,47.435],[7.247,47.42],[7.233,47.439],[7.196,47.435],[7.17,47.443],[7.177,47.468],[7.201,47.494],[7.162,47.49],[7.13,47.503],[7.143,47.525],[7.133,47.54],[7.106,47.552],[7.108,47.564],[7.086,47.593],[7.07,47.601],[7.04,47.601],[7.02,47.589],[7.006,47.602]]],"type":"Polygon"}},{"type":"Feature","properties":{"c":"29","n":"Finistère","p":933455,"a":[-3.9475,48.2362],"pt":{"30_27":[0,40,0,4],"10_27":[0,6,0,0],"30_40":[0,28,0,6],"10_40":[0,4,0,0]},"s3":{"30_27":0,"10_27":0,"30_40":0,"10_40":0},"s2":{"30_27":0,"10_27":0,"30_40":0,"10_40":0},"p3":{"30_27":0,"10_27":0,"30_40":0,"10_40":0}},"geometry":{"coordinates":[[[[-4.84,48.032],[-4.838,48.03],[-4.84,48.031],[-4.84,48.032]]],[[[-4.87,48.041],[-4.852,48.041],[-4.842,48.032],[-4.856,48.032],[-4.856,48.039],[-4.87,48.041]]],[[[-4.845,48.041],[-4.845,48.041],[-4.845,48.041],[-4.845,48.041]]],[[[-4.846,48.041],[-4.845,48.041],[-4.846,48.041],[-4.846,48.041]]],[[[-4.846,48.042],[-4.846,48.042],[-4.845,48.042],[-4.846,48.042]]],[[[-4.847,48.042],[-4.846,48.042],[-4.846,48.042],[-4.847,48.042]]],[[[-4.879,48.317],[-4.879,48.318],[-4.878,48.318],[-4.879,48.317]]],[[[-4.895,48.316],[-4.895,48.317],[-4.895,48.316],[-4.895,48.316]]],[[[-4.895,48.317],[-4.895,48.317],[-4.895,48.317],[-4.895,48.317]]],[[[-4.881,48.318],[-4.881,48.318],[-4.881,48.318],[-4.881,48.318]]],[[[-4.888,48.375],[-4.889,48.374],[-4.889,48.375],[-4.888,48.375]]],[[[-4.905,48.372],[-4.898,48.376],[-4.893,48.373],[-4.905,48.372]]],[[[-4.945,48.37],[-4.936,48.375],[-4.933,48.374],[-4.945,48.37]]],[[[-4.888,48.378],[-4.888,48.379],[-4.887,48.378],[-4.888,48.378]]],[[[-4.9,48.38],[-4.897,48.38],[-4.898,48.379],[-4.9,48.38]]],[[[-4.938,48.379],[-4.939,48.378],[-4.939,48.38],[-4.938,48.379]]],[[[-4.965,48.392],[-4.956,48.402],[-4.957,48.391],[-4.965,48.392]]],[[[-4.953,48.401],[-4.945,48.401],[-4.95,48.398],[-4.953,48.401]]],[[[-4.978,48.4],[-4.979,48.4],[-4.978,48.4],[-4.978,48.4]]],[[[-4.945,48.406],[-4.946,48.405],[-4.945,48.406],[-4.945,48.406]]],[[[-4.986,48.414],[-4.987,48.414],[-4.987,48.414],[-4.986,48.414]]],[[[-4.987,48.416],[-4.988,48.415],[-4.988,48.416],[-4.987,48.416]]],[[[-4.975,48.418],[-4.975,48.418],[-4.975,48.418],[-4.975,48.418]]],[[[-4.98,48.416],[-4.986,48.418],[-4.983,48.421],[-4.98,48.416]]],[[[-4.979,48.418],[-4.976,48.419],[-4.978,48.417],[-4.979,48.418]]],[[[-4.987,48.419],[-4.986,48.419],[-4.986,48.418],[-4.987,48.419]]],[[[-5.02,48.418],[-5.021,48.418],[-5.02,48.418],[-5.02,48.418]]],[[[-5.018,48.422],[-5.016,48.422],[-5.018,48.421],[-5.018,48.422]]],[[[-5.015,48.424],[-5.015,48.423],[-5.016,48.424],[-5.015,48.424]]],[[[-5.012,48.424],[-5.013,48.431],[-5.011,48.431],[-5.012,48.424]]],[[[-5.016,48.437],[-5.016,48.437],[-5.016,48.437],[-5.016,48.437]]],[[[-5.118,48.445],[-5.118,48.445],[-5.118,48.445],[-5.118,48.445]]],[[[-5.117,48.446],[-5.116,48.445],[-5.118,48.445],[-5.117,48.446]]],[[[-5.116,48.446],[-5.116,48.446],[-5.116,48.446],[-5.116,48.446]]],[[[-5.137,48.454],[-5.138,48.454],[-5.137,48.454],[-5.137,48.454]]],[[[-5.033,48.463],[-5.033,48.463],[-5.033,48.463],[-5.033,48.463]]],[[[-5.14,48.451],[-5.107,48.465],[-5.106,48.473],[-5.076,48.474],[-5.07,48.479],[-5.076,48.48],[-5.073,48.483],[-5.05,48.477],[-5.059,48.467],[-5.034,48.463],[-5.06,48.45],[-5.081,48.451],[-5.103,48.436],[-5.118,48.438],[-5.098,48.445],[-5.096,48.456],[-5.14,48.451]]],[[[-5.034,48.464],[-5.033,48.463],[-5.035,48.464],[-5.034,48.464]]],[[[-5.034,48.464],[-5.033,48.464],[-5.034,48.464],[-5.034,48.464]]],[[[-5.118,48.465],[-5.118,48.465],[-5.118,48.464],[-5.118,48.465]]],[[[-5.11,48.471],[-5.109,48.472],[-5.109,48.471],[-5.11,48.471]]],[[[-5.107,48.471],[-5.108,48.471],[-5.108,48.471],[-5.107,48.471]]],[[[-5.078,48.481],[-5.077,48.482],[-5.075,48.482],[-5.077,48.481],[-5.078,48.481]]],[[[-5.103,48.482],[-5.093,48.482],[-5.09,48.479],[-5.099,48.478],[-5.103,48.482]]],[[[-5.073,48.485],[-5.073,48.483],[-5.073,48.485],[-5.073,48.485]]],[[[-4.706,48.031],[-4.707,48.031],[-4.707,48.031],[-4.706,48.031]]],[[[-4.727,48.033],[-4.726,48.033],[-4.727,48.033],[-4.727,48.033]]],[[[-4.714,48.055],[-4.713,48.055],[-4.713,48.055],[-4.714,48.055]]],[[[-4.712,48.055],[-4.712,48.056],[-4.712,48.056],[-4.712,48.055]]],[[[-4.713,48.056],[-4.714,48.056],[-4.714,48.057],[-4.713,48.056]]],[[[-4.715,48.06],[-4.715,48.06],[-4.714,48.06],[-4.715,48.06]]],[[[-4.716,48.062],[-4.716,48.061],[-4.717,48.061],[-4.716,48.062]]],[[[-4.69,48.064],[-4.69,48.064],[-4.69,48.064],[-4.69,48.064]]],[[[-4.69,48.065],[-4.69,48.065],[-4.69,48.066],[-4.69,48.065]]],[[[-4.689,48.066],[-4.689,48.066],[-4.689,48.066],[-4.689,48.066]]],[[[-4.615,48.071],[-4.616,48.071],[-4.616,48.072],[-4.615,48.071]]],[[[-4.714,48.066],[-4.715,48.066],[-4.715,48.066],[-4.714,48.066]]],[[[-4.614,48.073],[-4.616,48.073],[-4.615,48.073],[-4.614,48.073]]],[[[-4.612,48.073],[-4.611,48.073],[-4.611,48.073],[-4.612,48.073]]],[[[-4.616,48.074],[-4.616,48.074],[-4.616,48.074],[-4.616,48.074]]],[[[-4.644,48.273],[-4.643,48.273],[-4.643,48.273],[-4.644,48.273]]],[[[-4.641,48.273],[-4.641,48.274],[-4.641,48.273],[-4.641,48.273]]],[[[-4.643,48.274],[-4.642,48.273],[-4.642,48.273],[-4.643,48.274]]],[[[-4.763,48.324],[-4.763,48.325],[-4.763,48.325],[-4.763,48.324]]],[[[-4.761,48.326],[-4.762,48.326],[-4.761,48.326],[-4.761,48.326]]],[[[-4.878,48.319],[-4.879,48.319],[-4.879,48.319],[-4.878,48.319]]],[[[-4.761,48.328],[-4.761,48.328],[-4.762,48.328],[-4.761,48.328]]],[[[-4.708,48.332],[-4.708,48.332],[-4.708,48.332],[-4.708,48.332]]],[[[-4.752,48.329],[-4.751,48.329],[-4.752,48.329],[-4.752,48.329]]],[[[-4.751,48.329],[-4.752,48.33],[-4.751,48.33],[-4.751,48.329]]],[[[-4.771,48.329],[-4.771,48.329],[-4.77,48.329],[-4.771,48.329]]],[[[-4.742,48.331],[-4.743,48.331],[-4.742,48.332],[-4.742,48.331]]],[[[-4.774,48.332],[-4.774,48.332],[-4.774,48.332],[-4.774,48.332]]],[[[-4.697,48.337],[-4.698,48.337],[-4.698,48.337],[-4.697,48.337]]],[[[-4.699,48.338],[-4.698,48.338],[-4.698,48.338],[-4.699,48.338]]],[[[-4.864,48.344],[-4.848,48.357],[-4.842,48.356],[-4.858,48.341],[-4.864,48.344]]],[[[-4.787,48.37],[-4.788,48.369],[-4.788,48.37],[-4.787,48.37]]],[[[-4.882,48.371],[-4.881,48.371],[-4.881,48.371],[-4.882,48.371]]],[[[-4.888,48.375],[-4.887,48.377],[-4.884,48.374],[-4.888,48.375]]],[[[-4.798,48.429],[-4.799,48.429],[-4.799,48.429],[-4.798,48.429]]],[[[-4.79,48.438],[-4.789,48.439],[-4.787,48.438],[-4.79,48.438]]],[[[-4.78,48.441],[-4.78,48.441],[-4.781,48.441],[-4.78,48.441]]],[[[-4.779,48.486],[-4.776,48.485],[-4.777,48.484],[-4.779,48.486]]],[[[-4.779,48.492],[-4.777,48.492],[-4.778,48.492],[-4.779,48.492]]],[[[-4.776,48.527],[-4.774,48.531],[-4.773,48.528],[-4.776,48.527]]],[[[-4.726,48.566],[-4.726,48.565],[-4.727,48.565],[-4.726,48.566]]],[[[-4.706,48.569],[-4.707,48.569],[-4.707,48.569],[-4.706,48.569]]],[[[-4.696,48.572],[-4.696,48.572],[-4.697,48.572],[-4.696,48.572]]],[[[-4.694,48.575],[-4.692,48.575],[-4.694,48.574],[-4.694,48.575]]],[[[-4.701,48.576],[-4.701,48.576],[-4.701,48.576],[-4.701,48.576]]],[[[-4.608,48.074],[-4.609,48.074],[-4.609,48.075],[-4.608,48.074]]],[[[-4.594,48.075],[-4.595,48.076],[-4.595,48.076],[-4.594,48.075]]],[[[-4.493,48.088],[-4.493,48.088],[-4.492,48.087],[-4.493,48.088]]],[[[-4.587,48.083],[-4.587,48.083],[-4.587,48.082],[-4.587,48.083]]],[[[-4.559,48.178],[-4.559,48.178],[-4.56,48.177],[-4.559,48.178]]],[[[-4.522,48.19],[-4.522,48.19],[-4.522,48.19],[-4.522,48.19]]],[[[-4.633,48.247],[-4.634,48.247],[-4.633,48.248],[-4.633,48.247]]],[[[-4.628,48.25],[-4.629,48.25],[-4.628,48.25],[-4.628,48.25]]],[[[-4.627,48.25],[-4.625,48.251],[-4.627,48.25],[-4.627,48.25]]],[[[-4.623,48.252],[-4.623,48.251],[-4.624,48.251],[-4.623,48.252]]],[[[-4.631,48.28],[-4.63,48.28],[-4.631,48.28],[-4.631,48.28]]],[[[-4.63,48.281],[-4.63,48.281],[-4.63,48.281],[-4.63,48.281]]],[[[-4.631,48.282],[-4.631,48.282],[-4.631,48.282],[-4.631,48.282]]],[[[-4.611,48.285],[-4.61,48.285],[-4.611,48.285],[-4.611,48.285]]],[[[-4.612,48.285],[-4.612,48.285],[-4.611,48.285],[-4.612,48.285]]],[[[-4.539,48.302],[-4.536,48.304],[-4.535,48.303],[-4.539,48.302]]],[[[-4.532,48.305],[-4.529,48.305],[-4.532,48.303],[-4.532,48.305]]],[[[-4.577,48.31],[-4.577,48.309],[-4.577,48.31],[-4.577,48.31]]],[[[-4.583,48.32],[-4.583,48.318],[-4.583,48.319],[-4.583,48.32]]],[[[-4.614,48.336],[-4.614,48.337],[-4.615,48.336],[-4.614,48.336]]],[[[-4.646,48.575],[-4.645,48.576],[-4.646,48.575],[-4.646,48.575]]],[[[-4.666,48.58],[-4.664,48.579],[-4.665,48.579],[-4.666,48.58]]],[[[-4.681,48.58],[-4.68,48.58],[-4.68,48.579],[-4.681,48.58]]],[[[-4.62,48.586],[-4.616,48.585],[-4.62,48.586],[-4.62,48.586]]],[[[-4.672,48.583],[-4.67,48.583],[-4.671,48.582],[-4.672,48.583]]],[[[-4.642,48.586],[-4.641,48.587],[-4.641,48.586],[-4.642,48.586]]],[[[-4.641,48.587],[-4.641,48.587],[-4.64,48.587],[-4.641,48.587]]],[[[-4.641,48.588],[-4.641,48.589],[-4.641,48.588],[-4.641,48.588]]],[[[-4.613,48.593],[-4.613,48.593],[-4.613,48.592],[-4.613,48.593]]],[[[-4.619,48.599],[-4.618,48.598],[-4.618,48.598],[-4.619,48.599]]],[[[-4.581,48.603],[-4.581,48.602],[-4.583,48.602],[-4.581,48.603]]],[[[-4.562,48.605],[-4.562,48.603],[-4.563,48.603],[-4.562,48.605]]],[[[-4.624,48.601],[-4.621,48.601],[-4.621,48.6],[-4.624,48.601]]],[[[-4.637,48.6],[-4.633,48.6],[-4.634,48.599],[-4.637,48.6]]],[[[-4.588,48.607],[-4.585,48.607],[-4.586,48.605],[-4.588,48.607]]],[[[-4.575,48.611],[-4.569,48.608],[-4.572,48.605],[-4.575,48.611]]],[[[-4.58,48.613],[-4.58,48.614],[-4.58,48.613],[-4.58,48.613]]],[[[-4.58,48.614],[-4.578,48.614],[-4.578,48.613],[-4.58,48.614]]],[[[-4.605,48.615],[-4.604,48.614],[-4.604,48.614],[-4.605,48.615]]],[[[-4.576,48.614],[-4.575,48.619],[-4.574,48.617],[-4.576,48.614]]],[[[-4.572,48.622],[-4.571,48.621],[-4.572,48.621],[-4.572,48.622]]],[[[-4.595,48.624],[-4.592,48.626],[-4.593,48.622],[-4.595,48.624]]],[[[-4.603,48.626],[-4.603,48.626],[-4.602,48.626],[-4.603,48.626]]],[[[-4.574,48.636],[-4.572,48.635],[-4.572,48.634],[-4.573,48.634],[-4.574,48.636]]],[[[-4.569,48.637],[-4.57,48.64],[-4.566,48.639],[-4.569,48.637]]],[[[-3.979,47.704],[-3.98,47.703],[-3.98,47.704],[-3.979,47.704]]],[[[-4.001,47.709],[-3.993,47.708],[-3.991,47.702],[-4.0,47.702],[-4.001,47.709]]],[[[-4.015,47.707],[-4.015,47.708],[-4.015,47.707],[-4.015,47.707]]],[[[-4.015,47.709],[-4.013,47.709],[-4.013,47.709],[-4.015,47.709]]],[[[-4.018,47.71],[-4.016,47.71],[-4.018,47.71],[-4.018,47.71]]],[[[-4.005,47.715],[-4.006,47.716],[-4.005,47.716],[-4.005,47.715]]],[[[-3.993,47.717],[-3.994,47.716],[-3.995,47.717],[-3.993,47.717]]],[[[-4.011,47.716],[-4.01,47.719],[-4.007,47.717],[-4.011,47.716]]],[[[-4.004,47.718],[-4.005,47.717],[-4.006,47.718],[-4.004,47.718]]],[[[-3.991,47.724],[-3.994,47.722],[-3.995,47.723],[-3.991,47.724]]],[[[-4.009,47.723],[-4.008,47.723],[-4.008,47.723],[-4.009,47.723]]],[[[-4.004,47.724],[-3.997,47.724],[-4.006,47.723],[-4.004,47.724]]],[[[-4.034,47.724],[-4.035,47.724],[-4.033,47.725],[-4.034,47.724]]],[[[-4.034,47.725],[-4.035,47.725],[-4.035,47.725],[-4.034,47.725]]],[[[-3.999,47.73],[-4.0,47.729],[-4.0,47.73],[-3.999,47.73]]],[[[-4.029,47.774],[-4.029,47.776],[-4.027,47.774],[-4.029,47.774]]],[[[-4.022,47.776],[-4.022,47.776],[-4.022,47.776],[-4.022,47.776]]],[[[-4.027,47.777],[-4.026,47.777],[-4.027,47.777],[-4.027,47.777]]],[[[-4.38,47.812],[-4.379,47.813],[-4.378,47.813],[-4.381,47.812],[-4.38,47.812]]],[[[-4.38,47.813],[-4.379,47.813],[-4.38,47.813],[-4.38,47.813]]],[[[-4.381,47.821],[-4.38,47.821],[-4.381,47.82],[-4.381,47.821]]],[[[-4.184,47.844],[-4.177,47.844],[-4.177,47.841],[-4.184,47.844]]],[[[-4.184,47.853],[-4.185,47.852],[-4.184,47.853],[-4.184,47.853]]],[[[-4.299,48.095],[-4.299,48.095],[-4.298,48.095],[-4.299,48.095]]],[[[-4.339,48.101],[-4.336,48.102],[-4.336,48.1],[-4.339,48.101]]],[[[-4.353,48.107],[-4.352,48.107],[-4.353,48.107],[-4.353,48.107]]],[[[-4.274,48.147],[-4.274,48.146],[-4.275,48.146],[-4.274,48.147]]],[[[-3.639,47.985],[-3.619,47.982],[-3.596,47.991],[-3.584,47.984],[-3.558,47.994],[-3.546,47.987],[-3.532,47.989],[-3.519,47.976],[-3.491,47.975],[-3.481,47.952],[-3.467,47.945],[-3.46,47.961],[-3.445,47.959],[-3.415,47.975],[-3.392,47.957],[-3.402,47.943],[-3.387,47.926],[-3.409,47.916],[-3.405,47.906],[-3.419,47.905],[-3.405,47.902],[-3.398,47.863],[-3.419,47.869],[-3.448,47.864],[-3.458,47.837],[-3.475,47.836],[-3.488,47.824],[-3.522,47.84],[-3.519,47.849],[-3.529,47.846],[-3.54,47.823],[-3.519,47.803],[-3.538,47.763],[-3.553,47.763],[-3.555,47.766],[-3.56,47.765],[-3.563,47.768],[-3.564,47.768],[-3.564,47.769],[-3.568,47.769],[-3.569,47.769],[-3.573,47.77],[-3.603,47.769],[-3.601,47.779],[-3.612,47.769],[-3.639,47.777],[-3.646,47.774],[-3.638,47.793],[-3.652,47.779],[-3.669,47.781],[-3.67,47.784],[-3.668,47.787],[-3.669,47.791],[-3.671,47.786],[-3.67,47.782],[-3.673,47.78],[-3.672,47.778],[-3.672,47.778],[-3.682,47.777],[-3.723,47.803],[-3.708,47.813],[-3.703,47.812],[-3.701,47.808],[-3.699,47.808],[-3.697,47.819],[-3.651,47.822],[-3.674,47.829],[-3.694,47.821],[-3.693,47.827],[-3.698,47.832],[-3.705,47.814],[-3.712,47.815],[-3.733,47.803],[-3.742,47.812],[-3.743,47.825],[-3.751,47.835],[-3.743,47.841],[-3.748,47.854],[-3.757,47.836],[-3.745,47.819],[-3.756,47.821],[-3.759,47.816],[-3.745,47.814],[-3.742,47.797],[-3.8,47.788],[-3.839,47.798],[-3.855,47.79],[-3.844,47.806],[-3.851,47.799],[-3.893,47.833],[-3.902,47.834],[-3.899,47.847],[-3.894,47.842],[-3.887,47.849],[-3.919,47.856],[-3.899,47.859],[-3.911,47.867],[-3.905,47.877],[-3.917,47.874],[-3.917,47.868],[-3.93,47.871],[-3.948,47.888],[-3.941,47.894],[-3.95,47.891],[-3.946,47.905],[-3.954,47.894],[-3.973,47.893],[-3.974,47.902],[-3.983,47.893],[-3.992,47.897],[-3.982,47.889],[-3.971,47.891],[-3.99,47.883],[-3.978,47.854],[-4.04,47.844],[-4.059,47.857],[-4.089,47.862],[-4.074,47.862],[-4.052,47.855],[-4.063,47.867],[-4.073,47.865],[-4.067,47.871],[-4.075,47.868],[-4.083,47.874],[-4.077,47.867],[-4.099,47.862],[-4.117,47.877],[-4.106,47.881],[-4.124,47.888],[-4.116,47.897],[-4.129,47.893],[-4.145,47.909],[-4.139,47.926],[-4.131,47.925],[-4.13,47.93],[-4.112,47.931],[-4.109,47.942],[-4.104,47.94],[-4.099,47.943],[-4.097,47.938],[-4.08,47.937],[-4.077,47.934],[-4.073,47.933],[-4.069,47.933],[-4.078,47.938],[-4.095,47.942],[-4.085,47.95],[-4.075,47.948],[-4.081,47.956],[-4.096,47.942],[-4.101,47.945],[-4.11,47.943],[-4.095,47.963],[-4.101,47.974],[-4.115,47.976],[-4.116,47.984],[-4.117,47.975],[-4.101,47.971],[-4.109,47.964],[-4.113,47.967],[-4.121,47.965],[-4.112,47.961],[-4.123,47.954],[-4.113,47.953],[-4.112,47.936],[-4.141,47.926],[-4.152,47.911],[-4.146,47.897],[-4.166,47.896],[-4.174,47.908],[-4.177,47.907],[-4.172,47.895],[-4.148,47.889],[-4.141,47.896],[-4.13,47.89],[-4.113,47.862],[-4.143,47.859],[-4.169,47.839],[-4.165,47.852],[-4.179,47.88],[-4.196,47.876],[-4.192,47.867],[-4.182,47.867],[-4.178,47.851],[-4.191,47.867],[-4.197,47.858],[-4.204,47.867],[-4.222,47.868],[-4.184,47.851],[-4.192,47.847],[-4.183,47.836],[-4.159,47.831],[-4.174,47.807],[-4.192,47.796],[-4.213,47.803],[-4.211,47.795],[-4.224,47.792],[-4.285,47.79],[-4.274,47.796],[-4.272,47.801],[-4.285,47.791],[-4.296,47.793],[-4.294,47.797],[-4.296,47.799],[-4.301,47.801],[-4.345,47.8],[-4.35,47.794],[-4.375,47.797],[-4.38,47.821],[-4.348,47.833],[-4.355,47.837],[-4.346,47.84],[-4.355,47.871],[-4.387,47.925],[-4.451,47.981],[-4.535,48.01],[-4.532,48.021],[-4.535,48.025],[-4.541,48.009],[-4.555,48.01],[-4.566,48.0],[-4.592,48.007],[-4.598,48.015],[-4.623,48.018],[-4.633,48.03],[-4.651,48.022],[-4.697,48.026],[-4.712,48.034],[-4.741,48.04],[-4.707,48.045],[-4.715,48.065],[-4.672,48.06],[-4.665,48.073],[-4.632,48.067],[-4.631,48.073],[-4.622,48.068],[-4.608,48.073],[-4.605,48.076],[-4.591,48.074],[-4.582,48.082],[-4.552,48.076],[-4.536,48.09],[-4.486,48.086],[-4.467,48.099],[-4.433,48.097],[-4.416,48.107],[-4.362,48.109],[-4.342,48.096],[-4.327,48.1],[-4.306,48.089],[-4.287,48.103],[-4.286,48.126],[-4.276,48.134],[-4.268,48.13],[-4.274,48.156],[-4.296,48.159],[-4.291,48.176],[-4.304,48.196],[-4.335,48.207],[-4.374,48.207],[-4.378,48.219],[-4.434,48.228],[-4.429,48.235],[-4.432,48.238],[-4.442,48.234],[-4.433,48.23],[-4.465,48.239],[-4.498,48.233],[-4.504,48.225],[-4.494,48.221],[-4.51,48.212],[-4.518,48.192],[-4.522,48.191],[-4.527,48.186],[-4.54,48.181],[-4.542,48.168],[-4.559,48.17],[-4.552,48.209],[-4.574,48.236],[-4.545,48.24],[-4.544,48.249],[-4.56,48.259],[-4.596,48.252],[-4.612,48.262],[-4.623,48.253],[-4.615,48.274],[-4.631,48.28],[-4.612,48.28],[-4.601,48.288],[-4.588,48.275],[-4.57,48.282],[-4.571,48.305],[-4.582,48.319],[-4.555,48.338],[-4.532,48.342],[-4.557,48.3],[-4.538,48.293],[-4.536,48.284],[-4.506,48.311],[-4.5,48.311],[-4.496,48.31],[-4.495,48.308],[-4.518,48.295],[-4.504,48.281],[-4.461,48.295],[-4.419,48.294],[-4.412,48.277],[-4.397,48.275],[-4.288,48.299],[-4.265,48.293],[-4.266,48.284],[-4.279,48.29],[-4.29,48.281],[-4.289,48.273],[-4.255,48.263],[-4.256,48.262],[-4.258,48.263],[-4.261,48.26],[-4.269,48.259],[-4.27,48.258],[-4.27,48.258],[-4.255,48.259],[-4.243,48.249],[-4.218,48.259],[-4.215,48.243],[-4.206,48.238],[-4.211,48.247],[-4.203,48.245],[-4.201,48.25],[-4.214,48.26],[-4.24,48.254],[-4.28,48.279],[-4.233,48.292],[-4.226,48.287],[-4.179,48.297],[-4.239,48.299],[-4.241,48.308],[-4.221,48.313],[-4.221,48.314],[-4.245,48.311],[-4.247,48.299],[-4.256,48.31],[-4.282,48.313],[-4.254,48.322],[-4.254,48.323],[-4.249,48.324],[-4.249,48.325],[-4.243,48.328],[-4.242,48.329],[-4.242,48.329],[-4.271,48.319],[-4.283,48.323],[-4.293,48.312],[-4.307,48.319],[-4.335,48.313],[-4.319,48.329],[-4.302,48.332],[-4.317,48.335],[-4.3,48.337],[-4.278,48.344],[-4.292,48.35],[-4.267,48.355],[-4.262,48.358],[-4.261,48.362],[-4.306,48.355],[-4.299,48.345],[-4.33,48.339],[-4.317,48.362],[-4.355,48.343],[-4.353,48.348],[-4.345,48.352],[-4.341,48.358],[-4.367,48.345],[-4.378,48.325],[-4.418,48.324],[-4.405,48.337],[-4.393,48.34],[-4.391,48.342],[-4.391,48.343],[-4.459,48.327],[-4.439,48.341],[-4.437,48.36],[-4.408,48.381],[-4.311,48.417],[-4.281,48.431],[-4.27,48.445],[-4.314,48.42],[-4.347,48.407],[-4.361,48.41],[-4.402,48.39],[-4.429,48.398],[-4.443,48.38],[-4.457,48.388],[-4.475,48.379],[-4.475,48.385],[-4.485,48.378],[-4.505,48.379],[-4.523,48.365],[-4.491,48.368],[-4.518,48.363],[-4.519,48.363],[-4.524,48.366],[-4.538,48.357],[-4.554,48.362],[-4.559,48.354],[-4.609,48.338],[-4.628,48.338],[-4.64,48.347],[-4.681,48.356],[-4.701,48.35],[-4.698,48.338],[-4.71,48.331],[-4.738,48.333],[-4.772,48.329],[-4.77,48.348],[-4.781,48.354],[-4.783,48.36],[-4.766,48.364],[-4.79,48.362],[-4.786,48.368],[-4.769,48.365],[-4.76,48.374],[-4.776,48.39],[-4.774,48.405],[-4.795,48.413],[-4.776,48.444],[-4.782,48.443],[-4.783,48.446],[-4.762,48.469],[-4.76,48.46],[-4.75,48.471],[-4.721,48.475],[-4.717,48.469],[-4.718,48.475],[-4.725,48.476],[-4.76,48.471],[-4.775,48.485],[-4.779,48.504],[-4.767,48.51],[-4.778,48.517],[-4.758,48.521],[-4.766,48.528],[-4.759,48.534],[-4.749,48.528],[-4.746,48.529],[-4.753,48.544],[-4.723,48.559],[-4.704,48.55],[-4.704,48.57],[-4.684,48.572],[-4.68,48.567],[-4.67,48.576],[-4.653,48.571],[-4.627,48.579],[-4.597,48.572],[-4.595,48.553],[-4.58,48.555],[-4.585,48.56],[-4.556,48.56],[-4.531,48.548],[-4.528,48.555],[-4.505,48.546],[-4.503,48.553],[-4.525,48.558],[-4.534,48.555],[-4.54,48.562],[-4.548,48.558],[-4.553,48.565],[-4.587,48.563],[-4.594,48.575],[-4.609,48.575],[-4.612,48.578],[-4.598,48.608],[-4.586,48.602],[-4.596,48.593],[-4.543,48.599],[-4.515,48.587],[-4.517,48.594],[-4.56,48.604],[-4.553,48.611],[-4.569,48.609],[-4.566,48.626],[-4.542,48.625],[-4.542,48.637],[-4.531,48.629],[-4.513,48.635],[-4.51,48.623],[-4.501,48.621],[-4.465,48.626],[-4.449,48.643],[-4.435,48.635],[-4.433,48.642],[-4.398,48.636],[-4.405,48.642],[-4.433,48.648],[-4.436,48.656],[-4.38,48.659],[-4.374,48.67],[-4.347,48.678],[-4.325,48.675],[-4.326,48.666],[-4.313,48.673],[-4.296,48.665],[-4.301,48.653],[-4.31,48.646],[-4.311,48.648],[-4.318,48.647],[-4.319,48.646],[-4.309,48.644],[-4.314,48.636],[-4.297,48.633],[-4.302,48.641],[-4.283,48.642],[-4.275,48.65],[-4.223,48.656],[-4.238,48.649],[-4.195,48.652],[-4.221,48.657],[-4.216,48.668],[-4.187,48.687],[-4.13,48.697],[-4.1,48.696],[-4.096,48.686],[-4.081,48.693],[-4.056,48.669],[-4.07,48.688],[-4.054,48.685],[-4.044,48.688],[-4.038,48.686],[-4.036,48.688],[-4.041,48.69],[-4.057,48.687],[-4.053,48.706],[-4.043,48.703],[-4.035,48.714],[-4.015,48.713],[-4.007,48.728],[-3.998,48.713],[-3.982,48.731],[-3.98,48.723],[-3.97,48.727],[-3.961,48.72],[-3.965,48.722],[-3.972,48.714],[-3.976,48.7],[-3.958,48.688],[-3.959,48.683],[-3.968,48.69],[-3.972,48.675],[-3.95,48.673],[-3.958,48.648],[-3.951,48.645],[-3.951,48.653],[-3.93,48.658],[-3.922,48.676],[-3.891,48.671],[-3.906,48.661],[-3.898,48.647],[-3.857,48.626],[-3.862,48.614],[-3.857,48.609],[-3.864,48.608],[-3.872,48.604],[-3.873,48.604],[-3.873,48.603],[-3.873,48.602],[-3.857,48.609],[-3.849,48.604],[-3.859,48.615],[-3.843,48.629],[-3.865,48.671],[-3.855,48.674],[-3.854,48.662],[-3.846,48.66],[-3.855,48.689],[-3.831,48.714],[-3.825,48.713],[-3.83,48.711],[-3.828,48.704],[-3.82,48.701],[-3.822,48.719],[-3.785,48.701],[-3.758,48.71],[-3.723,48.706],[-3.702,48.69],[-3.681,48.687],[-3.644,48.697],[-3.655,48.682],[-3.639,48.674],[-3.666,48.651],[-3.655,48.617],[-3.65,48.61],[-3.639,48.612],[-3.641,48.597],[-3.629,48.588],[-3.589,48.583],[-3.584,48.574],[-3.599,48.557],[-3.58,48.553],[-3.571,48.558],[-3.554,48.541],[-3.54,48.538],[-3.604,48.496],[-3.608,48.477],[-3.6,48.478],[-3.593,48.464],[-3.581,48.465],[-3.551,48.448],[-3.6,48.422],[-3.608,48.389],[-3.554,48.379],[-3.563,48.347],[-3.555,48.345],[-3.552,48.316],[-3.541,48.311],[-3.525,48.324],[-3.518,48.319],[-3.555,48.294],[-3.518,48.282],[-3.527,48.273],[-3.523,48.256],[-3.537,48.256],[-3.542,48.243],[-3.556,48.242],[-3.558,48.229],[-3.539,48.207],[-3.521,48.203],[-3.519,48.189],[-3.566,48.19],[-3.653,48.157],[-3.696,48.152],[-3.698,48.146],[-3.715,48.143],[-3.709,48.136],[-3.724,48.124],[-3.717,48.121],[-3.735,48.113],[-3.733,48.096],[-3.695,48.094],[-3.704,48.087],[-3.698,48.069],[-3.709,48.067],[-3.673,48.059],[-3.665,48.023],[-3.639,47.985]]],[[[-4.437,48.222],[-4.437,48.221],[-4.438,48.222],[-4.437,48.222]]],[[[-4.435,48.224],[-4.438,48.226],[-4.434,48.228],[-4.435,48.224]]],[[[-4.281,48.285],[-4.278,48.282],[-4.282,48.283],[-4.281,48.285]]],[[[-4.24,48.292],[-4.241,48.292],[-4.239,48.292],[-4.24,48.292]]],[[[-4.34,48.313],[-4.338,48.313],[-4.336,48.313],[-4.338,48.312],[-4.34,48.313]]],[[[-4.463,48.324],[-4.462,48.324],[-4.463,48.323],[-4.463,48.324]]],[[[-4.322,48.333],[-4.323,48.333],[-4.322,48.333],[-4.322,48.333]]],[[[-4.507,48.625],[-4.507,48.626],[-4.507,48.625],[-4.507,48.625]]],[[[-4.563,48.626],[-4.562,48.627],[-4.562,48.626],[-4.563,48.626]]],[[[-4.504,48.631],[-4.504,48.632],[-4.503,48.632],[-4.504,48.631]]],[[[-4.503,48.632],[-4.502,48.633],[-4.503,48.632],[-4.503,48.632]]],[[[-4.556,48.628],[-4.555,48.632],[-4.551,48.628],[-4.556,48.628]]],[[[-4.405,48.64],[-4.404,48.639],[-4.406,48.639],[-4.405,48.64]]],[[[-4.548,48.63],[-4.549,48.631],[-4.549,48.631],[-4.548,48.63]]],[[[-4.458,48.639],[-4.458,48.638],[-4.458,48.638],[-4.458,48.639]]],[[[-4.464,48.639],[-4.463,48.638],[-4.463,48.638],[-4.464,48.639]]],[[[-4.438,48.657],[-4.437,48.658],[-4.437,48.656],[-4.438,48.657]]],[[[-3.968,47.713],[-3.965,47.713],[-3.967,47.712],[-3.968,47.713]]],[[[-3.957,47.712],[-3.954,47.722],[-3.955,47.725],[-3.951,47.72],[-3.957,47.712]]],[[[-3.974,47.725],[-3.974,47.725],[-3.974,47.725],[-3.974,47.725]]],[[[-3.555,47.764],[-3.555,47.764],[-3.555,47.764],[-3.555,47.764]]],[[[-3.578,47.767],[-3.577,47.767],[-3.578,47.767],[-3.578,47.767]]],[[[-3.565,47.769],[-3.565,47.769],[-3.565,47.768],[-3.565,47.769]]],[[[-3.595,47.768],[-3.594,47.769],[-3.594,47.768],[-3.595,47.768]]],[[[-3.64,47.774],[-3.64,47.774],[-3.64,47.774],[-3.64,47.774]]],[[[-3.643,47.774],[-3.643,47.774],[-3.643,47.774],[-3.643,47.774]]],[[[-3.674,47.776],[-3.674,47.776],[-3.674,47.776],[-3.674,47.776]]],[[[-3.672,47.778],[-3.672,47.777],[-3.673,47.778],[-3.672,47.778]]],[[[-3.801,47.77],[-3.801,47.77],[-3.801,47.77],[-3.801,47.77]]],[[[-3.672,47.778],[-3.672,47.778],[-3.671,47.778],[-3.672,47.778]]],[[[-3.801,47.772],[-3.799,47.772],[-3.801,47.771],[-3.801,47.772]]],[[[-3.688,47.779],[-3.688,47.779],[-3.688,47.779],[-3.688,47.779]]],[[[-3.705,47.788],[-3.705,47.787],[-3.706,47.787],[-3.705,47.788]]],[[[-3.803,47.784],[-3.8,47.785],[-3.799,47.783],[-3.803,47.784]]],[[[-3.732,47.803],[-3.732,47.803],[-3.732,47.803],[-3.732,47.803]]],[[[-3.899,47.833],[-3.899,47.833],[-3.899,47.833],[-3.899,47.833]]],[[[-3.902,47.834],[-3.902,47.834],[-3.902,47.834],[-3.902,47.834]]],[[[-3.913,47.871],[-3.913,47.873],[-3.912,47.873],[-3.913,47.871]]],[[[-3.942,48.661],[-3.943,48.66],[-3.943,48.66],[-3.942,48.661]]],[[[-3.889,48.673],[-3.888,48.673],[-3.888,48.673],[-3.889,48.673]]],[[[-3.895,48.674],[-3.895,48.673],[-3.895,48.673],[-3.895,48.674]]],[[[-3.865,48.677],[-3.865,48.676],[-3.866,48.677],[-3.865,48.677]]],[[[-3.885,48.676],[-3.884,48.676],[-3.884,48.676],[-3.885,48.676]]],[[[-3.928,48.678],[-3.929,48.678],[-3.929,48.678],[-3.928,48.678]]],[[[-3.927,48.678],[-3.927,48.678],[-3.927,48.678],[-3.927,48.678]]],[[[-3.927,48.682],[-3.927,48.682],[-3.927,48.682],[-3.927,48.682]]],[[[-3.894,48.691],[-3.893,48.69],[-3.894,48.69],[-3.894,48.691]]],[[[-3.923,48.68],[-3.926,48.699],[-3.919,48.684],[-3.923,48.68]]],[[[-3.92,48.69],[-3.92,48.69],[-3.92,48.69],[-3.92,48.69]]],[[[-3.909,48.703],[-3.91,48.703],[-3.909,48.704],[-3.909,48.703]]],[[[-3.826,48.71],[-3.826,48.71],[-3.826,48.71],[-3.826,48.71]]],[[[-4.071,48.705],[-4.064,48.707],[-4.06,48.703],[-4.071,48.705]]],[[[-3.822,48.72],[-3.822,48.719],[-3.823,48.72],[-3.822,48.72]]],[[[-4.078,48.707],[-4.076,48.707],[-4.076,48.706],[-4.078,48.707]]],[[[-3.964,48.714],[-3.963,48.715],[-3.964,48.714],[-3.964,48.714]]],[[[-4.009,48.728],[-4.009,48.727],[-4.01,48.728],[-4.009,48.728]]],[[[-3.988,48.732],[-3.987,48.731],[-3.988,48.731],[-3.988,48.732]]],[[[-3.971,48.736],[-3.97,48.737],[-3.97,48.735],[-3.971,48.736]]],[[[-4.039,48.747],[-4.006,48.753],[-3.989,48.739],[-4.013,48.744],[-4.012,48.738],[-4.023,48.739],[-4.039,48.747]]]],"type":"MultiPolygon"}},{"type":"Feature","properties":{"c":"79","n":"Deux-Sèvres","p":375229,"a":[-0.3179,46.5343],"pt":{"30_27":[40,86,100,0],"10_27":[0,26,7,0],"30_40":[30,99,100,0],"10_40":[0,23,5,0]},"s3":{"30_27":31,"10_27":0,"30_40":30,"10_40":0},"s2":{"30_27":95,"10_27":2,"30_40":99,"10_40":5},"p3":{"30_27":49,"10_27":0,"30_40":46,"10_40":0}},"geometry":{"coordinates":[[[-0.166,47.065],[-0.147,47.07],[-0.129,47.054],[-0.102,47.065],[-0.077,47.008],[-0.094,47.013],[-0.086,46.985],[-0.055,46.995],[-0.034,46.983],[-0.046,46.962],[-0.022,46.939],[-0.009,46.908],[-0.036,46.875],[0.034,46.854],[0.017,46.835],[-0.012,46.848],[-0.046,46.832],[-0.05,46.821],[-0.03,46.82],[-0.02,46.813],[-0.007,46.822],[0.008,46.814],[-0.027,46.789],[-0.017,46.78],[-0.023,46.769],[-0.012,46.754],[-0.001,46.762],[0.038,46.732],[-0.002,46.716],[0.003,46.7],[-0.021,46.693],[-0.007,46.683],[-0.04,46.664],[-0.032,46.651],[-0.068,46.63],[-0.066,46.623],[-0.03,46.627],[-0.019,46.639],[0.001,46.643],[-0.014,46.615],[0.022,46.615],[0.023,46.595],[0.043,46.591],[-0.008,46.568],[-0.011,46.553],[0.008,46.548],[0.007,46.542],[-0.007,46.523],[-0.031,46.525],[-0.041,46.493],[-0.029,46.486],[-0.047,46.483],[-0.038,46.482],[-0.043,46.47],[-0.015,46.476],[-0.01,46.468],[-0.019,46.453],[-0.01,46.45],[-0.011,46.423],[-0.024,46.401],[-0.009,46.404],[-0.008,46.389],[0.016,46.392],[0.022,46.377],[0.034,46.374],[0.014,46.353],[0.037,46.345],[0.023,46.346],[0.015,46.326],[0.031,46.33],[0.078,46.305],[0.125,46.349],[0.154,46.345],[0.174,46.333],[0.165,46.318],[0.17,46.305],[0.152,46.303],[0.172,46.278],[0.16,46.267],[0.129,46.267],[0.144,46.229],[0.13,46.227],[0.114,46.212],[0.108,46.186],[0.139,46.181],[0.155,46.157],[0.18,46.149],[0.193,46.152],[0.195,46.161],[0.22,46.158],[0.216,46.139],[0.197,46.129],[0.204,46.122],[0.188,46.111],[0.197,46.095],[0.187,46.088],[0.17,46.081],[0.136,46.104],[0.115,46.096],[0.097,46.106],[0.097,46.089],[0.066,46.091],[0.051,46.079],[0.063,46.073],[0.038,46.07],[0.019,46.053],[0.005,46.06],[-0.04,46.053],[-0.021,46.029],[-0.046,46.021],[-0.058,45.999],[-0.041,45.999],[-0.038,45.992],[-0.103,45.97],[-0.137,45.979],[-0.139,45.999],[-0.165,46.011],[-0.163,46.022],[-0.172,46.023],[-0.16,46.037],[-0.189,46.026],[-0.192,46.055],[-0.213,46.044],[-0.273,46.057],[-0.292,46.088],[-0.304,46.078],[-0.331,46.083],[-0.363,46.076],[-0.358,46.083],[-0.383,46.098],[-0.401,46.084],[-0.422,46.094],[-0.421,46.113],[-0.44,46.105],[-0.44,46.095],[-0.453,46.103],[-0.506,46.107],[-0.516,46.112],[-0.511,46.13],[-0.529,46.13],[-0.527,46.137],[-0.547,46.144],[-0.565,46.142],[-0.579,46.148],[-0.583,46.14],[-0.6,46.144],[-0.619,46.137],[-0.633,46.15],[-0.604,46.158],[-0.647,46.166],[-0.667,46.185],[-0.691,46.18],[-0.696,46.186],[-0.686,46.19],[-0.698,46.192],[-0.68,46.197],[-0.689,46.217],[-0.752,46.245],[-0.755,46.253],[-0.735,46.268],[-0.755,46.302],[-0.72,46.303],[-0.72,46.315],[-0.697,46.325],[-0.648,46.317],[-0.637,46.324],[-0.637,46.337],[-0.605,46.347],[-0.603,46.361],[-0.577,46.355],[-0.562,46.36],[-0.538,46.386],[-0.61,46.414],[-0.621,46.391],[-0.641,46.397],[-0.629,46.404],[-0.64,46.411],[-0.637,46.432],[-0.619,46.439],[-0.619,46.455],[-0.614,46.449],[-0.608,46.455],[-0.619,46.476],[-0.631,46.479],[-0.625,46.498],[-0.645,46.509],[-0.638,46.513],[-0.644,46.522],[-0.628,46.53],[-0.608,46.526],[-0.602,46.548],[-0.606,46.564],[-0.618,46.562],[-0.625,46.575],[-0.612,46.588],[-0.627,46.606],[-0.614,46.622],[-0.634,46.637],[-0.659,46.636],[-0.637,46.663],[-0.681,46.687],[-0.656,46.701],[-0.678,46.726],[-0.703,46.735],[-0.694,46.743],[-0.698,46.752],[-0.715,46.752],[-0.727,46.768],[-0.718,46.8],[-0.699,46.811],[-0.709,46.822],[-0.733,46.822],[-0.782,46.843],[-0.817,46.881],[-0.832,46.885],[-0.807,46.92],[-0.821,46.918],[-0.829,46.933],[-0.841,46.929],[-0.848,46.941],[-0.858,46.935],[-0.85,46.946],[-0.88,46.946],[-0.876,46.955],[-0.86,46.949],[-0.869,46.956],[-0.864,46.962],[-0.878,46.956],[-0.877,46.969],[-0.888,46.973],[-0.899,46.966],[-0.904,46.972],[-0.882,46.977],[-0.858,46.969],[-0.844,46.99],[-0.836,46.986],[-0.812,46.995],[-0.816,46.99],[-0.808,46.987],[-0.787,47.005],[-0.772,47.005],[-0.762,46.992],[-0.743,46.992],[-0.743,47.001],[-0.716,46.984],[-0.697,46.995],[-0.68,46.988],[-0.672,47.003],[-0.646,46.992],[-0.595,46.998],[-0.565,47.02],[-0.562,47.03],[-0.542,47.033],[-0.556,47.043],[-0.558,47.064],[-0.493,47.083],[-0.459,47.082],[-0.485,47.066],[-0.48,47.053],[-0.461,47.069],[-0.427,47.073],[-0.407,47.066],[-0.396,47.092],[-0.385,47.087],[-0.354,47.095],[-0.335,47.088],[-0.263,47.106],[-0.263,47.099],[-0.241,47.106],[-0.206,47.093],[-0.185,47.109],[-0.141,47.104],[-0.146,47.092],[-0.179,47.07],[-0.166,47.065]]],"type":"Polygon"}},{"type":"Feature","properties":{"c":"93","n":"Seine-Saint-Denis","p":1704316,"a":[2.4534,48.9099],"pt":{"30_27":[21,25,100,0],"10_27":[0,0,0,0],"30_40":[0,0,22,0],"10_40":[0,0,0,0]},"s3":{"30_27":1,"10_27":0,"30_40":0,"10_40":0},"s2":{"30_27":44,"10_27":0,"30_40":0,"10_40":0},"p3":{"30_27":1,"10_27":0,"30_40":0,"10_40":0}},"geometry":{"coordinates":[[[2.587,48.865],[2.574,48.853],[2.593,48.827],[2.592,48.807],[2.57,48.815],[2.572,48.824],[2.538,48.837],[2.535,48.845],[2.496,48.861],[2.416,48.849],[2.412,48.876],[2.391,48.901],[2.32,48.9],[2.314,48.914],[2.334,48.928],[2.335,48.941],[2.291,48.951],[2.29,48.962],[2.299,48.966],[2.333,48.955],[2.344,48.968],[2.353,48.966],[2.366,48.974],[2.407,48.956],[2.459,48.955],[2.515,48.982],[2.532,49.005],[2.549,49.003],[2.555,49.011],[2.569,49.011],[2.565,49.006],[2.581,48.986],[2.579,48.979],[2.562,48.979],[2.603,48.931],[2.589,48.922],[2.587,48.894],[2.559,48.885],[2.571,48.88],[2.568,48.866],[2.587,48.865]]],"type":"Polygon"}},{"type":"Feature","properties":{"c":"05","n":"Hautes-Alpes","p":143467,"a":[6.3409,44.6497],"pt":{"30_27":[4,2,34,100],"10_27":[0,0,20,32],"30_40":[7,1,40,98],"10_40":[0,0,32,28]},"s3":{"30_27":5,"10_27":0,"30_40":7,"10_40":0},"s2":{"30_27":34,"10_27":0,"30_40":40,"10_40":0},"p3":{"30_27":7,"10_27":0,"30_40":9,"10_40":0}},"geometry":{"coordinates":[[[5.673,44.246],[5.687,44.267],[5.676,44.276],[5.647,44.267],[5.632,44.284],[5.643,44.294],[5.637,44.3],[5.608,44.307],[5.63,44.334],[5.561,44.336],[5.548,44.33],[5.522,44.351],[5.493,44.337],[5.483,44.35],[5.468,44.352],[5.462,44.368],[5.432,44.371],[5.43,44.377],[5.444,44.38],[5.443,44.392],[5.418,44.425],[5.438,44.434],[5.477,44.42],[5.498,44.437],[5.464,44.448],[5.459,44.469],[5.468,44.473],[5.458,44.499],[5.471,44.5],[5.48,44.491],[5.516,44.492],[5.559,44.473],[5.57,44.477],[5.596,44.467],[5.611,44.469],[5.629,44.501],[5.665,44.502],[5.627,44.535],[5.615,44.533],[5.597,44.543],[5.635,44.609],[5.647,44.612],[5.642,44.651],[5.68,44.652],[5.728,44.639],[5.739,44.641],[5.736,44.65],[5.753,44.649],[5.747,44.655],[5.754,44.663],[5.79,44.653],[5.799,44.674],[5.83,44.69],[5.826,44.702],[5.801,44.707],[5.829,44.742],[5.827,44.76],[5.882,44.747],[5.9,44.758],[5.92,44.751],[5.938,44.764],[5.951,44.76],[5.953,44.771],[5.98,44.781],[5.978,44.791],[5.95,44.804],[5.979,44.819],[6.005,44.821],[6.016,44.836],[6.03,44.838],[6.056,44.816],[6.112,44.844],[6.133,44.865],[6.168,44.852],[6.196,44.859],[6.25,44.852],[6.269,44.87],[6.289,44.874],[6.304,44.874],[6.323,44.852],[6.354,44.853],[6.359,44.941],[6.323,44.953],[6.33,44.969],[6.315,44.98],[6.324,44.999],[6.306,45.005],[6.253,44.995],[6.204,45.012],[6.219,45.064],[6.244,45.071],[6.229,45.108],[6.261,45.127],[6.294,45.109],[6.334,45.123],[6.365,45.102],[6.375,45.083],[6.365,45.07],[6.396,45.061],[6.434,45.064],[6.453,45.052],[6.487,45.056],[6.48,45.094],[6.51,45.109],[6.539,45.099],[6.561,45.105],[6.576,45.123],[6.615,45.122],[6.648,45.085],[6.645,45.076],[6.662,45.072],[6.659,45.052],[6.67,45.044],[6.664,45.034],[6.673,45.02],[6.723,45.022],[6.744,45.015],[6.752,44.997],[6.738,44.99],[6.765,44.962],[6.744,44.937],[6.761,44.934],[6.748,44.922],[6.751,44.906],[6.773,44.903],[6.785,44.889],[6.802,44.891],[6.805,44.877],[6.863,44.851],[6.912,44.845],[6.931,44.864],[6.968,44.847],[7.001,44.842],[7.01,44.826],[7.024,44.823],[7.0,44.79],[7.022,44.771],[7.029,44.73],[7.042,44.719],[7.066,44.713],[7.077,44.681],[7.06,44.68],[7.029,44.692],[6.987,44.69],[6.963,44.678],[6.948,44.655],[6.916,44.66],[6.883,44.63],[6.858,44.629],[6.843,44.609],[6.8,44.604],[6.792,44.592],[6.767,44.588],[6.771,44.575],[6.752,44.57],[6.738,44.553],[6.704,44.539],[6.68,44.542],[6.673,44.506],[6.642,44.486],[6.632,44.447],[6.468,44.452],[6.458,44.466],[6.445,44.466],[6.435,44.475],[6.424,44.468],[6.412,44.471],[6.399,44.494],[6.358,44.523],[6.332,44.51],[6.348,44.498],[6.339,44.471],[6.327,44.464],[6.293,44.481],[6.265,44.466],[6.234,44.464],[6.263,44.412],[6.249,44.389],[6.227,44.382],[6.175,44.439],[6.16,44.435],[6.156,44.462],[6.115,44.476],[6.102,44.472],[6.084,44.478],[6.071,44.451],[6.076,44.439],[6.057,44.452],[6.026,44.434],[6.018,44.419],[5.955,44.397],[5.937,44.359],[5.918,44.339],[5.903,44.338],[5.898,44.316],[5.925,44.314],[5.927,44.294],[5.913,44.288],[5.913,44.269],[5.925,44.266],[5.921,44.248],[5.881,44.271],[5.869,44.295],[5.848,44.301],[5.836,44.298],[5.824,44.279],[5.827,44.263],[5.86,44.245],[5.876,44.214],[5.915,44.203],[5.909,44.191],[5.832,44.2],[5.795,44.214],[5.777,44.206],[5.751,44.209],[5.692,44.187],[5.676,44.192],[5.687,44.196],[5.676,44.212],[5.683,44.235],[5.673,44.246]]],"type":"Polygon"}},{"type":"Feature","properties":{"c":"82","n":"Tarn-et-Garonne","p":265817,"a":[1.2044,44.0813],"pt":{"30_27":[100,75,94,0],"10_27":[92,1,1,0],"30_40":[100,90,96,0],"10_40":[96,1,1,0]},"s3":{"30_27":74,"10_27":1,"30_40":86,"10_40":1},"s2":{"30_27":95,"10_27":1,"30_40":100,"10_40":1},"p3":{"30_27":93,"10_27":1,"30_40":96,"10_40":1}},"geometry":{"coordinates":[[[1.473,44.284],[1.486,44.278],[1.484,44.273],[1.509,44.274],[1.527,44.261],[1.518,44.249],[1.541,44.227],[1.575,44.234],[1.587,44.249],[1.577,44.27],[1.561,44.279],[1.579,44.284],[1.571,44.302],[1.617,44.297],[1.614,44.28],[1.634,44.269],[1.652,44.285],[1.632,44.294],[1.634,44.299],[1.653,44.296],[1.66,44.283],[1.663,44.294],[1.669,44.29],[1.671,44.298],[1.696,44.313],[1.737,44.318],[1.737,44.327],[1.756,44.326],[1.775,44.312],[1.794,44.335],[1.806,44.337],[1.827,44.324],[1.833,44.336],[1.847,44.338],[1.853,44.332],[1.882,44.34],[1.886,44.335],[1.859,44.32],[1.882,44.304],[1.869,44.292],[1.901,44.279],[1.94,44.283],[1.971,44.276],[1.962,44.242],[1.933,44.246],[1.918,44.22],[1.904,44.21],[1.891,44.213],[1.89,44.208],[1.907,44.201],[1.903,44.193],[1.911,44.185],[1.933,44.188],[1.931,44.178],[1.941,44.17],[1.945,44.182],[1.962,44.184],[1.981,44.177],[1.977,44.162],[2.001,44.159],[1.988,44.149],[1.983,44.157],[1.97,44.143],[1.952,44.151],[1.94,44.148],[1.909,44.163],[1.895,44.154],[1.919,44.142],[1.906,44.13],[1.893,44.143],[1.885,44.137],[1.863,44.144],[1.849,44.135],[1.839,44.144],[1.829,44.133],[1.838,44.103],[1.807,44.126],[1.787,44.109],[1.793,44.1],[1.778,44.097],[1.747,44.117],[1.732,44.11],[1.724,44.118],[1.727,44.113],[1.706,44.117],[1.687,44.111],[1.659,44.117],[1.653,44.096],[1.67,44.088],[1.661,44.071],[1.671,44.06],[1.676,44.067],[1.692,44.063],[1.704,44.044],[1.692,44.022],[1.669,44.018],[1.671,44.011],[1.649,44.012],[1.658,43.996],[1.63,43.99],[1.619,43.974],[1.623,43.961],[1.567,43.965],[1.55,43.962],[1.55,43.955],[1.535,43.96],[1.541,43.945],[1.578,43.939],[1.573,43.917],[1.533,43.922],[1.524,43.904],[1.515,43.906],[1.492,43.887],[1.477,43.908],[1.449,43.87],[1.418,43.871],[1.405,43.885],[1.393,43.881],[1.365,43.89],[1.348,43.869],[1.365,43.856],[1.36,43.851],[1.331,43.851],[1.319,43.858],[1.294,43.846],[1.314,43.832],[1.327,43.838],[1.355,43.836],[1.36,43.817],[1.311,43.8],[1.282,43.796],[1.278,43.803],[1.267,43.798],[1.281,43.791],[1.273,43.785],[1.213,43.768],[1.206,43.775],[1.218,43.782],[1.217,43.792],[1.18,43.795],[1.144,43.822],[1.11,43.796],[1.111,43.805],[1.083,43.816],[1.057,43.798],[1.036,43.804],[1.026,43.798],[0.992,43.797],[0.971,43.785],[0.924,43.793],[0.915,43.784],[0.898,43.786],[0.905,43.81],[0.926,43.832],[0.895,43.84],[0.895,43.85],[0.912,43.85],[0.884,43.875],[0.884,43.891],[0.904,43.899],[0.863,43.924],[0.843,43.915],[0.809,43.933],[0.77,43.922],[0.758,43.945],[0.785,43.956],[0.795,43.975],[0.827,43.997],[0.818,44.009],[0.825,44.015],[0.813,44.025],[0.825,44.03],[0.841,44.025],[0.851,44.037],[0.865,44.039],[0.82,44.056],[0.764,44.03],[0.752,44.067],[0.738,44.071],[0.756,44.107],[0.775,44.117],[0.799,44.111],[0.788,44.144],[0.82,44.144],[0.867,44.126],[0.881,44.13],[0.883,44.143],[0.894,44.138],[0.885,44.161],[0.89,44.172],[0.871,44.168],[0.853,44.175],[0.853,44.184],[0.862,44.194],[0.906,44.19],[0.929,44.23],[0.919,44.238],[0.934,44.249],[0.928,44.267],[0.94,44.263],[0.951,44.275],[0.926,44.287],[0.916,44.302],[0.895,44.297],[0.885,44.308],[0.869,44.309],[0.873,44.324],[0.894,44.343],[0.887,44.365],[0.896,44.382],[0.92,44.384],[0.935,44.372],[0.941,44.344],[0.948,44.361],[0.972,44.362],[0.977,44.356],[0.997,44.369],[1.048,44.362],[1.062,44.365],[1.064,44.379],[1.103,44.392],[1.136,44.393],[1.133,44.371],[1.107,44.37],[1.105,44.364],[1.088,44.371],[1.092,44.36],[1.081,44.354],[1.116,44.338],[1.11,44.323],[1.151,44.307],[1.161,44.311],[1.168,44.303],[1.181,44.31],[1.178,44.292],[1.204,44.282],[1.214,44.268],[1.221,44.28],[1.248,44.266],[1.255,44.286],[1.271,44.281],[1.283,44.291],[1.304,44.294],[1.294,44.273],[1.305,44.262],[1.285,44.253],[1.281,44.236],[1.306,44.227],[1.318,44.233],[1.326,44.226],[1.335,44.229],[1.358,44.203],[1.381,44.225],[1.453,44.255],[1.453,44.267],[1.463,44.266],[1.473,44.284]]],"type":"Polygon"}},{"type":"Feature","properties":{"c":"86","n":"Vienne","p":438897,"a":[0.4589,46.6179],"pt":{"30_27":[42,96,96,0],"10_27":[0,13,1,0],"30_40":[16,100,99,0],"10_40":[0,17,1,0]},"s3":{"30_27":41,"10_27":0,"30_40":16,"10_40":0},"s2":{"30_27":94,"10_27":0,"30_40":99,"10_40":1},"p3":{"30_27":34,"10_27":0,"30_40":7,"10_40":0}},"geometry":{"coordinates":[[[0.808,46.829],[0.815,46.788],[0.828,46.787],[0.828,46.777],[0.859,46.761],[0.877,46.738],[0.902,46.736],[0.928,46.696],[0.902,46.679],[0.912,46.675],[0.907,46.666],[0.918,46.65],[0.906,46.649],[0.894,46.627],[0.907,46.62],[0.911,46.602],[0.938,46.594],[0.941,46.581],[0.964,46.571],[1.014,46.568],[1.022,46.536],[1.088,46.538],[1.125,46.521],[1.149,46.502],[1.133,46.498],[1.158,46.47],[1.135,46.471],[1.152,46.449],[1.186,46.441],[1.187,46.428],[1.213,46.433],[1.193,46.41],[1.197,46.402],[1.177,46.384],[1.158,46.39],[1.151,46.37],[1.129,46.363],[1.13,46.347],[1.105,46.356],[1.101,46.364],[1.078,46.358],[1.05,46.363],[1.027,46.343],[1.022,46.311],[1.009,46.308],[1.012,46.299],[1.002,46.292],[1.006,46.281],[0.952,46.285],[0.936,46.293],[0.93,46.281],[0.9,46.29],[0.891,46.269],[0.861,46.262],[0.858,46.249],[0.847,46.249],[0.848,46.229],[0.806,46.227],[0.793,46.213],[0.802,46.2],[0.817,46.197],[0.818,46.185],[0.837,46.179],[0.828,46.175],[0.84,46.165],[0.831,46.163],[0.832,46.15],[0.847,46.138],[0.834,46.128],[0.814,46.139],[0.786,46.129],[0.745,46.141],[0.728,46.135],[0.713,46.14],[0.711,46.129],[0.675,46.112],[0.687,46.097],[0.619,46.093],[0.604,46.086],[0.61,46.077],[0.596,46.073],[0.594,46.081],[0.574,46.078],[0.564,46.09],[0.54,46.086],[0.52,46.115],[0.498,46.123],[0.509,46.132],[0.492,46.136],[0.488,46.128],[0.471,46.129],[0.462,46.11],[0.443,46.102],[0.447,46.086],[0.479,46.085],[0.472,46.073],[0.481,46.066],[0.469,46.069],[0.469,46.062],[0.45,46.052],[0.413,46.049],[0.389,46.068],[0.379,46.062],[0.329,46.067],[0.326,46.061],[0.278,46.06],[0.256,46.08],[0.193,46.098],[0.188,46.111],[0.204,46.122],[0.197,46.129],[0.216,46.139],[0.22,46.158],[0.195,46.161],[0.193,46.152],[0.18,46.149],[0.155,46.157],[0.139,46.181],[0.108,46.186],[0.114,46.212],[0.13,46.227],[0.144,46.229],[0.129,46.267],[0.16,46.267],[0.172,46.278],[0.152,46.303],[0.17,46.305],[0.165,46.318],[0.177,46.331],[0.154,46.345],[0.125,46.349],[0.078,46.305],[0.031,46.33],[0.015,46.326],[0.023,46.346],[0.037,46.345],[0.014,46.353],[0.034,46.374],[0.022,46.377],[0.016,46.392],[-0.008,46.389],[-0.009,46.404],[-0.024,46.401],[-0.011,46.423],[-0.01,46.45],[-0.019,46.453],[-0.01,46.468],[-0.015,46.476],[-0.043,46.47],[-0.038,46.482],[-0.047,46.483],[-0.029,46.486],[-0.041,46.493],[-0.031,46.525],[-0.007,46.523],[0.007,46.542],[0.008,46.548],[-0.011,46.553],[-0.008,46.568],[0.043,46.591],[0.023,46.595],[0.022,46.615],[-0.014,46.615],[0.001,46.643],[-0.019,46.639],[-0.03,46.627],[-0.066,46.623],[-0.068,46.63],[-0.032,46.651],[-0.04,46.664],[-0.007,46.683],[-0.021,46.693],[0.003,46.7],[-0.002,46.716],[0.038,46.732],[-0.001,46.762],[-0.012,46.754],[-0.023,46.769],[-0.017,46.78],[-0.027,46.789],[0.008,46.814],[-0.007,46.822],[-0.02,46.813],[-0.03,46.82],[-0.05,46.821],[-0.046,46.832],[-0.012,46.848],[0.017,46.835],[0.034,46.854],[-0.036,46.875],[-0.009,46.908],[-0.022,46.939],[-0.045,46.959],[-0.034,46.977],[-0.038,46.991],[-0.066,46.994],[-0.086,46.985],[-0.094,47.013],[-0.077,47.008],[-0.105,47.071],[-0.099,47.09],[-0.086,47.101],[-0.041,47.094],[-0.036,47.087],[-0.027,47.106],[-0.041,47.114],[-0.011,47.158],[0.019,47.176],[0.036,47.16],[0.049,47.169],[0.066,47.143],[0.078,47.146],[0.081,47.119],[0.105,47.121],[0.111,47.13],[0.124,47.128],[0.127,47.12],[0.141,47.125],[0.135,47.107],[0.162,47.1],[0.182,47.115],[0.201,47.091],[0.175,47.072],[0.176,47.061],[0.192,47.065],[0.214,47.054],[0.244,47.072],[0.268,47.068],[0.26,47.056],[0.268,47.042],[0.305,47.053],[0.31,47.026],[0.299,47.02],[0.313,46.998],[0.291,46.99],[0.306,46.986],[0.301,46.956],[0.325,46.931],[0.367,46.95],[0.439,46.929],[0.445,46.941],[0.505,46.96],[0.599,46.956],[0.601,46.973],[0.575,46.983],[0.568,47.007],[0.62,47.007],[0.633,46.987],[0.693,46.974],[0.706,46.937],[0.704,46.904],[0.753,46.86],[0.771,46.864],[0.767,46.851],[0.796,46.85],[0.787,46.84],[0.808,46.829]]],"type":"Polygon"}},{"type":"Feature","properties":{"c":"13","n":"Bouches-du-Rhône","p":2087658,"a":[5.375,43.5388],"pt":{"30_27":[100,100,100,99],"10_27":[100,99,100,1],"30_40":[100,100,100,100],"10_40":[99,100,100,1]},"s3":{"30_27":100,"10_27":100,"30_40":100,"10_40":100},"s2":{"30_27":100,"10_27":100,"30_40":100,"10_40":100},"p3":{"30_27":100,"10_27":100,"30_40":100,"10_40":100}},"geometry":{"coordinates":[[[[5.229,43.198],[5.23,43.199],[5.231,43.199],[5.229,43.198]]],[[[5.08,43.324],[5.08,43.325],[5.08,43.325],[5.08,43.324]]],[[[5.184,43.33],[5.184,43.33],[5.184,43.33],[5.184,43.33]]],[[[5.237,43.33],[5.236,43.329],[5.235,43.33],[5.237,43.33]]],[[[4.881,43.358],[4.881,43.358],[4.881,43.357],[4.881,43.358]]],[[[4.877,43.36],[4.88,43.359],[4.878,43.356],[4.877,43.36]]],[[[4.874,43.369],[4.877,43.365],[4.876,43.362],[4.874,43.369]]],[[[4.899,43.368],[4.901,43.369],[4.899,43.368],[4.899,43.368]]],[[[4.901,43.37],[4.898,43.369],[4.898,43.37],[4.901,43.37]]],[[[4.847,43.376],[4.846,43.375],[4.846,43.376],[4.847,43.376]]],[[[4.851,43.376],[4.85,43.377],[4.851,43.377],[4.851,43.376]]],[[[4.858,43.378],[4.857,43.378],[4.856,43.378],[4.858,43.378]]],[[[4.987,43.394],[4.986,43.393],[4.985,43.394],[4.987,43.394]]],[[[5.055,43.405],[5.051,43.404],[5.049,43.404],[5.055,43.405]]],[[[5.056,43.406],[5.057,43.405],[5.055,43.405],[5.05,43.405],[5.056,43.406]]],[[[5.156,43.461],[5.156,43.461],[5.156,43.461],[5.156,43.461]]],[[[5.16,43.463],[5.159,43.463],[5.16,43.463],[5.16,43.463]]],[[[5.317,43.736],[5.439,43.681],[5.532,43.659],[5.607,43.659],[5.674,43.694],[5.714,43.691],[5.753,43.725],[5.787,43.717],[5.788,43.697],[5.813,43.689],[5.8,43.66],[5.745,43.657],[5.71,43.641],[5.699,43.643],[5.688,43.615],[5.678,43.611],[5.692,43.585],[5.656,43.578],[5.668,43.565],[5.725,43.551],[5.716,43.504],[5.702,43.496],[5.699,43.482],[5.728,43.467],[5.751,43.434],[5.788,43.42],[5.755,43.402],[5.701,43.408],[5.683,43.399],[5.705,43.356],[5.686,43.34],[5.685,43.323],[5.681,43.321],[5.678,43.321],[5.669,43.32],[5.669,43.319],[5.691,43.313],[5.727,43.317],[5.763,43.282],[5.761,43.267],[5.712,43.253],[5.702,43.239],[5.682,43.235],[5.672,43.18],[5.651,43.189],[5.623,43.187],[5.606,43.174],[5.616,43.17],[5.606,43.166],[5.608,43.161],[5.597,43.167],[5.57,43.174],[5.537,43.215],[5.515,43.203],[5.514,43.204],[5.516,43.205],[5.516,43.207],[5.519,43.208],[5.521,43.21],[5.521,43.211],[5.512,43.205],[5.51,43.198],[5.511,43.204],[5.498,43.202],[5.5,43.197],[5.493,43.204],[5.454,43.212],[5.443,43.213],[5.455,43.203],[5.451,43.201],[5.402,43.214],[5.364,43.207],[5.337,43.214],[5.346,43.215],[5.364,43.246],[5.373,43.245],[5.376,43.258],[5.37,43.268],[5.346,43.282],[5.355,43.289],[5.356,43.295],[5.364,43.291],[5.374,43.294],[5.362,43.295],[5.359,43.298],[5.365,43.314],[5.347,43.33],[5.351,43.335],[5.328,43.345],[5.343,43.343],[5.325,43.355],[5.324,43.351],[5.317,43.354],[5.321,43.352],[5.316,43.353],[5.321,43.35],[5.321,43.35],[5.321,43.349],[5.313,43.355],[5.327,43.355],[5.324,43.358],[5.308,43.362],[5.294,43.36],[5.296,43.358],[5.302,43.359],[5.304,43.359],[5.224,43.328],[5.175,43.335],[5.149,43.326],[5.088,43.333],[5.081,43.327],[5.062,43.331],[5.054,43.324],[5.051,43.332],[5.041,43.327],[5.03,43.334],[5.019,43.342],[5.026,43.356],[5.017,43.355],[5.014,43.369],[4.986,43.393],[5.001,43.398],[4.997,43.402],[5.028,43.397],[5.115,43.405],[5.123,43.397],[5.137,43.399],[5.205,43.442],[5.198,43.451],[5.209,43.444],[5.226,43.452],[5.23,43.465],[5.223,43.483],[5.205,43.492],[5.164,43.472],[5.154,43.46],[5.155,43.459],[5.161,43.462],[5.157,43.455],[5.142,43.459],[5.112,43.506],[5.12,43.508],[5.126,43.505],[5.132,43.505],[5.121,43.508],[5.112,43.507],[5.119,43.51],[5.114,43.523],[5.059,43.528],[5.054,43.519],[5.046,43.521],[5.02,43.558],[5.012,43.552],[5.014,43.524],[4.999,43.508],[5.0,43.475],[5.052,43.464],[5.059,43.407],[4.987,43.406],[4.983,43.396],[4.969,43.426],[4.939,43.426],[4.933,43.433],[4.91,43.428],[4.902,43.411],[4.898,43.417],[4.89,43.414],[4.893,43.404],[4.885,43.414],[4.906,43.43],[4.882,43.42],[4.866,43.435],[4.861,43.454],[4.85,43.451],[4.876,43.411],[4.866,43.405],[4.828,43.43],[4.824,43.424],[4.857,43.404],[4.86,43.401],[4.861,43.401],[4.861,43.4],[4.841,43.404],[4.835,43.396],[4.854,43.39],[4.809,43.388],[4.808,43.384],[4.841,43.385],[4.845,43.388],[4.872,43.39],[4.853,43.388],[4.85,43.378],[4.829,43.376],[4.849,43.37],[4.851,43.377],[4.858,43.367],[4.866,43.369],[4.878,43.356],[4.883,43.355],[4.883,43.364],[4.891,43.361],[4.912,43.376],[4.911,43.39],[4.918,43.382],[4.914,43.377],[4.867,43.341],[4.863,43.335],[4.835,43.328],[4.778,43.348],[4.66,43.345],[4.583,43.362],[4.552,43.386],[4.56,43.394],[4.577,43.397],[4.57,43.395],[4.572,43.395],[4.57,43.394],[4.568,43.391],[4.568,43.391],[4.587,43.4],[4.587,43.423],[4.568,43.44],[4.536,43.452],[4.453,43.458],[4.423,43.446],[4.402,43.446],[4.371,43.454],[4.23,43.461],[4.24,43.499],[4.325,43.528],[4.308,43.546],[4.314,43.556],[4.323,43.554],[4.317,43.544],[4.334,43.535],[4.351,43.547],[4.381,43.553],[4.388,43.562],[4.409,43.561],[4.417,43.572],[4.403,43.573],[4.423,43.584],[4.461,43.59],[4.473,43.612],[4.44,43.611],[4.426,43.625],[4.451,43.665],[4.478,43.673],[4.486,43.699],[4.539,43.708],[4.595,43.687],[4.627,43.685],[4.613,43.727],[4.63,43.762],[4.652,43.782],[4.655,43.807],[4.642,43.831],[4.667,43.847],[4.66,43.853],[4.641,43.851],[4.648,43.859],[4.642,43.868],[4.693,43.885],[4.709,43.898],[4.698,43.897],[4.723,43.906],[4.739,43.924],[4.853,43.911],[4.902,43.888],[4.966,43.872],[5.03,43.827],[5.046,43.791],[5.173,43.739],[5.188,43.735],[5.229,43.747],[5.257,43.746],[5.317,43.736]]],[[[5.334,43.209],[5.338,43.213],[5.34,43.209],[5.334,43.209]]],[[[5.325,43.214],[5.328,43.215],[5.328,43.214],[5.325,43.214]]],[[[5.287,43.266],[5.304,43.276],[5.292,43.281],[5.324,43.286],[5.304,43.279],[5.311,43.275],[5.289,43.26],[5.287,43.266]]],[[[5.344,43.277],[5.344,43.278],[5.345,43.278],[5.344,43.277]]],[[[5.285,43.279],[5.287,43.279],[5.286,43.279],[5.285,43.279]]],[[[5.308,43.28],[5.308,43.28],[5.308,43.28],[5.308,43.28]]],[[[5.344,43.28],[5.345,43.279],[5.345,43.279],[5.344,43.28]]],[[[5.324,43.28],[5.328,43.28],[5.324,43.279],[5.324,43.28]]],[[[5.298,43.282],[5.298,43.282],[5.298,43.282],[5.298,43.282]]],[[[5.298,43.282],[5.297,43.283],[5.298,43.283],[5.298,43.282]]],[[[5.321,43.284],[5.322,43.284],[5.322,43.284],[5.321,43.284]]],[[[5.347,43.284],[5.346,43.284],[5.346,43.284],[5.347,43.284]]],[[[5.35,43.289],[5.347,43.291],[5.346,43.291],[5.35,43.289]]],[[[5.319,43.348],[5.328,43.342],[5.334,43.338],[5.34,43.336],[5.341,43.335],[5.361,43.311],[5.362,43.309],[5.358,43.299],[5.353,43.297],[5.361,43.309],[5.319,43.348]]],[[[5.317,43.357],[5.318,43.357],[5.317,43.357],[5.317,43.357]]],[[[5.316,43.357],[5.314,43.358],[5.316,43.357],[5.316,43.357]]],[[[5.302,43.36],[5.312,43.359],[5.313,43.357],[5.302,43.36]]],[[[5.311,43.361],[5.314,43.36],[5.313,43.36],[5.311,43.361]]],[[[5.615,43.159],[5.621,43.159],[5.619,43.157],[5.615,43.159]]],[[[5.608,43.164],[5.608,43.164],[5.608,43.164],[5.608,43.164]]],[[[5.598,43.164],[5.598,43.164],[5.598,43.164],[5.598,43.164]]],[[[5.394,43.17],[5.395,43.17],[5.394,43.17],[5.394,43.17]]],[[[5.597,43.165],[5.597,43.166],[5.597,43.166],[5.597,43.165]]],[[[5.401,43.175],[5.402,43.177],[5.403,43.176],[5.401,43.175]]],[[[5.371,43.176],[5.37,43.177],[5.371,43.177],[5.371,43.176]]],[[[5.373,43.177],[5.375,43.178],[5.381,43.181],[5.399,43.174],[5.386,43.173],[5.373,43.177]]],[[[5.396,43.179],[5.396,43.179],[5.397,43.179],[5.396,43.179]]],[[[5.379,43.18],[5.379,43.18],[5.379,43.18],[5.379,43.18]]],[[[5.384,43.187],[5.384,43.188],[5.392,43.186],[5.384,43.187]]],[[[5.356,43.201],[5.363,43.2],[5.372,43.194],[5.362,43.197],[5.356,43.201]]],[[[5.481,43.205],[5.481,43.204],[5.481,43.205],[5.481,43.205]]],[[[5.457,43.21],[5.457,43.21],[5.457,43.21],[5.457,43.21]]],[[[5.397,43.212],[5.397,43.212],[5.397,43.212],[5.397,43.212]]],[[[5.37,43.261],[5.37,43.263],[5.37,43.263],[5.37,43.261]]]],"type":"MultiPolygon"}},{"type":"Feature","properties":{"c":"58","n":"Nièvre","p":201417,"a":[3.5424,47.119],"pt":{"30_27":[1,0,0,10],"10_27":[0,0,0,0],"30_40":[2,0,0,10],"10_40":[0,0,0,0]},"s3":{"30_27":0,"10_27":0,"30_40":0,"10_40":0},"s2":{"30_27":0,"10_27":0,"30_40":0,"10_40":0},"p3":{"30_27":0,"10_27":0,"30_40":0,"10_40":0}},"geometry":{"coordinates":[[[3.058,46.832],[3.068,46.877],[3.05,46.909],[3.08,46.956],[3.063,46.979],[3.075,47.029],[3.064,47.046],[3.019,47.068],[3.031,47.092],[3.028,47.128],[2.979,47.23],[2.983,47.261],[2.911,47.31],[2.877,47.322],[2.872,47.346],[2.918,47.406],[2.932,47.438],[2.888,47.509],[2.849,47.538],[2.845,47.545],[2.857,47.553],[2.873,47.545],[2.874,47.553],[2.905,47.556],[2.914,47.566],[2.959,47.558],[2.978,47.57],[3.022,47.556],[3.06,47.57],[3.081,47.586],[3.101,47.588],[3.124,47.576],[3.116,47.569],[3.123,47.539],[3.135,47.543],[3.165,47.517],[3.182,47.518],[3.186,47.526],[3.191,47.52],[3.205,47.523],[3.236,47.488],[3.276,47.491],[3.285,47.504],[3.296,47.492],[3.307,47.495],[3.34,47.481],[3.338,47.47],[3.346,47.469],[3.345,47.479],[3.38,47.486],[3.39,47.509],[3.429,47.506],[3.446,47.512],[3.45,47.5],[3.488,47.494],[3.49,47.555],[3.498,47.561],[3.511,47.551],[3.513,47.527],[3.553,47.502],[3.581,47.498],[3.576,47.482],[3.587,47.456],[3.616,47.467],[3.62,47.456],[3.667,47.446],[3.674,47.45],[3.674,47.434],[3.702,47.427],[3.726,47.398],[3.786,47.405],[3.786,47.39],[3.802,47.39],[3.817,47.378],[3.831,47.393],[3.82,47.402],[3.83,47.408],[3.835,47.401],[3.848,47.412],[3.852,47.436],[3.867,47.435],[3.894,47.414],[3.877,47.398],[3.859,47.393],[3.872,47.366],[3.887,47.365],[3.909,47.382],[3.944,47.38],[3.95,47.394],[3.973,47.376],[3.962,47.368],[3.974,47.331],[4.003,47.31],[4.028,47.313],[4.044,47.34],[4.082,47.342],[4.113,47.334],[4.13,47.354],[4.142,47.356],[4.125,47.336],[4.129,47.317],[4.114,47.308],[4.134,47.306],[4.115,47.292],[4.125,47.248],[4.135,47.237],[4.179,47.254],[4.192,47.234],[4.222,47.22],[4.232,47.198],[4.21,47.18],[4.21,47.155],[4.197,47.147],[4.185,47.153],[4.145,47.143],[4.115,47.146],[4.117,47.132],[4.107,47.13],[4.114,47.119],[4.095,47.129],[4.091,47.116],[4.06,47.121],[4.051,47.113],[4.054,47.095],[4.039,47.081],[4.074,47.056],[4.057,47.039],[4.062,47.023],[4.032,46.999],[3.996,46.986],[3.995,46.975],[4.01,46.971],[4.039,46.985],[4.056,46.957],[4.04,46.948],[4.048,46.932],[4.036,46.926],[4.039,46.909],[4.045,46.9],[4.07,46.896],[4.101,46.865],[4.043,46.835],[4.058,46.821],[4.063,46.789],[4.055,46.776],[4.034,46.788],[4.019,46.776],[3.994,46.779],[3.967,46.769],[3.949,46.752],[3.929,46.751],[3.928,46.74],[3.911,46.743],[3.913,46.734],[3.887,46.727],[3.876,46.732],[3.873,46.725],[3.845,46.723],[3.829,46.705],[3.797,46.701],[3.777,46.73],[3.784,46.736],[3.74,46.752],[3.659,46.738],[3.64,46.739],[3.623,46.754],[3.602,46.751],[3.593,46.763],[3.576,46.75],[3.598,46.724],[3.577,46.715],[3.577,46.723],[3.569,46.715],[3.548,46.723],[3.561,46.689],[3.547,46.678],[3.53,46.689],[3.514,46.684],[3.486,46.653],[3.457,46.652],[3.442,46.662],[3.455,46.682],[3.453,46.69],[3.433,46.693],[3.434,46.712],[3.379,46.712],[3.366,46.69],[3.347,46.685],[3.314,46.689],[3.301,46.717],[3.27,46.717],[3.204,46.679],[3.166,46.691],[3.13,46.727],[3.084,46.737],[3.046,46.761],[3.032,46.797],[3.058,46.832]]],"type":"Polygon"}},{"type":"Feature","properties":{"c":"09","n":"Ariège","p":155722,"a":[1.4101,42.9415],"pt":{"30_27":[27,16,8,74],"10_27":[2,0,1,17],"30_40":[32,19,13,68],"10_40":[12,1,1,17]},"s3":{"30_27":7,"10_27":0,"30_40":12,"10_40":1},"s2":{"30_27":19,"10_27":0,"30_40":21,"10_40":1},"p3":{"30_27":10,"10_27":0,"30_40":18,"10_40":0}},"geometry":{"coordinates":[[[1.318,43.251],[1.331,43.262],[1.294,43.264],[1.302,43.272],[1.293,43.289],[1.303,43.286],[1.305,43.298],[1.318,43.296],[1.332,43.316],[1.373,43.31],[1.363,43.308],[1.376,43.288],[1.429,43.254],[1.416,43.226],[1.468,43.209],[1.487,43.228],[1.509,43.222],[1.493,43.237],[1.504,43.249],[1.489,43.259],[1.496,43.293],[1.506,43.286],[1.512,43.294],[1.518,43.289],[1.519,43.269],[1.547,43.278],[1.565,43.253],[1.571,43.276],[1.607,43.26],[1.637,43.255],[1.636,43.237],[1.655,43.244],[1.65,43.261],[1.675,43.281],[1.701,43.262],[1.695,43.247],[1.706,43.246],[1.702,43.24],[1.724,43.224],[1.726,43.212],[1.708,43.198],[1.711,43.187],[1.743,43.183],[1.783,43.151],[1.793,43.159],[1.826,43.145],[1.851,43.146],[1.842,43.155],[1.852,43.161],[1.857,43.144],[1.881,43.148],[1.881,43.127],[1.891,43.125],[1.894,43.115],[1.902,43.13],[1.914,43.134],[1.949,43.121],[1.956,43.085],[1.949,43.081],[1.964,43.069],[1.943,43.067],[1.941,43.053],[1.973,43.047],[1.985,43.033],[1.986,43.023],[1.97,43.008],[1.987,43.003],[1.985,42.967],[2.006,42.962],[1.995,42.953],[1.958,42.964],[1.952,42.955],[1.937,42.954],[1.934,42.939],[1.981,42.93],[1.992,42.905],[1.985,42.903],[1.981,42.879],[1.987,42.871],[1.946,42.856],[1.876,42.853],[1.876,42.84],[1.86,42.82],[1.896,42.808],[1.929,42.775],[1.909,42.769],[1.913,42.758],[1.946,42.746],[1.951,42.737],[2.004,42.733],[2.057,42.756],[2.086,42.752],[2.092,42.735],[2.14,42.712],[2.147,42.701],[2.168,42.696],[2.176,42.682],[2.166,42.664],[2.151,42.662],[2.128,42.672],[2.109,42.664],[2.047,42.664],[2.029,42.653],[1.999,42.662],[1.972,42.617],[1.95,42.618],[1.933,42.605],[1.9,42.615],[1.891,42.593],[1.874,42.59],[1.874,42.582],[1.838,42.585],[1.796,42.571],[1.781,42.583],[1.727,42.589],[1.736,42.616],[1.714,42.615],[1.683,42.625],[1.664,42.619],[1.637,42.63],[1.601,42.626],[1.575,42.648],[1.549,42.656],[1.519,42.645],[1.479,42.652],[1.468,42.631],[1.477,42.613],[1.457,42.602],[1.438,42.603],[1.42,42.625],[1.414,42.656],[1.387,42.669],[1.389,42.687],[1.351,42.703],[1.358,42.715],[1.357,42.72],[1.338,42.718],[1.332,42.725],[1.253,42.714],[1.229,42.728],[1.17,42.708],[1.133,42.728],[1.128,42.756],[1.079,42.788],[1.048,42.781],[1.006,42.791],[0.984,42.787],[0.96,42.806],[0.926,42.789],[0.861,42.821],[0.848,42.866],[0.835,42.872],[0.844,42.89],[0.827,42.916],[0.845,42.926],[0.884,42.932],[0.875,42.958],[0.906,42.957],[0.975,42.973],[1.003,43.005],[1.022,43.01],[0.986,43.03],[0.984,43.045],[0.993,43.04],[0.995,43.046],[0.984,43.051],[0.979,43.073],[0.997,43.072],[1.007,43.082],[0.991,43.093],[1.004,43.104],[1.001,43.114],[1.036,43.099],[1.051,43.12],[1.053,43.145],[1.06,43.138],[1.088,43.134],[1.09,43.142],[1.113,43.145],[1.124,43.157],[1.147,43.137],[1.166,43.13],[1.175,43.141],[1.207,43.12],[1.224,43.086],[1.262,43.092],[1.26,43.109],[1.28,43.11],[1.288,43.122],[1.302,43.124],[1.274,43.148],[1.219,43.153],[1.214,43.162],[1.233,43.188],[1.251,43.183],[1.274,43.196],[1.321,43.19],[1.328,43.205],[1.346,43.212],[1.372,43.212],[1.383,43.229],[1.373,43.245],[1.349,43.243],[1.318,43.251]]],"type":"Polygon"}},{"type":"Feature","properties":{"c":"90","n":"Territoire de Belfort","p":140255,"a":[6.9016,47.6289],"pt":{"30_27":[0,0,0,27],"10_27":[0,0,0,20],"30_40":[0,0,0,30],"10_40":[0,0,0,20]},"s3":{"30_27":0,"10_27":0,"30_40":0,"10_40":0},"s2":{"30_27":0,"10_27":0,"30_40":0,"10_40":0},"p3":{"30_27":0,"10_27":0,"30_40":0,"10_40":0}},"geometry":{"coordinates":[[[6.883,47.556],[6.816,47.549],[6.807,47.563],[6.821,47.574],[6.802,47.584],[6.778,47.616],[6.801,47.636],[6.78,47.657],[6.779,47.695],[6.756,47.726],[6.764,47.759],[6.842,47.825],[6.863,47.786],[6.911,47.778],[6.925,47.77],[6.94,47.772],[6.972,47.752],[7.016,47.744],[7.035,47.725],[7.026,47.701],[7.048,47.685],[7.038,47.676],[7.046,47.672],[7.034,47.661],[7.039,47.651],[7.017,47.65],[7.006,47.602],[7.02,47.589],[7.04,47.601],[7.081,47.596],[7.105,47.569],[7.106,47.552],[7.133,47.54],[7.143,47.525],[7.134,47.505],[7.113,47.495],[7.075,47.488],[7.022,47.504],[6.983,47.495],[7.002,47.454],[6.97,47.447],[6.964,47.436],[6.94,47.433],[6.931,47.458],[6.907,47.473],[6.916,47.478],[6.907,47.495],[6.93,47.5],[6.935,47.486],[6.949,47.486],[6.95,47.509],[6.907,47.526],[6.916,47.532],[6.902,47.55],[6.883,47.556]]],"type":"Polygon"}},{"type":"Feature","properties":{"c":"54","n":"Meurthe-et-Moselle","p":732236,"a":[5.9865,48.9538],"pt":{"30_27":[0,0,21,1],"10_27":[0,0,0,0],"30_40":[0,0,1,2],"10_40":[0,0,0,0]},"s3":{"30_27":0,"10_27":0,"30_40":0,"10_40":0},"s2":{"30_27":0,"10_27":0,"30_40":0,"10_40":0},"p3":{"30_27":0,"10_27":0,"30_40":0,"10_40":0}},"geometry":{"coordinates":[[[[5.765,48.701],[5.714,48.745],[5.742,48.753],[5.737,48.771],[5.776,48.79],[5.778,48.8],[5.763,48.794],[5.757,48.8],[5.769,48.804],[5.782,48.828],[5.764,48.873],[5.791,48.885],[5.747,48.916],[5.779,48.925],[5.795,48.945],[5.832,48.944],[5.851,48.958],[5.835,48.976],[5.801,48.986],[5.828,49.006],[5.813,49.005],[5.829,49.032],[5.854,49.042],[5.836,49.055],[5.836,49.066],[5.805,49.065],[5.813,49.083],[5.827,49.09],[5.816,49.103],[5.822,49.108],[5.784,49.113],[5.772,49.105],[5.757,49.112],[5.747,49.125],[5.772,49.14],[5.756,49.143],[5.76,49.153],[5.744,49.157],[5.766,49.198],[5.725,49.196],[5.719,49.216],[5.741,49.23],[5.721,49.248],[5.73,49.257],[5.725,49.269],[5.762,49.279],[5.769,49.305],[5.763,49.317],[5.734,49.31],[5.721,49.324],[5.739,49.354],[5.721,49.366],[5.712,49.363],[5.708,49.384],[5.687,49.394],[5.692,49.416],[5.68,49.414],[5.634,49.438],[5.616,49.432],[5.608,49.418],[5.6,49.424],[5.584,49.418],[5.57,49.423],[5.53,49.406],[5.5,49.409],[5.496,49.392],[5.481,49.382],[5.476,49.397],[5.447,49.404],[5.473,49.411],[5.476,49.403],[5.497,49.408],[5.508,49.421],[5.472,49.427],[5.487,49.448],[5.461,49.453],[5.471,49.461],[5.464,49.482],[5.479,49.487],[5.483,49.495],[5.47,49.497],[5.484,49.507],[5.541,49.515],[5.557,49.529],[5.591,49.523],[5.611,49.506],[5.621,49.52],[5.616,49.527],[5.643,49.551],[5.664,49.553],[5.705,49.539],[5.734,49.546],[5.747,49.539],[5.758,49.543],[5.758,49.561],[5.771,49.563],[5.816,49.549],[5.808,49.543],[5.817,49.537],[5.837,49.543],[5.846,49.53],[5.835,49.527],[5.836,49.52],[5.866,49.5],[5.893,49.497],[5.898,49.481],[5.929,49.485],[5.941,49.476],[5.932,49.472],[5.943,49.452],[5.931,49.447],[5.943,49.43],[5.911,49.407],[5.933,49.396],[5.936,49.379],[5.925,49.373],[5.94,49.36],[5.956,49.362],[5.963,49.346],[5.978,49.345],[5.945,49.342],[5.947,49.326],[5.97,49.32],[5.986,49.305],[5.997,49.314],[6.006,49.31],[6.006,49.257],[6.011,49.261],[6.032,49.251],[6.031,49.233],[6.008,49.222],[6.003,49.209],[5.984,49.208],[5.979,49.195],[5.986,49.184],[6.007,49.184],[6.033,49.165],[6.01,49.153],[5.989,49.155],[5.997,49.149],[5.982,49.144],[5.997,49.135],[5.986,49.128],[6.006,49.113],[6.0,49.108],[5.931,49.109],[5.925,49.092],[5.94,49.086],[5.935,49.07],[5.951,49.065],[5.958,49.047],[6.015,49.037],[6.02,49.023],[6.045,49.014],[6.045,48.983],[6.029,48.99],[6.031,48.984],[6.046,48.976],[6.073,48.981],[6.07,48.972],[6.082,48.963],[6.117,48.968],[6.133,48.934],[6.147,48.933],[6.157,48.944],[6.172,48.944],[6.177,48.935],[6.222,48.939],[6.224,48.927],[6.242,48.924],[6.271,48.933],[6.288,48.928],[6.288,48.916],[6.311,48.921],[6.31,48.912],[6.327,48.907],[6.328,48.9],[6.297,48.883],[6.31,48.878],[6.312,48.865],[6.298,48.867],[6.3,48.852],[6.284,48.846],[6.306,48.833],[6.34,48.834],[6.334,48.826],[6.317,48.831],[6.301,48.824],[6.332,48.823],[6.339,48.811],[6.356,48.812],[6.346,48.804],[6.358,48.779],[6.371,48.785],[6.395,48.775],[6.433,48.789],[6.453,48.78],[6.453,48.766],[6.488,48.766],[6.512,48.755],[6.505,48.747],[6.514,48.754],[6.535,48.749],[6.562,48.756],[6.595,48.729],[6.599,48.716],[6.626,48.713],[6.639,48.701],[6.662,48.706],[6.677,48.689],[6.668,48.667],[6.686,48.686],[6.692,48.673],[6.712,48.673],[6.727,48.664],[6.76,48.67],[6.764,48.652],[6.777,48.654],[6.782,48.643],[6.834,48.644],[6.853,48.621],[6.911,48.621],[6.93,48.636],[6.951,48.611],[7.01,48.612],[7.017,48.605],[6.993,48.594],[7.022,48.579],[7.034,48.581],[7.054,48.552],[7.084,48.545],[7.056,48.539],[7.08,48.537],[7.065,48.524],[7.081,48.513],[7.103,48.519],[7.123,48.514],[7.094,48.513],[7.009,48.481],[6.98,48.478],[6.892,48.418],[6.87,48.42],[6.864,48.437],[6.828,48.416],[6.815,48.395],[6.794,48.403],[6.783,48.389],[6.789,48.402],[6.767,48.399],[6.765,48.412],[6.739,48.411],[6.714,48.423],[6.7,48.413],[6.683,48.425],[6.645,48.427],[6.639,48.464],[6.623,48.473],[6.584,48.46],[6.567,48.441],[6.584,48.417],[6.576,48.414],[6.534,48.432],[6.501,48.414],[6.491,48.418],[6.471,48.409],[6.457,48.418],[6.435,48.413],[6.412,48.392],[6.399,48.396],[6.389,48.391],[6.393,48.409],[6.382,48.406],[6.383,48.415],[6.357,48.404],[6.33,48.405],[6.307,48.412],[6.296,48.435],[6.281,48.423],[6.27,48.426],[6.26,48.406],[6.233,48.397],[6.217,48.402],[6.191,48.395],[6.178,48.398],[6.182,48.412],[6.173,48.406],[6.15,48.409],[6.152,48.381],[6.133,48.363],[6.125,48.367],[6.117,48.354],[6.093,48.361],[6.099,48.369],[6.087,48.384],[6.069,48.375],[6.08,48.369],[6.071,48.36],[6.049,48.366],[6.023,48.356],[6.004,48.363],[6.006,48.358],[5.981,48.349],[5.959,48.35],[5.96,48.365],[5.945,48.376],[5.955,48.387],[5.95,48.397],[5.934,48.404],[5.928,48.394],[5.919,48.405],[5.905,48.4],[5.907,48.419],[5.915,48.428],[5.925,48.422],[5.931,48.434],[5.898,48.436],[5.909,48.429],[5.895,48.405],[5.874,48.401],[5.855,48.409],[5.899,48.447],[5.887,48.454],[5.893,48.464],[5.886,48.469],[5.904,48.48],[5.907,48.495],[5.887,48.494],[5.846,48.507],[5.826,48.497],[5.811,48.498],[5.787,48.483],[5.765,48.497],[5.762,48.512],[5.766,48.535],[5.777,48.541],[5.715,48.562],[5.717,48.592],[5.762,48.609],[5.791,48.608],[5.804,48.625],[5.793,48.629],[5.759,48.621],[5.761,48.632],[5.743,48.653],[5.765,48.701]]],[[[5.471,49.413],[5.452,49.412],[5.472,49.42],[5.471,49.413]]],[[[5.426,49.486],[5.442,49.504],[5.472,49.486],[5.46,49.488],[5.455,49.481],[5.426,49.486]]]],"type":"MultiPolygon"}},{"type":"Feature","properties":{"c":"45","n":"Loiret","p":691268,"a":[2.3122,47.9143],"pt":{"30_27":[0,59,64,0],"10_27":[0,0,8,0],"30_40":[0,26,49,0],"10_40":[0,0,0,0]},"s3":{"30_27":0,"10_27":0,"30_40":0,"10_40":0},"s2":{"30_27":40,"10_27":0,"30_40":21,"10_40":0},"p3":{"30_27":0,"10_27":0,"30_40":0,"10_40":0}},"geometry":{"coordinates":[[[2.977,47.569],[2.959,47.558],[2.914,47.566],[2.905,47.556],[2.874,47.553],[2.873,47.545],[2.859,47.554],[2.845,47.545],[2.875,47.52],[2.807,47.494],[2.793,47.498],[2.785,47.516],[2.767,47.525],[2.746,47.525],[2.732,47.538],[2.722,47.523],[2.729,47.52],[2.725,47.494],[2.685,47.483],[2.657,47.487],[2.654,47.512],[2.615,47.524],[2.616,47.541],[2.595,47.558],[2.573,47.56],[2.563,47.572],[2.491,47.568],[2.438,47.61],[2.373,47.586],[2.289,47.629],[2.239,47.621],[2.241,47.641],[2.22,47.668],[2.205,47.661],[2.203,47.679],[2.149,47.67],[2.127,47.678],[2.111,47.67],[2.108,47.676],[2.075,47.682],[2.066,47.674],[2.009,47.679],[1.996,47.664],[1.964,47.658],[1.94,47.659],[1.937,47.68],[1.903,47.672],[1.89,47.679],[1.866,47.675],[1.859,47.692],[1.843,47.686],[1.845,47.657],[1.81,47.653],[1.803,47.639],[1.789,47.637],[1.778,47.644],[1.782,47.652],[1.74,47.662],[1.719,47.696],[1.728,47.7],[1.714,47.733],[1.675,47.739],[1.627,47.761],[1.614,47.736],[1.583,47.727],[1.601,47.741],[1.548,47.77],[1.571,47.787],[1.561,47.791],[1.571,47.797],[1.526,47.82],[1.535,47.841],[1.548,47.841],[1.591,47.879],[1.575,47.899],[1.582,47.902],[1.522,47.932],[1.527,47.945],[1.555,47.953],[1.548,47.965],[1.56,47.968],[1.567,47.98],[1.565,47.99],[1.558,47.986],[1.552,47.992],[1.52,47.982],[1.527,48.007],[1.512,48.028],[1.523,48.035],[1.547,48.03],[1.551,48.035],[1.539,48.038],[1.546,48.045],[1.594,48.031],[1.597,48.043],[1.62,48.043],[1.624,48.07],[1.647,48.069],[1.656,48.076],[1.67,48.063],[1.689,48.078],[1.709,48.067],[1.738,48.07],[1.745,48.064],[1.78,48.078],[1.784,48.073],[1.798,48.077],[1.802,48.089],[1.83,48.079],[1.845,48.089],[1.866,48.084],[1.865,48.095],[1.884,48.098],[1.902,48.131],[1.913,48.129],[1.92,48.146],[1.905,48.146],[1.903,48.153],[1.914,48.167],[1.925,48.174],[1.941,48.168],[1.951,48.176],[1.971,48.171],[1.971,48.183],[1.951,48.19],[1.957,48.204],[1.971,48.19],[1.979,48.204],[1.963,48.223],[1.961,48.247],[1.984,48.264],[1.994,48.287],[2.041,48.285],[2.053,48.295],[2.089,48.295],[2.105,48.308],[2.114,48.307],[2.11,48.297],[2.164,48.298],[2.152,48.316],[2.181,48.311],[2.182,48.324],[2.204,48.345],[2.232,48.328],[2.246,48.331],[2.238,48.316],[2.252,48.317],[2.245,48.298],[2.267,48.315],[2.296,48.308],[2.317,48.332],[2.329,48.333],[2.328,48.326],[2.358,48.308],[2.397,48.313],[2.403,48.321],[2.423,48.294],[2.424,48.26],[2.45,48.25],[2.469,48.255],[2.484,48.239],[2.506,48.239],[2.507,48.226],[2.519,48.228],[2.523,48.195],[2.513,48.193],[2.507,48.18],[2.517,48.167],[2.506,48.157],[2.483,48.165],[2.442,48.125],[2.476,48.13],[2.521,48.125],[2.538,48.141],[2.559,48.142],[2.571,48.141],[2.575,48.131],[2.639,48.139],[2.664,48.12],[2.677,48.126],[2.706,48.123],[2.721,48.137],[2.756,48.146],[2.737,48.166],[2.755,48.16],[2.795,48.169],[2.811,48.164],[2.798,48.151],[2.801,48.132],[2.821,48.13],[2.868,48.157],[2.953,48.165],[2.964,48.153],[2.991,48.153],[2.995,48.142],[3.01,48.146],[3.029,48.133],[3.016,48.116],[3.035,48.116],[3.05,48.072],[3.095,48.054],[3.094,48.04],[3.124,48.031],[3.099,48.02],[3.124,48.007],[3.12,47.987],[3.129,47.982],[3.127,47.968],[3.109,47.962],[3.105,47.947],[3.051,47.924],[3.05,47.911],[3.009,47.906],[3.017,47.899],[3.007,47.895],[3.012,47.874],[2.995,47.867],[3.029,47.857],[3.029,47.835],[3.012,47.834],[3.022,47.818],[3.015,47.813],[3.024,47.813],[3.028,47.801],[3.025,47.787],[2.988,47.786],[2.93,47.762],[2.909,47.769],[2.852,47.758],[2.859,47.75],[2.848,47.717],[2.861,47.71],[2.879,47.72],[2.879,47.704],[2.926,47.682],[2.918,47.67],[2.954,47.646],[2.932,47.627],[2.945,47.608],[2.936,47.599],[2.977,47.569]]],"type":"Polygon"}},{"type":"Feature","properties":{"c":"19","n":"Corrèze","p":240826,"a":[1.8144,45.3418],"pt":{"30_27":[22,0,0,84],"10_27":[1,0,0,0],"30_40":[30,0,0,87],"10_40":[0,0,0,0]},"s3":{"30_27":0,"10_27":0,"30_40":0,"10_40":0},"s2":{"30_27":9,"10_27":0,"30_40":20,"10_40":0},"p3":{"30_27":0,"10_27":0,"30_40":0,"10_40":0}},"geometry":{"coordinates":[[[2.161,45.736],[2.182,45.721],[2.208,45.716],[2.194,45.699],[2.211,45.702],[2.212,45.713],[2.224,45.696],[2.232,45.7],[2.253,45.689],[2.271,45.692],[2.269,45.664],[2.308,45.677],[2.321,45.668],[2.321,45.678],[2.337,45.68],[2.349,45.693],[2.345,45.707],[2.364,45.713],[2.41,45.71],[2.436,45.699],[2.472,45.719],[2.471,45.728],[2.489,45.738],[2.524,45.711],[2.519,45.698],[2.529,45.682],[2.513,45.67],[2.529,45.659],[2.521,45.642],[2.484,45.64],[2.48,45.611],[2.461,45.596],[2.491,45.561],[2.517,45.552],[2.52,45.53],[2.511,45.525],[2.52,45.52],[2.507,45.504],[2.51,45.473],[2.487,45.419],[2.529,45.392],[2.523,45.381],[2.49,45.38],[2.48,45.37],[2.47,45.374],[2.475,45.381],[2.442,45.384],[2.422,45.397],[2.398,45.4],[2.387,45.412],[2.349,45.412],[2.37,45.387],[2.365,45.355],[2.35,45.346],[2.359,45.336],[2.351,45.328],[2.316,45.322],[2.289,45.287],[2.269,45.29],[2.258,45.27],[2.243,45.266],[2.241,45.248],[2.226,45.245],[2.202,45.223],[2.189,45.223],[2.201,45.18],[2.232,45.172],[2.233,45.165],[2.208,45.16],[2.212,45.151],[2.202,45.138],[2.179,45.136],[2.19,45.115],[2.181,45.113],[2.176,45.081],[2.141,45.087],[2.095,45.056],[2.116,45.022],[2.141,45.007],[2.133,44.986],[2.102,44.98],[2.093,44.986],[2.059,44.975],[2.045,44.984],[1.991,44.976],[1.95,44.953],[1.94,44.953],[1.939,44.973],[1.908,44.978],[1.887,44.956],[1.867,44.954],[1.843,44.937],[1.832,44.946],[1.826,44.929],[1.812,44.929],[1.8,44.92],[1.786,44.937],[1.775,44.924],[1.767,44.934],[1.75,44.937],[1.751,44.956],[1.711,44.967],[1.703,44.988],[1.63,45.033],[1.609,45.029],[1.606,45.035],[1.576,45.041],[1.545,45.029],[1.537,45.047],[1.483,45.031],[1.464,45.014],[1.443,45.02],[1.407,45.053],[1.414,45.061],[1.4,45.061],[1.407,45.07],[1.39,45.088],[1.394,45.096],[1.377,45.105],[1.412,45.114],[1.413,45.125],[1.384,45.136],[1.355,45.133],[1.351,45.142],[1.332,45.138],[1.319,45.143],[1.309,45.135],[1.294,45.139],[1.254,45.159],[1.292,45.187],[1.272,45.202],[1.232,45.198],[1.228,45.203],[1.233,45.222],[1.264,45.231],[1.279,45.251],[1.273,45.258],[1.239,45.261],[1.242,45.266],[1.226,45.272],[1.232,45.291],[1.24,45.292],[1.236,45.322],[1.265,45.323],[1.28,45.335],[1.284,45.353],[1.316,45.361],[1.325,45.38],[1.294,45.398],[1.28,45.384],[1.28,45.402],[1.268,45.396],[1.258,45.401],[1.259,45.42],[1.286,45.415],[1.283,45.433],[1.294,45.434],[1.276,45.434],[1.252,45.446],[1.264,45.452],[1.27,45.478],[1.286,45.48],[1.285,45.49],[1.35,45.467],[1.366,45.488],[1.389,45.496],[1.407,45.527],[1.425,45.531],[1.44,45.52],[1.453,45.535],[1.452,45.553],[1.475,45.553],[1.48,45.566],[1.492,45.561],[1.493,45.549],[1.518,45.555],[1.519,45.565],[1.551,45.557],[1.555,45.549],[1.583,45.555],[1.595,45.578],[1.638,45.58],[1.658,45.594],[1.665,45.612],[1.709,45.642],[1.728,45.638],[1.751,45.644],[1.754,45.655],[1.777,45.659],[1.786,45.683],[1.802,45.673],[1.816,45.681],[1.832,45.664],[1.847,45.661],[1.855,45.672],[1.875,45.665],[1.882,45.682],[1.91,45.68],[1.909,45.692],[1.898,45.698],[1.915,45.711],[1.946,45.705],[1.941,45.711],[1.951,45.723],[1.991,45.721],[2.001,45.749],[2.013,45.755],[2.036,45.754],[2.052,45.765],[2.061,45.753],[2.084,45.746],[2.085,45.728],[2.097,45.734],[2.114,45.725],[2.133,45.736],[2.157,45.722],[2.161,45.736]]],"type":"Polygon"}},{"type":"Feature","properties":{"c":"88","n":"Vosges","p":357248,"a":[6.4018,48.1814],"pt":{"30_27":[0,0,0,38],"10_27":[0,0,0,2],"30_40":[0,0,0,41],"10_40":[0,0,0,2]},"s3":{"30_27":0,"10_27":0,"30_40":0,"10_40":0},"s2":{"30_27":0,"10_27":0,"30_40":0,"10_40":0},"p3":{"30_27":0,"10_27":0,"30_40":0,"10_40":0}},"geometry":{"coordinates":[[[6.828,48.416],[6.865,48.437],[6.87,48.42],[6.892,48.418],[6.98,48.478],[7.009,48.481],[7.094,48.513],[7.123,48.514],[7.121,48.505],[7.136,48.497],[7.091,48.504],[7.094,48.489],[7.118,48.484],[7.119,48.475],[7.102,48.451],[7.11,48.44],[7.096,48.427],[7.098,48.406],[7.085,48.398],[7.109,48.379],[7.076,48.353],[7.109,48.344],[7.12,48.334],[7.184,48.339],[7.177,48.325],[7.192,48.325],[7.198,48.31],[7.194,48.302],[7.172,48.297],[7.177,48.289],[7.133,48.248],[7.118,48.208],[7.086,48.184],[7.06,48.145],[7.07,48.13],[7.084,48.129],[7.077,48.109],[7.03,48.072],[7.002,48.022],[6.961,48.0],[6.944,48.0],[6.944,47.98],[6.931,47.972],[6.919,47.944],[6.926,47.93],[6.912,47.918],[6.927,47.917],[6.929,47.91],[6.897,47.89],[6.91,47.882],[6.907,47.865],[6.92,47.85],[6.895,47.833],[6.839,47.825],[6.824,47.813],[6.793,47.83],[6.783,47.851],[6.737,47.861],[6.646,47.903],[6.642,47.919],[6.605,47.945],[6.563,47.931],[6.544,47.903],[6.478,47.885],[6.456,47.907],[6.463,47.917],[6.448,47.923],[6.435,47.943],[6.408,47.943],[6.391,47.961],[6.365,47.963],[6.324,47.948],[6.289,47.956],[6.238,47.933],[6.205,47.932],[6.208,47.947],[6.182,47.957],[6.168,47.952],[6.157,47.968],[6.15,47.966],[6.165,47.977],[6.152,47.995],[6.156,48.007],[6.131,48.024],[6.109,48.013],[6.073,48.016],[6.041,48.004],[6.032,47.991],[6.019,47.987],[6.026,47.981],[6.007,47.959],[5.971,47.957],[5.949,47.935],[5.929,47.938],[5.96,47.966],[5.948,47.98],[5.921,47.971],[5.918,47.947],[5.9,47.944],[5.898,47.931],[5.885,47.926],[5.853,47.95],[5.846,47.976],[5.832,47.958],[5.815,47.957],[5.805,47.947],[5.787,47.953],[5.778,47.978],[5.795,47.998],[5.777,48.034],[5.764,48.03],[5.741,48.05],[5.721,48.044],[5.716,48.061],[5.699,48.067],[5.696,48.078],[5.658,48.086],[5.656,48.069],[5.629,48.085],[5.648,48.104],[5.671,48.108],[5.657,48.121],[5.685,48.147],[5.68,48.179],[5.702,48.19],[5.731,48.19],[5.718,48.214],[5.688,48.234],[5.677,48.229],[5.642,48.242],[5.654,48.269],[5.613,48.291],[5.588,48.274],[5.537,48.318],[5.523,48.348],[5.481,48.357],[5.426,48.331],[5.419,48.361],[5.443,48.379],[5.407,48.383],[5.394,48.392],[5.42,48.395],[5.447,48.415],[5.47,48.421],[5.512,48.41],[5.516,48.431],[5.561,48.441],[5.577,48.432],[5.589,48.442],[5.609,48.443],[5.621,48.426],[5.618,48.443],[5.653,48.459],[5.642,48.472],[5.678,48.472],[5.719,48.46],[5.74,48.466],[5.765,48.497],[5.787,48.483],[5.811,48.498],[5.826,48.497],[5.846,48.507],[5.887,48.494],[5.907,48.495],[5.904,48.48],[5.886,48.469],[5.893,48.464],[5.887,48.454],[5.899,48.447],[5.855,48.409],[5.874,48.401],[5.895,48.405],[5.909,48.429],[5.898,48.434],[5.898,48.436],[5.931,48.434],[5.925,48.422],[5.915,48.428],[5.907,48.419],[5.905,48.4],[5.919,48.405],[5.928,48.394],[5.934,48.404],[5.945,48.4],[5.955,48.387],[5.945,48.376],[5.96,48.365],[5.953,48.358],[5.962,48.35],[5.981,48.349],[6.006,48.358],[6.004,48.363],[6.023,48.356],[6.049,48.366],[6.071,48.36],[6.08,48.369],[6.069,48.375],[6.087,48.384],[6.099,48.369],[6.093,48.361],[6.117,48.354],[6.125,48.367],[6.133,48.363],[6.152,48.381],[6.15,48.409],[6.173,48.406],[6.182,48.412],[6.178,48.398],[6.191,48.395],[6.217,48.402],[6.233,48.397],[6.26,48.406],[6.27,48.426],[6.281,48.423],[6.296,48.435],[6.307,48.412],[6.33,48.405],[6.357,48.404],[6.383,48.415],[6.382,48.406],[6.393,48.409],[6.389,48.391],[6.399,48.396],[6.412,48.392],[6.435,48.413],[6.457,48.418],[6.471,48.409],[6.491,48.418],[6.501,48.414],[6.534,48.432],[6.576,48.414],[6.584,48.417],[6.567,48.441],[6.584,48.46],[6.623,48.473],[6.639,48.464],[6.645,48.427],[6.683,48.425],[6.7,48.413],[6.714,48.423],[6.739,48.411],[6.765,48.412],[6.767,48.399],[6.789,48.402],[6.783,48.397],[6.783,48.389],[6.794,48.403],[6.815,48.395],[6.828,48.416]]],"type":"Polygon"}},{"type":"Feature","properties":{"c":"14","n":"Calvados","p":709441,"a":[-0.2352,49.0949],"pt":{"30_27":[0,20,0,0],"10_27":[0,1,0,0],"30_40":[0,18,0,0],"10_40":[0,0,0,0]},"s3":{"30_27":0,"10_27":0,"30_40":0,"10_40":0},"s2":{"30_27":0,"10_27":0,"30_40":0,"10_40":0},"p3":{"30_27":0,"10_27":0,"30_40":0,"10_40":0}},"geometry":{"coordinates":[[[[-0.431,48.866],[-0.433,48.863],[-0.433,48.866],[-0.431,48.866]]],[[[-1.03,49.217],[-1.075,49.232],[-1.098,49.255],[-1.104,49.253],[-1.126,49.272],[-1.136,49.27],[-1.135,49.278],[-1.124,49.274],[-1.12,49.28],[-1.14,49.297],[-1.139,49.31],[-1.113,49.326],[-1.111,49.324],[-1.099,49.319],[-1.1,49.319],[-1.098,49.319],[-1.112,49.326],[-1.119,49.36],[-1.07,49.391],[-0.94,49.395],[-0.846,49.361],[-0.755,49.349],[-0.605,49.34],[-0.518,49.345],[-0.457,49.338],[-0.462,49.334],[-0.396,49.333],[-0.297,49.297],[-0.247,49.292],[-0.25,49.281],[-0.247,49.285],[-0.246,49.279],[-0.227,49.276],[-0.246,49.273],[-0.249,49.26],[-0.219,49.271],[-0.226,49.282],[-0.222,49.283],[-0.221,49.284],[-0.22,49.284],[-0.217,49.285],[-0.228,49.284],[-0.227,49.281],[-0.229,49.286],[-0.162,49.287],[-0.14,49.29],[-0.101,49.298],[-0.09,49.299],[-0.104,49.296],[-0.111,49.286],[-0.078,49.305],[-0.004,49.325],[0.071,49.369],[0.077,49.364],[0.082,49.364],[0.08,49.366],[0.077,49.365],[0.076,49.366],[0.075,49.367],[0.131,49.403],[0.223,49.428],[0.297,49.43],[0.309,49.39],[0.302,49.37],[0.326,49.34],[0.298,49.314],[0.316,49.311],[0.323,49.297],[0.309,49.283],[0.326,49.278],[0.343,49.296],[0.362,49.297],[0.384,49.286],[0.383,49.264],[0.32,49.248],[0.338,49.231],[0.395,49.21],[0.386,49.154],[0.433,49.141],[0.425,49.13],[0.408,49.128],[0.401,49.111],[0.399,49.099],[0.415,49.095],[0.398,49.09],[0.416,49.088],[0.418,49.074],[0.391,49.078],[0.367,49.052],[0.379,49.051],[0.39,49.034],[0.428,49.032],[0.431,49.024],[0.442,49.025],[0.446,49.015],[0.425,48.985],[0.431,48.967],[0.413,48.95],[0.4,48.953],[0.406,48.963],[0.377,48.973],[0.359,48.951],[0.333,48.943],[0.308,48.954],[0.277,48.95],[0.28,48.963],[0.264,48.965],[0.245,48.959],[0.232,48.939],[0.217,48.946],[0.195,48.944],[0.18,48.93],[0.154,48.924],[0.143,48.945],[0.127,48.952],[0.101,48.934],[0.081,48.938],[0.071,48.932],[0.056,48.902],[-0.007,48.886],[-0.006,48.872],[-0.027,48.877],[-0.067,48.84],[-0.083,48.845],[-0.115,48.839],[-0.126,48.847],[-0.123,48.84],[-0.146,48.835],[-0.128,48.816],[-0.17,48.825],[-0.205,48.847],[-0.213,48.84],[-0.262,48.854],[-0.299,48.849],[-0.306,48.858],[-0.33,48.856],[-0.336,48.845],[-0.327,48.84],[-0.346,48.822],[-0.373,48.835],[-0.36,48.848],[-0.386,48.845],[-0.406,48.87],[-0.426,48.866],[-0.433,48.875],[-0.434,48.869],[-0.464,48.871],[-0.476,48.859],[-0.496,48.858],[-0.499,48.847],[-0.549,48.848],[-0.571,48.83],[-0.581,48.838],[-0.645,48.827],[-0.644,48.841],[-0.681,48.841],[-0.694,48.847],[-0.706,48.837],[-0.682,48.822],[-0.714,48.8],[-0.781,48.787],[-0.822,48.753],[-0.841,48.752],[-0.822,48.772],[-0.883,48.756],[-0.894,48.767],[-0.937,48.775],[-0.951,48.789],[-0.967,48.786],[-0.971,48.773],[-0.991,48.778],[-1.014,48.772],[-1.045,48.784],[-1.059,48.773],[-1.101,48.79],[-1.091,48.798],[-1.102,48.814],[-1.154,48.822],[-1.157,48.836],[-1.122,48.848],[-1.091,48.88],[-1.078,48.868],[-1.07,48.871],[-1.049,48.894],[-1.023,48.903],[-1.014,48.915],[-1.021,48.928],[-1.066,48.92],[-1.033,48.938],[-1.012,48.941],[-1.004,48.936],[-0.989,48.952],[-0.943,48.968],[-0.912,48.993],[-0.905,49.012],[-0.861,49.031],[-0.892,49.046],[-0.869,49.068],[-0.881,49.09],[-0.879,49.117],[-0.891,49.12],[-0.925,49.102],[-0.887,49.129],[-0.933,49.146],[-0.941,49.153],[-0.932,49.158],[-0.959,49.161],[-0.95,49.168],[-0.926,49.164],[-0.916,49.185],[-0.904,49.185],[-0.915,49.192],[-0.888,49.203],[-0.901,49.203],[-0.926,49.232],[-0.931,49.217],[-0.947,49.215],[-0.954,49.201],[-0.974,49.192],[-1.024,49.204],[-1.03,49.217]]]],"type":"MultiPolygon"}},{"type":"Feature","properties":{"c":"18","n":"Cher","p":298660,"a":[2.5756,47.0263],"pt":{"30_27":[47,0,53,0],"10_27":[0,0,0,0],"30_40":[41,2,46,0],"10_40":[0,0,0,0]},"s3":{"30_27":0,"10_27":0,"30_40":0,"10_40":0},"s2":{"30_27":34,"10_27":0,"30_40":33,"10_40":0},"p3":{"30_27":0,"10_27":0,"30_40":0,"10_40":0}},"geometry":{"coordinates":[[[2.047,47.094],[2.047,47.107],[2.025,47.104],[2.029,47.095],[2.003,47.094],[2.013,47.111],[2.0,47.114],[1.996,47.127],[1.973,47.12],[1.964,47.125],[1.924,47.102],[1.905,47.109],[1.883,47.101],[1.827,47.122],[1.804,47.119],[1.774,47.131],[1.804,47.149],[1.823,47.174],[1.842,47.178],[1.839,47.22],[1.852,47.222],[1.872,47.205],[1.903,47.215],[1.916,47.236],[1.894,47.253],[1.924,47.265],[1.923,47.275],[1.943,47.291],[1.998,47.264],[2.025,47.265],[2.078,47.286],[2.129,47.28],[2.138,47.292],[2.158,47.298],[2.149,47.319],[2.132,47.321],[2.129,47.334],[2.119,47.333],[2.127,47.344],[2.114,47.37],[2.097,47.367],[2.115,47.422],[2.137,47.406],[2.189,47.438],[2.205,47.405],[2.231,47.408],[2.244,47.415],[2.248,47.441],[2.235,47.452],[2.245,47.458],[2.237,47.471],[2.248,47.492],[2.228,47.497],[2.196,47.488],[2.215,47.522],[2.196,47.549],[2.129,47.551],[2.12,47.583],[2.151,47.601],[2.289,47.629],[2.373,47.586],[2.439,47.61],[2.491,47.568],[2.548,47.575],[2.563,47.572],[2.574,47.559],[2.595,47.558],[2.617,47.541],[2.612,47.527],[2.654,47.512],[2.657,47.487],[2.669,47.485],[2.725,47.494],[2.729,47.52],[2.722,47.523],[2.732,47.538],[2.746,47.525],[2.767,47.525],[2.785,47.516],[2.793,47.498],[2.806,47.494],[2.874,47.52],[2.932,47.438],[2.918,47.406],[2.872,47.346],[2.877,47.322],[2.911,47.31],[2.983,47.261],[2.979,47.23],[3.028,47.128],[3.031,47.092],[3.019,47.068],[3.064,47.046],[3.075,47.029],[3.063,46.979],[3.08,46.956],[3.05,46.909],[3.068,46.877],[3.069,46.851],[3.055,46.839],[3.059,46.827],[3.028,46.793],[3.017,46.8],[2.992,46.797],[2.96,46.804],[2.953,46.791],[2.932,46.796],[2.913,46.791],[2.912,46.78],[2.877,46.769],[2.877,46.761],[2.845,46.742],[2.845,46.727],[2.828,46.735],[2.793,46.734],[2.786,46.723],[2.759,46.718],[2.735,46.746],[2.715,46.745],[2.705,46.739],[2.702,46.718],[2.686,46.723],[2.674,46.702],[2.645,46.687],[2.623,46.69],[2.62,46.68],[2.633,46.676],[2.628,46.659],[2.607,46.661],[2.606,46.671],[2.567,46.654],[2.595,46.641],[2.588,46.615],[2.569,46.609],[2.578,46.608],[2.582,46.593],[2.594,46.597],[2.604,46.596],[2.596,46.594],[2.609,46.57],[2.603,46.565],[2.615,46.555],[2.61,46.55],[2.537,46.52],[2.52,46.531],[2.497,46.521],[2.497,46.534],[2.45,46.521],[2.43,46.527],[2.365,46.518],[2.324,46.49],[2.331,46.479],[2.323,46.47],[2.301,46.472],[2.283,46.449],[2.282,46.421],[2.199,46.428],[2.173,46.422],[2.154,46.434],[2.152,46.458],[2.193,46.47],[2.204,46.484],[2.159,46.557],[2.175,46.564],[2.167,46.589],[2.186,46.604],[2.18,46.628],[2.189,46.642],[2.176,46.651],[2.163,46.646],[2.163,46.654],[2.139,46.664],[2.136,46.677],[2.148,46.677],[2.155,46.692],[2.118,46.71],[2.087,46.712],[2.093,46.726],[2.072,46.735],[2.067,46.752],[2.095,46.755],[2.116,46.78],[2.096,46.801],[2.072,46.809],[2.043,46.84],[2.076,46.835],[2.096,46.855],[2.083,46.869],[2.126,46.88],[2.155,46.912],[2.146,46.918],[2.11,46.913],[2.07,46.934],[2.07,46.954],[2.088,46.96],[2.092,46.988],[2.109,46.997],[2.051,47.042],[2.029,47.046],[2.042,47.067],[2.055,47.072],[2.047,47.094]]],"type":"Polygon"}},{"type":"Feature","properties":{"c":"16","n":"Charente","p":352683,"a":[0.0914,45.6602],"pt":{"30_27":[75,53,74,0],"10_27":[0,0,13,0],"30_40":[70,70,50,0],"10_40":[0,0,0,0]},"s3":{"30_27":36,"10_27":0,"30_40":38,"10_40":0},"s2":{"30_27":75,"10_27":0,"30_40":71,"10_40":0},"p3":{"30_27":63,"10_27":0,"30_40":68,"10_40":0}},"geometry":{"coordinates":[[[-0.247,45.435],[-0.268,45.456],[-0.286,45.458],[-0.281,45.474],[-0.265,45.471],[-0.258,45.489],[-0.241,45.492],[-0.242,45.503],[-0.268,45.509],[-0.253,45.521],[-0.269,45.526],[-0.284,45.519],[-0.279,45.525],[-0.291,45.532],[-0.304,45.528],[-0.322,45.535],[-0.297,45.565],[-0.361,45.598],[-0.387,45.627],[-0.415,45.616],[-0.433,45.625],[-0.409,45.656],[-0.383,45.656],[-0.41,45.683],[-0.423,45.686],[-0.415,45.697],[-0.421,45.725],[-0.4,45.736],[-0.416,45.742],[-0.46,45.739],[-0.463,45.752],[-0.449,45.766],[-0.428,45.763],[-0.404,45.77],[-0.402,45.787],[-0.361,45.779],[-0.34,45.787],[-0.32,45.785],[-0.304,45.789],[-0.288,45.807],[-0.238,45.804],[-0.244,45.796],[-0.221,45.775],[-0.201,45.778],[-0.191,45.79],[-0.166,45.788],[-0.162,45.793],[-0.156,45.79],[-0.165,45.781],[-0.156,45.78],[-0.148,45.794],[-0.156,45.797],[-0.135,45.819],[-0.145,45.839],[-0.122,45.85],[-0.111,45.872],[-0.127,45.873],[-0.131,45.891],[-0.144,45.892],[-0.149,45.901],[-0.132,45.911],[-0.142,45.917],[-0.151,45.914],[-0.151,45.927],[-0.097,45.929],[-0.086,45.951],[-0.095,45.962],[-0.107,45.959],[-0.103,45.97],[-0.038,45.992],[-0.041,45.999],[-0.058,45.999],[-0.046,46.021],[-0.021,46.029],[-0.04,46.053],[0.005,46.06],[0.019,46.053],[0.038,46.07],[0.063,46.073],[0.051,46.079],[0.066,46.091],[0.097,46.089],[0.097,46.106],[0.115,46.096],[0.136,46.104],[0.17,46.081],[0.199,46.097],[0.219,46.095],[0.24,46.081],[0.256,46.08],[0.278,46.06],[0.326,46.061],[0.329,46.067],[0.379,46.062],[0.389,46.068],[0.413,46.049],[0.443,46.05],[0.469,46.062],[0.469,46.069],[0.481,46.066],[0.472,46.073],[0.478,46.085],[0.447,46.086],[0.443,46.102],[0.462,46.11],[0.471,46.129],[0.488,46.128],[0.492,46.136],[0.509,46.132],[0.498,46.123],[0.52,46.115],[0.54,46.086],[0.564,46.09],[0.574,46.078],[0.594,46.081],[0.596,46.073],[0.61,46.077],[0.604,46.086],[0.619,46.093],[0.687,46.097],[0.675,46.112],[0.711,46.129],[0.713,46.14],[0.728,46.135],[0.745,46.141],[0.786,46.129],[0.815,46.138],[0.823,46.129],[0.808,46.121],[0.818,46.113],[0.825,46.116],[0.835,46.096],[0.819,46.077],[0.827,46.064],[0.814,46.052],[0.853,46.034],[0.863,46.016],[0.886,46.032],[0.898,46.019],[0.925,46.011],[0.916,46.002],[0.935,45.993],[0.932,45.978],[0.946,45.975],[0.943,45.958],[0.922,45.954],[0.929,45.948],[0.921,45.938],[0.905,45.939],[0.884,45.923],[0.86,45.918],[0.812,45.931],[0.813,45.897],[0.827,45.883],[0.807,45.87],[0.821,45.867],[0.817,45.858],[0.781,45.821],[0.781,45.788],[0.771,45.787],[0.761,45.799],[0.75,45.796],[0.741,45.806],[0.713,45.805],[0.706,45.778],[0.715,45.763],[0.688,45.76],[0.666,45.748],[0.665,45.74],[0.652,45.741],[0.645,45.716],[0.632,45.721],[0.622,45.699],[0.604,45.694],[0.603,45.681],[0.591,45.676],[0.601,45.673],[0.567,45.653],[0.575,45.641],[0.538,45.629],[0.528,45.645],[0.513,45.633],[0.5,45.617],[0.517,45.599],[0.501,45.573],[0.506,45.554],[0.486,45.538],[0.466,45.54],[0.432,45.504],[0.432,45.486],[0.409,45.493],[0.382,45.486],[0.376,45.476],[0.361,45.477],[0.359,45.466],[0.332,45.459],[0.33,45.444],[0.302,45.459],[0.301,45.446],[0.318,45.436],[0.277,45.427],[0.248,45.369],[0.272,45.316],[0.267,45.298],[0.252,45.289],[0.222,45.291],[0.203,45.262],[0.175,45.261],[0.175,45.239],[0.147,45.225],[0.145,45.214],[0.137,45.217],[0.13,45.208],[0.098,45.228],[0.078,45.22],[0.055,45.227],[0.035,45.209],[0.009,45.203],[0.004,45.192],[-0.003,45.201],[0.004,45.229],[-0.033,45.234],[-0.048,45.249],[-0.115,45.248],[-0.109,45.29],[-0.129,45.295],[-0.145,45.288],[-0.158,45.306],[-0.198,45.306],[-0.22,45.323],[-0.254,45.312],[-0.258,45.299],[-0.279,45.305],[-0.291,45.327],[-0.278,45.348],[-0.265,45.339],[-0.25,45.342],[-0.245,45.361],[-0.281,45.355],[-0.28,45.365],[-0.309,45.373],[-0.311,45.385],[-0.283,45.389],[-0.273,45.4],[-0.254,45.399],[-0.249,45.41],[-0.234,45.41],[-0.233,45.42],[-0.254,45.418],[-0.247,45.435]]],"type":"Polygon"}},{"type":"Feature","properties":{"c":"03","n":"Allier","p":333298,"a":[3.1634,46.3684],"pt":{"30_27":[36,1,0,4],"10_27":[0,0,0,0],"30_40":[41,1,0,3],"10_40":[0,0,0,0]},"s3":{"30_27":0,"10_27":0,"30_40":0,"10_40":0},"s2":{"30_27":1,"10_27":0,"30_40":1,"10_40":0},"p3":{"30_27":0,"10_27":0,"30_40":0,"10_40":0}},"geometry":{"coordinates":[[[3.13,46.727],[3.166,46.691],[3.204,46.679],[3.27,46.717],[3.301,46.717],[3.314,46.689],[3.347,46.685],[3.366,46.69],[3.379,46.712],[3.434,46.712],[3.433,46.693],[3.453,46.69],[3.455,46.682],[3.442,46.662],[3.457,46.652],[3.482,46.651],[3.514,46.684],[3.53,46.689],[3.547,46.678],[3.561,46.689],[3.548,46.723],[3.569,46.715],[3.577,46.723],[3.577,46.715],[3.597,46.724],[3.576,46.75],[3.598,46.762],[3.602,46.751],[3.628,46.751],[3.623,46.74],[3.637,46.726],[3.638,46.707],[3.651,46.705],[3.656,46.687],[3.673,46.682],[3.67,46.673],[3.696,46.661],[3.71,46.634],[3.724,46.626],[3.713,46.61],[3.737,46.601],[3.743,46.566],[3.732,46.55],[3.742,46.539],[3.772,46.539],[3.805,46.519],[3.838,46.532],[3.846,46.524],[3.841,46.515],[3.864,46.512],[3.86,46.495],[3.868,46.488],[3.895,46.481],[3.91,46.495],[3.955,46.492],[3.954,46.477],[3.975,46.48],[3.999,46.465],[4.006,46.443],[3.988,46.436],[3.996,46.426],[3.984,46.42],[3.989,46.409],[3.977,46.399],[3.992,46.371],[3.985,46.33],[4.005,46.328],[3.989,46.323],[3.988,46.315],[3.946,46.321],[3.946,46.301],[3.897,46.293],[3.891,46.285],[3.899,46.275],[3.878,46.276],[3.868,46.262],[3.803,46.258],[3.803,46.239],[3.769,46.241],[3.797,46.207],[3.788,46.202],[3.789,46.186],[3.809,46.165],[3.79,46.155],[3.802,46.131],[3.793,46.112],[3.822,46.09],[3.805,46.053],[3.832,46.0],[3.823,45.987],[3.799,45.984],[3.788,45.973],[3.776,45.972],[3.756,45.983],[3.742,45.966],[3.71,45.974],[3.701,45.97],[3.706,45.957],[3.694,45.95],[3.694,45.931],[3.677,45.958],[3.641,45.967],[3.632,45.961],[3.625,45.986],[3.592,46.024],[3.544,46.013],[3.539,46.021],[3.524,46.022],[3.525,46.011],[3.507,46.017],[3.464,46.008],[3.462,46.04],[3.472,46.04],[3.459,46.061],[3.435,46.061],[3.42,46.074],[3.332,46.044],[3.335,46.055],[3.314,46.057],[3.319,46.061],[3.301,46.061],[3.302,46.066],[3.245,46.062],[3.226,46.071],[3.222,46.067],[3.215,46.075],[3.184,46.075],[3.175,46.066],[3.131,46.069],[3.098,46.083],[3.091,46.114],[3.05,46.1],[3.04,46.108],[3.014,46.103],[3.002,46.12],[2.971,46.122],[2.962,46.13],[2.953,46.171],[2.944,46.168],[2.916,46.174],[2.91,46.179],[2.921,46.182],[2.91,46.203],[2.915,46.214],[2.941,46.225],[2.932,46.233],[2.946,46.242],[2.922,46.25],[2.865,46.25],[2.86,46.257],[2.838,46.251],[2.819,46.241],[2.823,46.22],[2.809,46.195],[2.733,46.223],[2.721,46.212],[2.732,46.195],[2.723,46.181],[2.675,46.172],[2.676,46.156],[2.668,46.156],[2.655,46.124],[2.641,46.118],[2.61,46.13],[2.591,46.127],[2.565,46.145],[2.559,46.175],[2.542,46.176],[2.526,46.188],[2.516,46.24],[2.49,46.247],[2.477,46.27],[2.481,46.281],[2.433,46.296],[2.422,46.284],[2.414,46.297],[2.42,46.31],[2.388,46.332],[2.365,46.311],[2.355,46.326],[2.336,46.323],[2.301,46.342],[2.311,46.352],[2.303,46.355],[2.323,46.368],[2.338,46.364],[2.331,46.379],[2.309,46.377],[2.288,46.382],[2.282,46.392],[2.277,46.425],[2.301,46.472],[2.323,46.47],[2.331,46.479],[2.324,46.49],[2.365,46.518],[2.43,46.527],[2.45,46.521],[2.497,46.534],[2.497,46.521],[2.52,46.531],[2.537,46.52],[2.615,46.553],[2.603,46.565],[2.609,46.57],[2.596,46.594],[2.604,46.594],[2.604,46.596],[2.582,46.593],[2.578,46.608],[2.569,46.609],[2.588,46.616],[2.593,46.647],[2.567,46.654],[2.606,46.671],[2.607,46.661],[2.628,46.659],[2.633,46.676],[2.62,46.68],[2.623,46.69],[2.645,46.687],[2.674,46.702],[2.686,46.723],[2.702,46.718],[2.705,46.739],[2.715,46.745],[2.735,46.746],[2.759,46.718],[2.786,46.723],[2.793,46.734],[2.828,46.735],[2.845,46.727],[2.845,46.742],[2.877,46.761],[2.877,46.769],[2.912,46.78],[2.913,46.791],[2.932,46.796],[2.953,46.791],[2.96,46.804],[2.978,46.804],[3.032,46.795],[3.049,46.758],[3.084,46.737],[3.13,46.727]]],"type":"Polygon"}},{"type":"Feature","properties":{"c":"24","n":"Dordogne","p":417614,"a":[0.6228,45.1383],"pt":{"30_27":[95,8,3,2],"10_27":[0,0,0,0],"30_40":[97,18,0,4],"10_40":[0,0,0,0]},"s3":{"30_27":0,"10_27":0,"30_40":0,"10_40":0},"s2":{"30_27":11,"10_27":0,"30_40":20,"10_40":0},"p3":{"30_27":0,"10_27":0,"30_40":0,"10_40":0}},"geometry":{"coordinates":[[[0.244,44.86],[0.207,44.84],[0.19,44.82],[0.147,44.829],[0.124,44.828],[0.111,44.819],[0.108,44.832],[0.098,44.833],[0.082,44.831],[0.072,44.819],[0.039,44.828],[0.038,44.839],[0.022,44.85],[0.004,44.846],[-0.034,44.852],[-0.01,44.858],[0.034,44.915],[0.003,44.948],[0.014,44.979],[0.031,44.976],[0.044,45.035],[0.073,45.07],[0.044,45.116],[-0.007,45.119],[-0.04,45.103],[-0.029,45.129],[-0.037,45.14],[0.004,45.153],[-0.018,45.162],[-0.018,45.17],[0.002,45.183],[0.009,45.203],[0.035,45.209],[0.054,45.227],[0.078,45.22],[0.098,45.228],[0.132,45.209],[0.174,45.239],[0.175,45.261],[0.203,45.262],[0.222,45.291],[0.252,45.289],[0.267,45.298],[0.272,45.316],[0.248,45.369],[0.277,45.427],[0.318,45.436],[0.301,45.446],[0.302,45.459],[0.33,45.444],[0.332,45.459],[0.359,45.466],[0.361,45.477],[0.376,45.476],[0.382,45.486],[0.409,45.493],[0.432,45.486],[0.432,45.504],[0.466,45.54],[0.486,45.538],[0.506,45.554],[0.501,45.573],[0.517,45.599],[0.5,45.62],[0.525,45.644],[0.536,45.643],[0.538,45.629],[0.575,45.641],[0.567,45.653],[0.601,45.673],[0.591,45.676],[0.603,45.681],[0.604,45.694],[0.622,45.699],[0.626,45.714],[0.64,45.698],[0.652,45.699],[0.654,45.689],[0.695,45.692],[0.702,45.687],[0.725,45.696],[0.743,45.69],[0.763,45.668],[0.776,45.668],[0.763,45.629],[0.751,45.617],[0.779,45.591],[0.807,45.595],[0.811,45.576],[0.844,45.583],[0.869,45.624],[0.898,45.6],[0.906,45.609],[0.914,45.604],[0.946,45.615],[0.98,45.603],[0.997,45.615],[1.023,45.61],[1.042,45.586],[1.032,45.58],[1.045,45.557],[1.063,45.555],[1.082,45.532],[1.12,45.548],[1.168,45.525],[1.134,45.505],[1.119,45.488],[1.12,45.474],[1.125,45.479],[1.136,45.47],[1.161,45.479],[1.176,45.472],[1.178,45.457],[1.209,45.463],[1.236,45.455],[1.233,45.44],[1.243,45.437],[1.256,45.445],[1.276,45.434],[1.293,45.434],[1.283,45.433],[1.286,45.415],[1.259,45.42],[1.258,45.401],[1.268,45.396],[1.28,45.402],[1.28,45.384],[1.294,45.398],[1.325,45.38],[1.316,45.361],[1.284,45.353],[1.28,45.335],[1.265,45.323],[1.236,45.322],[1.24,45.292],[1.232,45.291],[1.226,45.272],[1.242,45.266],[1.239,45.261],[1.273,45.258],[1.279,45.251],[1.264,45.231],[1.233,45.222],[1.228,45.206],[1.232,45.198],[1.272,45.202],[1.292,45.187],[1.254,45.159],[1.294,45.139],[1.309,45.135],[1.319,45.143],[1.332,45.138],[1.351,45.142],[1.355,45.133],[1.384,45.136],[1.413,45.125],[1.412,45.114],[1.377,45.105],[1.394,45.096],[1.39,45.088],[1.407,45.07],[1.4,45.061],[1.414,45.061],[1.407,45.053],[1.448,45.019],[1.409,45.007],[1.417,44.961],[1.435,44.945],[1.443,44.916],[1.425,44.92],[1.411,44.909],[1.44,44.889],[1.442,44.879],[1.432,44.872],[1.411,44.873],[1.403,44.849],[1.387,44.851],[1.377,44.842],[1.366,44.846],[1.364,44.812],[1.299,44.796],[1.293,44.79],[1.305,44.785],[1.296,44.777],[1.323,44.765],[1.316,44.74],[1.3,44.744],[1.288,44.715],[1.271,44.723],[1.225,44.684],[1.181,44.683],[1.147,44.671],[1.153,44.636],[1.095,44.592],[1.103,44.572],[1.076,44.573],[1.073,44.596],[1.014,44.614],[0.98,44.645],[0.968,44.634],[0.94,44.64],[0.901,44.618],[0.877,44.616],[0.87,44.597],[0.834,44.6],[0.839,44.614],[0.829,44.613],[0.817,44.627],[0.839,44.636],[0.835,44.653],[0.845,44.654],[0.842,44.666],[0.852,44.669],[0.827,44.673],[0.827,44.692],[0.797,44.702],[0.786,44.685],[0.763,44.69],[0.763,44.679],[0.684,44.675],[0.659,44.677],[0.655,44.697],[0.63,44.707],[0.62,44.691],[0.585,44.699],[0.57,44.674],[0.548,44.665],[0.528,44.679],[0.512,44.679],[0.49,44.667],[0.471,44.67],[0.446,44.652],[0.417,44.645],[0.386,44.657],[0.375,44.653],[0.366,44.662],[0.352,44.654],[0.35,44.676],[0.36,44.69],[0.34,44.703],[0.347,44.722],[0.271,44.786],[0.264,44.826],[0.287,44.823],[0.315,44.845],[0.277,44.868],[0.239,44.873],[0.244,44.86]]],"type":"Polygon"}},{"type":"Feature","properties":{"c":"06","n":"Alpes-Maritimes","p":1128418,"a":[7.2375,43.9086],"pt":{"30_27":[33,26,30,100],"10_27":[20,11,4,96],"30_40":[35,32,45,100],"10_40":[0,12,3,96]},"s3":{"30_27":30,"10_27":8,"30_40":34,"10_40":2},"s2":{"30_27":41,"10_27":20,"30_40":54,"10_40":10},"p3":{"30_27":97,"10_27":36,"30_40":97,"10_40":14}},"geometry":{"coordinates":[[[[7.056,43.506],[7.058,43.507],[7.059,43.507],[7.058,43.506],[7.056,43.506]]],[[[7.048,43.505],[7.041,43.509],[7.055,43.508],[7.048,43.505]]],[[[7.067,43.515],[7.067,43.515],[7.067,43.515],[7.067,43.515]]],[[[7.072,43.516],[7.074,43.515],[7.073,43.514],[7.072,43.516]]],[[[7.034,43.518],[7.034,43.517],[7.034,43.517],[7.034,43.518]]],[[[7.032,43.521],[7.053,43.521],[7.071,43.517],[7.032,43.521]]],[[[7.019,43.549],[7.019,43.549],[7.019,43.549],[7.019,43.549]]],[[[7.085,43.566],[7.085,43.567],[7.085,43.567],[7.085,43.566]]],[[[7.084,43.568],[7.084,43.569],[7.085,43.569],[7.084,43.568]]],[[[7.128,43.574],[7.128,43.573],[7.128,43.574],[7.128,43.574]]],[[[7.14,43.572],[7.141,43.572],[7.141,43.572],[7.14,43.572]]],[[[7.189,43.656],[7.19,43.656],[7.19,43.656],[7.19,43.656],[7.189,43.656],[7.189,43.656],[7.189,43.656]]],[[[7.188,43.656],[7.188,43.656],[7.188,43.656],[7.188,43.656]]],[[[7.193,43.656],[7.191,43.656],[7.193,43.656],[7.193,43.656]]],[[[7.195,43.656],[7.194,43.656],[7.195,43.656],[7.195,43.656]]],[[[7.191,43.657],[7.19,43.657],[7.19,43.657],[7.191,43.657]]],[[[7.193,43.657],[7.194,43.657],[7.193,43.657],[7.193,43.657]]],[[[7.367,43.72],[7.368,43.719],[7.368,43.719],[7.367,43.72]]],[[[6.671,43.888],[6.749,43.872],[6.773,43.879],[6.799,43.91],[6.83,43.918],[6.853,43.915],[6.853,43.907],[6.865,43.907],[6.885,43.889],[6.944,43.899],[6.913,43.928],[6.898,43.927],[6.884,43.935],[6.876,43.953],[6.848,43.954],[6.839,43.99],[6.798,44.005],[6.788,44.024],[6.746,44.041],[6.756,44.08],[6.708,44.124],[6.707,44.144],[6.686,44.169],[6.703,44.179],[6.698,44.19],[6.717,44.206],[6.724,44.25],[6.759,44.262],[6.763,44.28],[6.79,44.272],[6.786,44.29],[6.808,44.33],[6.84,44.347],[6.859,44.344],[6.886,44.361],[6.922,44.352],[6.927,44.333],[6.96,44.311],[6.957,44.295],[6.972,44.293],[6.972,44.284],[6.981,44.287],[6.996,44.28],[6.997,44.252],[7.008,44.235],[7.039,44.224],[7.076,44.232],[7.143,44.2],[7.163,44.208],[7.178,44.197],[7.188,44.201],[7.194,44.187],[7.219,44.169],[7.242,44.173],[7.25,44.158],[7.281,44.141],[7.31,44.148],[7.345,44.145],[7.358,44.116],[7.393,44.125],[7.425,44.112],[7.43,44.13],[7.46,44.126],[7.507,44.145],[7.522,44.138],[7.534,44.148],[7.561,44.149],[7.564,44.157],[7.62,44.15],[7.636,44.177],[7.684,44.174],[7.666,44.131],[7.719,44.082],[7.714,44.062],[7.7,44.041],[7.663,44.029],[7.671,43.998],[7.653,43.974],[7.611,43.954],[7.599,43.957],[7.569,43.947],[7.574,43.936],[7.558,43.917],[7.561,43.899],[7.512,43.886],[7.498,43.872],[7.497,43.849],[7.508,43.842],[7.53,43.784],[7.515,43.783],[7.522,43.783],[7.49,43.767],[7.482,43.757],[7.487,43.749],[7.458,43.76],[7.413,43.735],[7.419,43.725],[7.406,43.719],[7.36,43.723],[7.338,43.712],[7.33,43.702],[7.334,43.69],[7.35,43.687],[7.335,43.686],[7.332,43.675],[7.321,43.688],[7.325,43.7],[7.314,43.707],[7.304,43.685],[7.284,43.698],[7.288,43.69],[7.278,43.694],[7.268,43.695],[7.239,43.687],[7.213,43.648],[7.2,43.647],[7.204,43.651],[7.2,43.664],[7.198,43.655],[7.191,43.658],[7.187,43.657],[7.187,43.656],[7.182,43.654],[7.18,43.654],[7.186,43.656],[7.185,43.657],[7.168,43.657],[7.155,43.653],[7.14,43.632],[7.14,43.635],[7.136,43.636],[7.126,43.609],[7.13,43.589],[7.122,43.587],[7.129,43.583],[7.133,43.591],[7.13,43.582],[7.124,43.575],[7.131,43.569],[7.14,43.569],[7.138,43.546],[7.12,43.543],[7.121,43.56],[7.098,43.571],[7.085,43.57],[7.084,43.569],[7.085,43.566],[7.078,43.563],[7.082,43.568],[7.068,43.563],[7.038,43.535],[7.032,43.546],[7.016,43.551],[7.018,43.545],[6.97,43.545],[6.937,43.518],[6.938,43.509],[6.957,43.501],[6.946,43.483],[6.914,43.483],[6.912,43.494],[6.884,43.503],[6.896,43.528],[6.879,43.529],[6.879,43.535],[6.887,43.553],[6.908,43.564],[6.898,43.582],[6.912,43.598],[6.893,43.612],[6.866,43.603],[6.858,43.611],[6.852,43.604],[6.817,43.63],[6.802,43.627],[6.793,43.633],[6.784,43.653],[6.761,43.666],[6.774,43.704],[6.753,43.741],[6.715,43.739],[6.701,43.754],[6.683,43.758],[6.657,43.749],[6.652,43.765],[6.639,43.769],[6.646,43.775],[6.636,43.783],[6.641,43.795],[6.712,43.814],[6.702,43.824],[6.668,43.831],[6.678,43.852],[6.703,43.856],[6.696,43.876],[6.671,43.888]]]],"type":"MultiPolygon"}},{"type":"Feature","properties":{"c":"08","n":"Ardennes","p":265893,"a":[4.6918,49.7005],"pt":{"30_27":[0,0,0,0],"10_27":[0,0,0,0],"30_40":[0,0,0,5],"10_40":[0,0,0,0]},"s3":{"30_27":0,"10_27":0,"30_40":0,"10_40":0},"s2":{"30_27":0,"10_27":0,"30_40":0,"10_40":0},"p3":{"30_27":0,"10_27":0,"30_40":0,"10_40":0}},"geometry":{"coordinates":[[[5.309,49.563],[5.263,49.542],[5.236,49.569],[5.208,49.574],[5.199,49.567],[5.184,49.569],[5.163,49.562],[5.144,49.591],[5.113,49.592],[5.105,49.576],[5.113,49.561],[5.096,49.558],[5.088,49.545],[5.099,49.531],[5.059,49.501],[5.084,49.484],[5.095,49.46],[5.112,49.458],[5.1,49.441],[5.115,49.419],[5.077,49.403],[5.104,49.39],[5.102,49.378],[5.089,49.37],[5.06,49.372],[5.026,49.336],[5.038,49.316],[5.025,49.31],[5.039,49.296],[5.059,49.29],[5.049,49.286],[5.051,49.274],[5.027,49.275],[4.997,49.264],[4.999,49.259],[4.951,49.237],[4.921,49.252],[4.935,49.26],[4.916,49.261],[4.924,49.267],[4.892,49.258],[4.876,49.263],[4.883,49.257],[4.862,49.241],[4.866,49.227],[4.831,49.234],[4.815,49.25],[4.789,49.241],[4.745,49.241],[4.727,49.253],[4.704,49.251],[4.69,49.258],[4.67,49.241],[4.634,49.232],[4.617,49.238],[4.609,49.269],[4.592,49.273],[4.601,49.29],[4.576,49.296],[4.516,49.28],[4.447,49.273],[4.396,49.292],[4.376,49.324],[4.344,49.314],[4.344,49.324],[4.308,49.327],[4.288,49.349],[4.294,49.353],[4.277,49.352],[4.258,49.364],[4.248,49.382],[4.213,49.388],[4.201,49.384],[4.191,49.401],[4.048,49.406],[4.042,49.417],[4.037,49.438],[4.049,49.448],[4.068,49.446],[4.042,49.468],[4.041,49.509],[4.057,49.508],[4.056,49.521],[4.065,49.524],[4.072,49.516],[4.078,49.528],[4.075,49.542],[4.049,49.545],[4.077,49.571],[4.059,49.576],[4.066,49.594],[4.054,49.595],[4.024,49.621],[4.038,49.623],[4.041,49.638],[4.069,49.638],[4.086,49.629],[4.116,49.633],[4.127,49.678],[4.149,49.678],[4.144,49.689],[4.185,49.699],[4.191,49.716],[4.232,49.731],[4.229,49.746],[4.25,49.757],[4.243,49.767],[4.206,49.778],[4.227,49.793],[4.214,49.806],[4.224,49.834],[4.253,49.87],[4.256,49.904],[4.235,49.904],[4.217,49.914],[4.233,49.958],[4.31,49.97],[4.351,49.952],[4.381,49.954],[4.445,49.937],[4.481,49.948],[4.524,49.95],[4.541,49.97],[4.565,49.97],[4.582,49.984],[4.693,49.995],[4.685,50.027],[4.7,50.053],[4.68,50.068],[4.702,50.096],[4.752,50.112],[4.748,50.122],[4.756,50.122],[4.762,50.136],[4.807,50.153],[4.824,50.169],[4.832,50.153],[4.878,50.154],[4.881,50.141],[4.897,50.138],[4.867,50.119],[4.872,50.088],[4.85,50.101],[4.837,50.093],[4.847,50.084],[4.838,50.067],[4.819,50.066],[4.842,50.039],[4.82,50.026],[4.819,49.995],[4.794,49.982],[4.79,49.969],[4.791,49.958],[4.847,49.949],[4.89,49.909],[4.877,49.904],[4.887,49.899],[4.863,49.867],[4.847,49.868],[4.876,49.819],[4.852,49.793],[4.906,49.786],[4.943,49.79],[4.957,49.802],[4.994,49.801],[5.009,49.782],[5.063,49.762],[5.094,49.764],[5.119,49.739],[5.126,49.712],[5.144,49.709],[5.154,49.719],[5.166,49.712],[5.164,49.693],[5.206,49.696],[5.218,49.688],[5.232,49.692],[5.243,49.685],[5.27,49.696],[5.332,49.654],[5.305,49.63],[5.312,49.612],[5.34,49.617],[5.347,49.631],[5.394,49.617],[5.377,49.592],[5.352,49.588],[5.341,49.595],[5.309,49.563]]],"type":"Polygon"}},{"type":"Feature","properties":{"c":"67","n":"Bas-Rhin","p":1163810,"a":[7.5346,48.599],"pt":{"30_27":[2,0,0,10],"10_27":[0,0,0,0],"30_40":[0,0,0,10],"10_40":[0,0,0,0]},"s3":{"30_27":0,"10_27":0,"30_40":0,"10_40":0},"s2":{"30_27":0,"10_27":0,"30_40":0,"10_40":0},"p3":{"30_27":0,"10_27":0,"30_40":0,"10_40":0}},"geometry":{"coordinates":[[[7.065,48.524],[7.08,48.537],[7.092,48.529],[7.115,48.538],[7.135,48.528],[7.148,48.527],[7.15,48.533],[7.168,48.528],[7.193,48.549],[7.219,48.554],[7.266,48.592],[7.256,48.601],[7.28,48.628],[7.262,48.632],[7.277,48.633],[7.304,48.66],[7.265,48.663],[7.242,48.692],[7.264,48.699],[7.293,48.753],[7.313,48.767],[7.288,48.798],[7.27,48.803],[7.261,48.797],[7.246,48.81],[7.263,48.819],[7.258,48.822],[7.245,48.817],[7.222,48.83],[7.216,48.82],[7.186,48.834],[7.196,48.84],[7.185,48.85],[7.176,48.842],[7.149,48.845],[7.141,48.834],[7.148,48.822],[7.124,48.812],[7.127,48.801],[7.078,48.786],[7.067,48.799],[7.088,48.811],[7.052,48.815],[7.051,48.845],[7.098,48.851],[7.096,48.862],[7.051,48.859],[7.048,48.874],[6.955,48.894],[6.965,48.905],[6.956,48.922],[6.941,48.924],[6.945,48.935],[6.96,48.925],[6.971,48.928],[6.991,48.961],[7.032,48.956],[7.027,48.969],[7.041,48.977],[7.031,48.987],[7.055,49.01],[7.053,49.029],[7.079,49.05],[7.068,49.065],[7.076,49.074],[7.084,49.069],[7.099,49.078],[7.119,49.068],[7.101,49.062],[7.126,49.006],[7.174,49.006],[7.209,48.98],[7.238,48.988],[7.293,48.974],[7.29,48.956],[7.306,48.957],[7.327,48.943],[7.359,48.958],[7.386,48.952],[7.452,48.968],[7.48,48.961],[7.5,48.945],[7.526,48.945],[7.534,48.933],[7.556,48.936],[7.552,48.942],[7.578,48.957],[7.588,48.99],[7.611,49.012],[7.606,49.02],[7.638,49.046],[7.635,49.054],[7.675,49.045],[7.698,49.05],[7.696,49.058],[7.722,49.051],[7.732,49.056],[7.732,49.044],[7.762,49.046],[7.794,49.066],[7.867,49.033],[7.889,49.049],[7.913,49.04],[7.932,49.058],[7.945,49.056],[7.975,49.027],[8.0,49.028],[8.049,49.014],[8.088,48.99],[8.149,48.977],[8.194,48.977],[8.199,48.967],[8.227,48.974],[8.232,48.966],[8.197,48.957],[8.142,48.896],[8.091,48.805],[8.068,48.79],[8.031,48.788],[8.014,48.761],[7.972,48.758],[7.964,48.722],[7.892,48.664],[7.839,48.641],[7.801,48.586],[7.805,48.513],[7.768,48.489],[7.764,48.453],[7.733,48.396],[7.744,48.327],[7.693,48.301],[7.667,48.222],[7.644,48.207],[7.601,48.158],[7.598,48.135],[7.577,48.12],[7.52,48.126],[7.521,48.149],[7.47,48.16],[7.477,48.204],[7.354,48.249],[7.327,48.244],[7.31,48.254],[7.334,48.272],[7.292,48.271],[7.301,48.283],[7.275,48.305],[7.242,48.302],[7.235,48.309],[7.198,48.31],[7.192,48.325],[7.177,48.325],[7.184,48.339],[7.12,48.334],[7.109,48.344],[7.076,48.352],[7.109,48.379],[7.085,48.398],[7.098,48.406],[7.096,48.427],[7.11,48.44],[7.102,48.451],[7.119,48.475],[7.118,48.484],[7.094,48.489],[7.091,48.504],[7.136,48.498],[7.121,48.505],[7.128,48.51],[7.12,48.515],[7.103,48.519],[7.081,48.513],[7.065,48.524]]],"type":"Polygon"}},{"type":"Feature","properties":{"c":"71","n":"Saône-et-Loire","p":550310,"a":[4.569,46.6517],"pt":{"30_27":[37,0,0,20],"10_27":[0,0,0,0],"30_40":[44,0,0,21],"10_40":[0,0,0,0]},"s3":{"30_27":0,"10_27":0,"30_40":0,"10_40":0},"s2":{"30_27":16,"10_27":0,"30_40":16,"10_40":0},"p3":{"30_27":0,"10_27":0,"30_40":0,"10_40":0}},"geometry":{"coordinates":[[[4.942,46.52],[4.915,46.489],[4.914,46.462],[4.892,46.441],[4.889,46.404],[4.852,46.356],[4.853,46.328],[4.812,46.261],[4.78,46.177],[4.759,46.172],[4.727,46.179],[4.721,46.201],[4.736,46.212],[4.719,46.228],[4.737,46.233],[4.679,46.259],[4.68,46.268],[4.708,46.27],[4.71,46.278],[4.694,46.302],[4.68,46.306],[4.664,46.295],[4.653,46.304],[4.635,46.3],[4.636,46.29],[4.616,46.282],[4.618,46.265],[4.583,46.27],[4.57,46.293],[4.56,46.295],[4.546,46.274],[4.504,46.267],[4.489,46.288],[4.476,46.284],[4.458,46.297],[4.439,46.293],[4.427,46.303],[4.423,46.295],[4.406,46.296],[4.385,46.247],[4.389,46.213],[4.363,46.2],[4.374,46.187],[4.361,46.182],[4.346,46.188],[4.336,46.181],[4.327,46.185],[4.316,46.171],[4.291,46.172],[4.281,46.156],[4.25,46.158],[4.249,46.167],[4.264,46.175],[4.255,46.188],[4.225,46.178],[4.208,46.195],[4.185,46.19],[4.187,46.175],[4.133,46.177],[4.104,46.199],[4.06,46.188],[4.029,46.169],[3.99,46.169],[3.971,46.189],[3.973,46.203],[3.918,46.203],[3.89,46.214],[3.898,46.239],[3.905,46.238],[3.91,46.248],[3.905,46.273],[3.891,46.285],[3.897,46.293],[3.946,46.301],[3.946,46.321],[3.988,46.315],[3.989,46.323],[4.005,46.328],[3.985,46.33],[3.992,46.371],[3.977,46.399],[3.989,46.409],[3.984,46.42],[3.996,46.426],[3.988,46.436],[4.006,46.443],[3.999,46.465],[3.975,46.48],[3.954,46.477],[3.955,46.492],[3.91,46.495],[3.895,46.481],[3.868,46.488],[3.86,46.495],[3.864,46.512],[3.841,46.515],[3.846,46.524],[3.838,46.532],[3.805,46.519],[3.772,46.539],[3.742,46.539],[3.732,46.55],[3.743,46.566],[3.737,46.601],[3.713,46.61],[3.724,46.626],[3.71,46.634],[3.696,46.661],[3.67,46.673],[3.673,46.682],[3.656,46.687],[3.623,46.741],[3.632,46.75],[3.64,46.739],[3.66,46.738],[3.74,46.752],[3.784,46.736],[3.777,46.73],[3.795,46.702],[3.827,46.704],[3.845,46.723],[3.913,46.734],[3.911,46.743],[3.928,46.74],[3.929,46.751],[3.949,46.752],[3.967,46.769],[3.994,46.779],[4.019,46.776],[4.034,46.788],[4.055,46.776],[4.063,46.789],[4.058,46.821],[4.043,46.835],[4.101,46.865],[4.07,46.896],[4.045,46.9],[4.039,46.909],[4.036,46.926],[4.048,46.932],[4.04,46.948],[4.056,46.957],[4.039,46.985],[4.01,46.971],[3.995,46.975],[3.996,46.986],[4.032,46.999],[4.062,47.023],[4.057,47.039],[4.074,47.056],[4.039,47.081],[4.054,47.095],[4.048,47.109],[4.06,47.121],[4.091,47.116],[4.095,47.129],[4.11,47.118],[4.127,47.131],[4.148,47.113],[4.161,47.122],[4.177,47.113],[4.168,47.124],[4.188,47.134],[4.185,47.153],[4.197,47.147],[4.2,47.154],[4.215,47.154],[4.213,47.144],[4.231,47.142],[4.236,47.146],[4.245,47.147],[4.236,47.143],[4.244,47.141],[4.241,47.132],[4.252,47.132],[4.254,47.117],[4.275,47.107],[4.297,47.113],[4.307,47.103],[4.347,47.101],[4.344,47.073],[4.355,47.063],[4.371,47.08],[4.4,47.083],[4.416,47.077],[4.401,47.053],[4.422,47.048],[4.428,47.037],[4.457,47.042],[4.471,47.031],[4.49,47.034],[4.511,47.012],[4.555,47.02],[4.556,46.999],[4.546,46.994],[4.568,46.992],[4.574,46.973],[4.594,46.967],[4.59,46.956],[4.616,46.948],[4.615,46.942],[4.65,46.941],[4.68,46.93],[4.664,46.913],[4.688,46.9],[4.718,46.908],[4.725,46.924],[4.775,46.917],[4.792,46.925],[4.789,46.932],[4.811,46.931],[4.876,46.951],[4.894,46.951],[4.894,46.967],[5.004,46.958],[4.995,46.962],[5.003,46.972],[5.017,46.968],[5.03,46.981],[5.049,46.982],[5.075,46.959],[5.102,46.958],[5.098,46.945],[5.12,46.963],[5.166,46.964],[5.182,46.975],[5.195,46.97],[5.204,46.985],[5.212,46.98],[5.222,46.989],[5.255,46.982],[5.265,46.958],[5.252,46.944],[5.264,46.938],[5.262,46.927],[5.289,46.941],[5.308,46.938],[5.307,46.924],[5.329,46.888],[5.336,46.885],[5.351,46.893],[5.362,46.883],[5.399,46.893],[5.404,46.867],[5.445,46.852],[5.45,46.856],[5.439,46.855],[5.434,46.861],[5.435,46.861],[5.461,46.854],[5.463,46.827],[5.417,46.827],[5.408,46.833],[5.369,46.826],[5.351,46.814],[5.345,46.816],[5.347,46.819],[5.339,46.826],[5.342,46.82],[5.327,46.815],[5.333,46.796],[5.371,46.786],[5.372,46.777],[5.39,46.771],[5.367,46.752],[5.361,46.731],[5.394,46.729],[5.394,46.708],[5.408,46.699],[5.395,46.685],[5.421,46.673],[5.427,46.66],[5.413,46.654],[5.441,46.637],[5.419,46.616],[5.396,46.611],[5.414,46.601],[5.406,46.582],[5.367,46.58],[5.368,46.567],[5.356,46.562],[5.358,46.52],[5.385,46.516],[5.408,46.5],[5.42,46.502],[5.418,46.476],[5.398,46.467],[5.384,46.471],[5.373,46.46],[5.323,46.463],[5.313,46.447],[5.284,46.446],[5.215,46.469],[5.203,46.508],[5.168,46.519],[5.166,46.503],[5.136,46.509],[5.137,46.502],[5.114,46.493],[5.097,46.5],[5.076,46.486],[5.056,46.484],[5.029,46.492],[5.01,46.511],[4.966,46.514],[4.97,46.506],[4.96,46.508],[4.951,46.5],[4.944,46.511],[4.955,46.512],[4.942,46.52]],[[5.452,46.854],[5.456,46.851],[5.458,46.854],[5.452,46.854]],[[5.44,46.849],[5.449,46.848],[5.442,46.852],[5.44,46.849]]],"type":"Polygon"}},{"type":"Feature","properties":{"c":"55","n":"Meuse","p":180290,"a":[5.4236,49.0137],"pt":{"30_27":[0,0,2,0],"10_27":[0,0,0,0],"30_40":[0,0,0,2],"10_40":[0,0,0,0]},"s3":{"30_27":0,"10_27":0,"30_40":0,"10_40":0},"s2":{"30_27":0,"10_27":0,"30_40":0,"10_40":0},"p3":{"30_27":0,"10_27":0,"30_40":0,"10_40":0}},"geometry":{"coordinates":[[[5.714,48.745],[5.765,48.701],[5.743,48.653],[5.761,48.632],[5.759,48.621],[5.793,48.629],[5.804,48.625],[5.791,48.608],[5.762,48.609],[5.715,48.589],[5.715,48.562],[5.777,48.541],[5.761,48.524],[5.765,48.497],[5.74,48.466],[5.713,48.46],[5.678,48.472],[5.642,48.472],[5.653,48.459],[5.618,48.443],[5.621,48.426],[5.609,48.443],[5.589,48.442],[5.577,48.432],[5.561,48.441],[5.516,48.431],[5.514,48.411],[5.505,48.409],[5.465,48.425],[5.451,48.423],[5.439,48.435],[5.433,48.432],[5.409,48.445],[5.398,48.474],[5.358,48.478],[5.329,48.51],[5.306,48.516],[5.296,48.508],[5.227,48.532],[5.212,48.529],[5.167,48.565],[5.146,48.56],[5.118,48.584],[5.119,48.596],[5.07,48.596],[5.054,48.634],[5.033,48.613],[5.013,48.61],[4.997,48.618],[5.006,48.634],[4.993,48.658],[5.011,48.668],[5.007,48.68],[4.988,48.684],[4.989,48.693],[5.006,48.699],[4.997,48.71],[5.016,48.71],[5.004,48.72],[5.009,48.741],[4.982,48.745],[4.933,48.792],[4.889,48.798],[4.897,48.809],[4.889,48.817],[4.937,48.843],[4.925,48.864],[4.912,48.868],[4.925,48.891],[4.912,48.898],[4.918,48.905],[4.951,48.931],[4.959,48.926],[5.013,48.937],[5.039,48.974],[4.994,48.984],[5.005,48.993],[5.039,48.998],[5.032,49.0],[5.037,49.024],[5.009,49.035],[4.965,49.022],[5.006,49.059],[4.996,49.108],[4.94,49.185],[4.994,49.21],[4.971,49.236],[4.951,49.237],[4.999,49.259],[4.997,49.264],[5.027,49.275],[5.051,49.274],[5.049,49.286],[5.059,49.29],[5.039,49.296],[5.025,49.31],[5.038,49.316],[5.026,49.336],[5.06,49.372],[5.089,49.37],[5.102,49.378],[5.104,49.39],[5.077,49.403],[5.115,49.419],[5.1,49.441],[5.112,49.458],[5.095,49.46],[5.084,49.484],[5.059,49.501],[5.099,49.531],[5.088,49.545],[5.096,49.558],[5.113,49.561],[5.105,49.576],[5.113,49.592],[5.144,49.591],[5.163,49.562],[5.217,49.574],[5.236,49.569],[5.259,49.544],[5.275,49.542],[5.285,49.553],[5.313,49.559],[5.341,49.595],[5.352,49.588],[5.376,49.592],[5.388,49.614],[5.398,49.616],[5.428,49.596],[5.438,49.57],[5.457,49.567],[5.441,49.552],[5.465,49.539],[5.467,49.526],[5.447,49.518],[5.466,49.509],[5.465,49.499],[5.483,49.495],[5.474,49.483],[5.464,49.482],[5.471,49.461],[5.461,49.453],[5.487,49.448],[5.472,49.427],[5.508,49.421],[5.497,49.408],[5.476,49.403],[5.473,49.411],[5.448,49.402],[5.476,49.397],[5.481,49.382],[5.496,49.392],[5.5,49.409],[5.53,49.406],[5.57,49.423],[5.584,49.418],[5.6,49.424],[5.608,49.418],[5.616,49.432],[5.634,49.438],[5.68,49.414],[5.692,49.416],[5.687,49.394],[5.708,49.384],[5.712,49.363],[5.721,49.366],[5.739,49.354],[5.721,49.324],[5.734,49.31],[5.763,49.317],[5.769,49.304],[5.762,49.279],[5.723,49.264],[5.73,49.257],[5.721,49.248],[5.741,49.23],[5.719,49.216],[5.725,49.196],[5.766,49.198],[5.744,49.157],[5.76,49.153],[5.756,49.143],[5.772,49.139],[5.747,49.125],[5.766,49.107],[5.784,49.113],[5.822,49.109],[5.816,49.103],[5.827,49.09],[5.813,49.083],[5.805,49.065],[5.836,49.066],[5.836,49.055],[5.854,49.042],[5.829,49.032],[5.813,49.005],[5.828,49.006],[5.801,48.986],[5.835,48.976],[5.849,48.953],[5.832,48.944],[5.8,48.947],[5.777,48.932],[5.779,48.925],[5.755,48.923],[5.747,48.916],[5.791,48.885],[5.764,48.873],[5.782,48.828],[5.769,48.804],[5.757,48.8],[5.763,48.794],[5.778,48.8],[5.776,48.79],[5.737,48.771],[5.742,48.753],[5.714,48.745]],[[5.472,49.42],[5.452,49.407],[5.471,49.413],[5.472,49.42]],[[5.442,49.504],[5.426,49.486],[5.455,49.481],[5.46,49.488],[5.472,49.486],[5.442,49.504]]],"type":"Polygon"}},{"type":"Feature","properties":{"c":"94","n":"Val-de-Marne","p":1426929,"a":[2.4541,48.7748],"pt":{"30_27":[76,67,100,0],"10_27":[0,0,0,0],"30_40":[5,18,70,0],"10_40":[0,0,0,0]},"s3":{"30_27":54,"10_27":0,"30_40":0,"10_40":0},"s2":{"30_27":89,"10_27":0,"30_40":18,"10_40":0},"p3":{"30_27":49,"10_27":0,"30_40":0,"10_40":0}},"geometry":{"coordinates":[[[2.416,48.849],[2.496,48.861],[2.596,48.806],[2.586,48.774],[2.607,48.774],[2.616,48.762],[2.597,48.761],[2.602,48.753],[2.585,48.742],[2.595,48.732],[2.568,48.709],[2.582,48.697],[2.572,48.692],[2.554,48.688],[2.541,48.7],[2.531,48.7],[2.506,48.736],[2.448,48.723],[2.451,48.714],[2.44,48.725],[2.414,48.718],[2.402,48.727],[2.377,48.719],[2.369,48.746],[2.357,48.738],[2.31,48.752],[2.327,48.779],[2.319,48.788],[2.326,48.808],[2.318,48.808],[2.332,48.817],[2.363,48.816],[2.402,48.83],[2.437,48.818],[2.463,48.819],[2.465,48.841],[2.422,48.844],[2.422,48.836],[2.411,48.834],[2.416,48.849]]],"type":"Polygon"}},{"type":"Feature","properties":{"c":"62","n":"Pas-de-Calais","p":1457905,"a":[2.2627,50.515],"pt":{"30_27":[0,0,0,0],"10_27":[0,0,0,0],"30_40":[0,0,0,0],"10_40":[0,0,0,0]},"s3":{"30_27":0,"10_27":0,"30_40":0,"10_40":0},"s2":{"30_27":0,"10_27":0,"30_40":0,"10_40":0},"p3":{"30_27":0,"10_27":0,"30_40":0,"10_40":0}},"geometry":{"coordinates":[[[[1.58,50.376],[1.581,50.377],[1.581,50.376],[1.58,50.376]]],[[[1.581,50.377],[1.582,50.377],[1.585,50.377],[1.581,50.377],[1.581,50.377]]],[[[2.789,50.045],[2.786,50.051],[2.753,50.039],[2.742,50.048],[2.764,50.061],[2.759,50.068],[2.782,50.091],[2.781,50.108],[2.777,50.116],[2.75,50.112],[2.73,50.126],[2.707,50.126],[2.714,50.11],[2.696,50.102],[2.719,50.088],[2.704,50.081],[2.691,50.093],[2.657,50.101],[2.65,50.094],[2.638,50.097],[2.628,50.109],[2.593,50.107],[2.591,50.112],[2.576,50.113],[2.57,50.122],[2.587,50.137],[2.568,50.136],[2.557,50.143],[2.533,50.114],[2.515,50.141],[2.455,50.131],[2.428,50.088],[2.392,50.112],[2.39,50.106],[2.375,50.109],[2.382,50.14],[2.394,50.147],[2.389,50.155],[2.403,50.165],[2.413,50.162],[2.426,50.179],[2.451,50.179],[2.495,50.195],[2.451,50.231],[2.417,50.228],[2.404,50.234],[2.359,50.206],[2.333,50.239],[2.315,50.235],[2.331,50.223],[2.327,50.213],[2.32,50.22],[2.299,50.212],[2.27,50.229],[2.246,50.211],[2.225,50.208],[2.224,50.217],[2.213,50.219],[2.174,50.209],[2.149,50.191],[2.129,50.21],[2.114,50.203],[2.095,50.208],[2.088,50.2],[2.084,50.217],[2.063,50.235],[2.077,50.252],[2.048,50.257],[2.027,50.27],[2.012,50.267],[1.96,50.291],[1.95,50.286],[1.932,50.299],[1.963,50.312],[1.953,50.329],[1.938,50.33],[1.908,50.312],[1.881,50.318],[1.873,50.334],[1.852,50.343],[1.779,50.362],[1.694,50.339],[1.69,50.344],[1.693,50.338],[1.666,50.33],[1.662,50.338],[1.645,50.34],[1.627,50.371],[1.58,50.379],[1.58,50.386],[1.555,50.401],[1.586,50.54],[1.599,50.527],[1.644,50.509],[1.618,50.535],[1.604,50.538],[1.577,50.572],[1.578,50.641],[1.561,50.698],[1.573,50.717],[1.564,50.723],[1.563,50.724],[1.563,50.726],[1.568,50.741],[1.563,50.725],[1.57,50.725],[1.572,50.728],[1.575,50.728],[1.571,50.72],[1.574,50.717],[1.585,50.732],[1.601,50.724],[1.587,50.732],[1.607,50.771],[1.607,50.794],[1.578,50.853],[1.582,50.871],[1.645,50.879],[1.726,50.936],[1.836,50.964],[1.854,50.981],[1.875,50.982],[1.888,50.973],[1.948,50.992],[1.962,50.987],[2.092,51.011],[2.077,51.007],[2.093,51.003],[2.135,50.965],[2.204,50.85],[2.213,50.811],[2.27,50.783],[2.288,50.787],[2.289,50.777],[2.313,50.787],[2.37,50.771],[2.364,50.78],[2.371,50.785],[2.411,50.767],[2.339,50.74],[2.351,50.72],[2.388,50.7],[2.364,50.685],[2.375,50.672],[2.403,50.682],[2.429,50.657],[2.497,50.631],[2.533,50.643],[2.545,50.625],[2.559,50.629],[2.564,50.625],[2.566,50.633],[2.577,50.631],[2.591,50.638],[2.595,50.631],[2.614,50.635],[2.631,50.618],[2.675,50.626],[2.674,50.638],[2.696,50.629],[2.713,50.632],[2.724,50.615],[2.746,50.605],[2.76,50.635],[2.786,50.628],[2.792,50.634],[2.759,50.651],[2.77,50.664],[2.794,50.662],[2.81,50.669],[2.839,50.658],[2.87,50.631],[2.848,50.626],[2.843,50.63],[2.806,50.607],[2.789,50.583],[2.808,50.579],[2.817,50.564],[2.816,50.55],[2.794,50.549],[2.8,50.527],[2.826,50.525],[2.887,50.538],[2.887,50.503],[2.91,50.5],[2.965,50.513],[3.031,50.481],[3.021,50.482],[3.007,50.457],[3.02,50.453],[3.016,50.442],[3.038,50.442],[3.067,50.459],[3.066,50.447],[3.082,50.444],[3.069,50.426],[3.039,50.423],[3.018,50.405],[2.979,50.404],[3.008,50.358],[3.05,50.344],[3.084,50.311],[3.069,50.305],[3.063,50.31],[3.054,50.302],[3.048,50.294],[3.055,50.282],[3.035,50.288],[3.016,50.284],[3.011,50.269],[3.034,50.266],[3.049,50.278],[3.141,50.265],[3.149,50.263],[3.147,50.246],[3.176,50.241],[3.188,50.229],[3.179,50.219],[3.138,50.217],[3.131,50.2],[3.147,50.196],[3.156,50.182],[3.138,50.167],[3.101,50.162],[3.117,50.147],[3.136,50.143],[3.092,50.121],[3.105,50.116],[3.114,50.093],[3.103,50.079],[3.088,50.083],[3.098,50.068],[3.087,50.067],[3.086,50.047],[3.015,50.059],[2.972,50.042],[2.969,50.049],[2.946,50.054],[2.933,50.043],[2.92,50.049],[2.917,50.035],[2.897,50.037],[2.876,50.028],[2.878,50.021],[2.864,50.02],[2.85,50.03],[2.878,50.043],[2.855,50.062],[2.853,50.078],[2.834,50.072],[2.831,50.063],[2.822,50.068],[2.811,50.058],[2.807,50.063],[2.789,50.045]],[[3.04,50.152],[3.004,50.151],[2.994,50.137],[3.011,50.113],[3.037,50.131],[3.074,50.131],[3.068,50.147],[3.095,50.163],[3.093,50.171],[3.059,50.174],[3.061,50.167],[3.038,50.159],[3.04,50.152]]],[[[1.56,50.708],[1.56,50.708],[1.56,50.708],[1.56,50.708]]],[[[1.601,50.806],[1.6,50.805],[1.6,50.806],[1.601,50.806]]]],"type":"MultiPolygon"}},{"type":"Feature","properties":{"c":"89","n":"Yonne","p":332267,"a":[3.646,47.8562],"pt":{"30_27":[24,3,3,0],"10_27":[0,0,0,0],"30_40":[13,0,0,0],"10_40":[0,0,0,0]},"s3":{"30_27":0,"10_27":0,"30_40":0,"10_40":0},"s2":{"30_27":2,"10_27":0,"30_40":0,"10_40":0},"p3":{"30_27":0,"10_27":0,"30_40":0,"10_40":0}},"geometry":{"coordinates":[[[3.594,48.179],[3.622,48.192],[3.633,48.189],[3.668,48.139],[3.692,48.146],[3.693,48.155],[3.705,48.144],[3.72,48.154],[3.714,48.175],[3.747,48.166],[3.755,48.15],[3.74,48.132],[3.757,48.125],[3.768,48.134],[3.792,48.118],[3.806,48.101],[3.798,48.086],[3.83,48.058],[3.822,48.044],[3.871,48.017],[3.87,48.003],[3.839,48.003],[3.85,47.984],[3.866,47.984],[3.862,47.977],[3.88,47.979],[3.882,48.0],[3.893,48.002],[3.911,47.981],[3.894,47.929],[3.902,47.926],[3.926,47.935],[3.986,47.931],[4.005,47.943],[4.016,47.929],[4.032,47.933],[4.045,47.925],[4.059,47.932],[4.061,47.946],[4.09,47.945],[4.092,47.928],[4.11,47.926],[4.142,47.937],[4.166,47.96],[4.184,47.956],[4.185,47.94],[4.203,47.942],[4.203,47.959],[4.212,47.963],[4.193,47.965],[4.204,47.973],[4.227,47.971],[4.222,47.95],[4.245,47.93],[4.305,47.921],[4.313,47.905],[4.279,47.9],[4.246,47.874],[4.264,47.874],[4.259,47.847],[4.271,47.839],[4.301,47.849],[4.33,47.847],[4.33,47.838],[4.319,47.837],[4.32,47.812],[4.34,47.8],[4.327,47.786],[4.332,47.757],[4.309,47.753],[4.293,47.733],[4.261,47.742],[4.258,47.726],[4.239,47.725],[4.239,47.718],[4.268,47.705],[4.262,47.694],[4.284,47.683],[4.227,47.679],[4.226,47.671],[4.25,47.66],[4.212,47.628],[4.216,47.601],[4.197,47.604],[4.174,47.552],[4.157,47.552],[4.138,47.518],[4.115,47.515],[4.123,47.49],[4.115,47.482],[4.13,47.474],[4.13,47.462],[4.119,47.444],[4.101,47.444],[4.108,47.437],[4.099,47.43],[4.08,47.441],[4.085,47.421],[4.065,47.407],[4.067,47.399],[4.09,47.395],[4.076,47.383],[4.08,47.376],[4.093,47.373],[4.094,47.378],[4.098,47.372],[4.107,47.377],[4.098,47.358],[4.108,47.34],[4.044,47.34],[4.022,47.311],[4.002,47.311],[3.974,47.331],[3.962,47.368],[3.973,47.376],[3.949,47.395],[3.944,47.38],[3.909,47.382],[3.887,47.365],[3.872,47.366],[3.859,47.393],[3.877,47.398],[3.894,47.414],[3.867,47.435],[3.852,47.436],[3.848,47.412],[3.835,47.401],[3.83,47.408],[3.82,47.402],[3.831,47.393],[3.817,47.378],[3.802,47.39],[3.786,47.39],[3.786,47.405],[3.726,47.398],[3.702,47.427],[3.674,47.434],[3.674,47.45],[3.667,47.446],[3.62,47.456],[3.616,47.467],[3.587,47.456],[3.576,47.482],[3.581,47.498],[3.553,47.502],[3.513,47.527],[3.511,47.551],[3.498,47.561],[3.49,47.555],[3.488,47.494],[3.45,47.5],[3.446,47.512],[3.429,47.506],[3.39,47.509],[3.38,47.486],[3.345,47.479],[3.346,47.469],[3.338,47.47],[3.34,47.481],[3.307,47.495],[3.296,47.492],[3.285,47.504],[3.276,47.491],[3.236,47.488],[3.205,47.523],[3.191,47.52],[3.186,47.526],[3.182,47.518],[3.165,47.517],[3.135,47.543],[3.123,47.539],[3.116,47.569],[3.124,47.576],[3.102,47.588],[3.081,47.586],[3.06,47.57],[3.022,47.556],[2.977,47.569],[2.936,47.599],[2.945,47.608],[2.932,47.627],[2.954,47.646],[2.918,47.67],[2.926,47.682],[2.879,47.704],[2.879,47.72],[2.861,47.71],[2.848,47.717],[2.856,47.762],[2.911,47.77],[2.93,47.762],[2.988,47.786],[3.025,47.787],[3.028,47.801],[3.024,47.813],[3.015,47.813],[3.022,47.818],[3.012,47.834],[3.029,47.835],[3.029,47.857],[2.995,47.867],[3.012,47.874],[3.007,47.895],[3.017,47.899],[3.009,47.906],[3.05,47.911],[3.051,47.924],[3.105,47.947],[3.109,47.962],[3.128,47.971],[3.124,48.007],[3.099,48.021],[3.124,48.031],[3.094,48.04],[3.095,48.054],[3.05,48.072],[3.035,48.116],[3.016,48.116],[3.029,48.133],[3.01,48.146],[2.995,48.142],[2.991,48.153],[2.973,48.15],[2.953,48.165],[2.935,48.167],[2.937,48.183],[2.971,48.194],[2.973,48.206],[3.004,48.207],[3.031,48.249],[3.047,48.25],[3.045,48.271],[3.025,48.276],[3.03,48.286],[3.019,48.295],[3.028,48.303],[3.015,48.306],[3.043,48.331],[3.036,48.338],[3.046,48.358],[3.08,48.361],[3.1,48.357],[3.103,48.349],[3.122,48.369],[3.14,48.373],[3.147,48.366],[3.172,48.377],[3.2,48.364],[3.223,48.37],[3.255,48.365],[3.283,48.382],[3.335,48.37],[3.357,48.379],[3.358,48.371],[3.367,48.394],[3.383,48.4],[3.415,48.39],[3.427,48.358],[3.453,48.374],[3.498,48.37],[3.545,48.334],[3.544,48.32],[3.563,48.322],[3.562,48.311],[3.588,48.301],[3.578,48.285],[3.614,48.274],[3.624,48.259],[3.6,48.237],[3.622,48.226],[3.575,48.189],[3.594,48.179]]],"type":"Polygon"}},{"type":"Feature","properties":{"c":"48","n":"Lozère","p":76486,"a":[3.5219,44.5421],"pt":{"30_27":[5,0,30,98],"10_27":[1,0,2,24],"30_40":[8,0,53,96],"10_40":[3,0,5,21]},"s3":{"30_27":5,"10_27":1,"30_40":8,"10_40":3},"s2":{"30_27":30,"10_27":2,"30_40":53,"10_40":5},"p3":{"30_27":4,"10_27":1,"30_40":8,"10_40":2}},"geometry":{"coordinates":[[[3.797,44.127],[3.774,44.144],[3.765,44.141],[3.76,44.151],[3.706,44.165],[3.67,44.187],[3.661,44.174],[3.65,44.181],[3.637,44.176],[3.626,44.153],[3.653,44.146],[3.636,44.141],[3.625,44.118],[3.564,44.123],[3.544,44.11],[3.538,44.12],[3.508,44.126],[3.45,44.127],[3.433,44.135],[3.431,44.148],[3.397,44.161],[3.396,44.169],[3.373,44.171],[3.375,44.179],[3.357,44.193],[3.363,44.202],[3.317,44.201],[3.294,44.207],[3.289,44.2],[3.204,44.19],[3.231,44.23],[3.192,44.241],[3.188,44.249],[3.162,44.245],[3.148,44.276],[3.138,44.264],[3.12,44.262],[3.122,44.285],[3.154,44.308],[3.145,44.318],[3.154,44.331],[3.134,44.33],[3.132,44.357],[3.119,44.364],[3.118,44.384],[3.14,44.392],[3.137,44.411],[3.127,44.414],[3.142,44.426],[3.137,44.456],[3.068,44.502],[3.084,44.56],[3.076,44.573],[3.032,44.598],[2.981,44.645],[3.016,44.714],[3.039,44.715],[3.027,44.73],[3.031,44.749],[3.049,44.763],[3.046,44.802],[3.077,44.825],[3.072,44.838],[3.099,44.833],[3.093,44.855],[3.11,44.866],[3.103,44.886],[3.116,44.895],[3.124,44.89],[3.128,44.904],[3.144,44.902],[3.164,44.874],[3.192,44.862],[3.199,44.875],[3.216,44.874],[3.238,44.887],[3.227,44.91],[3.25,44.916],[3.242,44.935],[3.267,44.943],[3.262,44.932],[3.286,44.926],[3.337,44.956],[3.355,44.955],[3.361,44.971],[3.373,44.976],[3.372,44.96],[3.391,44.95],[3.404,44.957],[3.415,44.941],[3.411,44.918],[3.421,44.895],[3.459,44.839],[3.456,44.829],[3.48,44.809],[3.49,44.807],[3.506,44.824],[3.562,44.825],[3.56,44.833],[3.571,44.836],[3.579,44.825],[3.59,44.827],[3.585,44.838],[3.595,44.841],[3.599,44.86],[3.594,44.877],[3.615,44.874],[3.63,44.881],[3.654,44.876],[3.673,44.857],[3.672,44.843],[3.658,44.836],[3.663,44.83],[3.698,44.831],[3.701,44.837],[3.722,44.831],[3.743,44.839],[3.761,44.802],[3.771,44.804],[3.772,44.797],[3.799,44.786],[3.809,44.765],[3.833,44.777],[3.843,44.77],[3.83,44.755],[3.835,44.748],[3.876,44.74],[3.861,44.711],[3.872,44.708],[3.87,44.697],[3.884,44.697],[3.869,44.678],[3.898,44.644],[3.894,44.614],[3.907,44.611],[3.905,44.593],[3.918,44.588],[3.923,44.572],[3.945,44.574],[3.955,44.567],[3.989,44.504],[3.986,44.478],[3.998,44.46],[3.976,44.443],[3.961,44.414],[3.948,44.412],[3.952,44.402],[3.918,44.405],[3.886,44.388],[3.908,44.375],[3.935,44.336],[3.952,44.332],[3.945,44.317],[3.923,44.305],[3.94,44.286],[3.934,44.276],[3.946,44.267],[3.96,44.271],[3.976,44.259],[3.971,44.25],[3.946,44.242],[3.952,44.218],[3.937,44.195],[3.957,44.194],[3.965,44.171],[3.977,44.171],[3.974,44.163],[3.923,44.182],[3.927,44.161],[3.912,44.16],[3.909,44.147],[3.89,44.145],[3.875,44.126],[3.831,44.137],[3.797,44.127]]],"type":"Polygon"}},{"type":"Feature","properties":{"c":"73","n":"Savoie","p":448226,"a":[6.4072,45.4878],"pt":{"30_27":[1,0,0,100],"10_27":[0,0,0,23],"30_40":[3,0,0,100],"10_40":[0,0,0,29]},"s3":{"30_27":0,"10_27":0,"30_40":0,"10_40":0},"s2":{"30_27":1,"10_27":0,"30_40":3,"10_40":0},"p3":{"30_27":0,"10_27":0,"30_40":0,"10_40":0}},"geometry":{"coordinates":[[[6.103,45.764],[6.125,45.75],[6.138,45.761],[6.167,45.757],[6.177,45.737],[6.196,45.732],[6.19,45.697],[6.196,45.693],[6.212,45.701],[6.215,45.709],[6.232,45.703],[6.228,45.682],[6.329,45.693],[6.353,45.732],[6.348,45.737],[6.372,45.754],[6.374,45.766],[6.363,45.768],[6.425,45.803],[6.45,45.837],[6.45,45.861],[6.471,45.885],[6.495,45.89],[6.51,45.909],[6.532,45.897],[6.559,45.893],[6.571,45.882],[6.568,45.862],[6.535,45.862],[6.55,45.828],[6.566,45.816],[6.578,45.816],[6.584,45.801],[6.599,45.792],[6.659,45.801],[6.691,45.771],[6.686,45.756],[6.699,45.745],[6.689,45.728],[6.712,45.723],[6.756,45.767],[6.801,45.78],[6.806,45.748],[6.817,45.74],[6.809,45.725],[6.846,45.69],[6.893,45.676],[6.903,45.681],[6.902,45.664],[6.93,45.646],[6.961,45.655],[7.001,45.64],[6.985,45.62],[6.978,45.59],[6.995,45.576],[6.991,45.531],[7.005,45.518],[7.0,45.505],[7.054,45.495],[7.063,45.489],[7.049,45.485],[7.049,45.472],[7.105,45.468],[7.099,45.459],[7.114,45.433],[7.185,45.407],[7.18,45.391],[7.163,45.381],[7.164,45.361],[7.134,45.347],[7.132,45.329],[7.11,45.327],[7.136,45.281],[7.13,45.248],[7.11,45.247],[7.082,45.225],[7.077,45.211],[7.047,45.226],[7.027,45.216],[7.003,45.221],[6.993,45.21],[6.966,45.208],[6.968,45.196],[6.954,45.192],[6.947,45.17],[6.892,45.167],[6.884,45.157],[6.898,45.142],[6.894,45.137],[6.848,45.127],[6.847,45.136],[6.768,45.16],[6.74,45.137],[6.712,45.145],[6.68,45.14],[6.673,45.124],[6.633,45.116],[6.63,45.109],[6.615,45.122],[6.576,45.123],[6.559,45.104],[6.53,45.099],[6.51,45.109],[6.48,45.094],[6.487,45.056],[6.453,45.052],[6.434,45.064],[6.396,45.061],[6.365,45.07],[6.375,45.083],[6.365,45.102],[6.334,45.123],[6.294,45.109],[6.261,45.127],[6.266,45.14],[6.25,45.151],[6.223,45.141],[6.212,45.155],[6.181,45.165],[6.162,45.151],[6.144,45.155],[6.162,45.188],[6.159,45.202],[6.139,45.213],[6.142,45.223],[6.127,45.231],[6.126,45.244],[6.141,45.262],[6.131,45.285],[6.154,45.311],[6.187,45.32],[6.195,45.352],[6.171,45.357],[6.192,45.369],[6.178,45.393],[6.145,45.414],[6.131,45.435],[6.122,45.439],[6.095,45.432],[6.092,45.444],[6.05,45.438],[6.008,45.454],[6.01,45.474],[5.991,45.475],[5.966,45.492],[5.915,45.477],[5.926,45.464],[5.921,45.444],[5.904,45.432],[5.904,45.407],[5.928,45.416],[5.91,45.39],[5.891,45.391],[5.888,45.403],[5.854,45.417],[5.815,45.423],[5.798,45.439],[5.741,45.436],[5.732,45.453],[5.736,45.472],[5.719,45.484],[5.713,45.507],[5.7,45.509],[5.692,45.528],[5.676,45.531],[5.674,45.56],[5.652,45.572],[5.622,45.61],[5.634,45.612],[5.652,45.636],[5.688,45.644],[5.685,45.666],[5.709,45.688],[5.7,45.71],[5.748,45.705],[5.776,45.726],[5.77,45.741],[5.784,45.746],[5.784,45.816],[5.826,45.902],[5.829,45.938],[5.838,45.932],[5.862,45.932],[5.879,45.86],[5.873,45.834],[5.882,45.827],[5.904,45.826],[5.913,45.804],[5.931,45.807],[5.934,45.815],[5.963,45.813],[5.958,45.795],[5.982,45.795],[5.973,45.77],[5.997,45.761],[5.994,45.748],[6.009,45.751],[6.043,45.739],[6.055,45.752],[6.076,45.741],[6.096,45.743],[6.101,45.732],[6.103,45.764]]],"type":"Polygon"}},{"type":"Feature","properties":{"c":"78","n":"Yvelines","p":1485086,"a":[1.8942,48.764],"pt":{"30_27":[0,26,11,0],"10_27":[0,0,0,0],"30_40":[0,5,1,0],"10_40":[0,0,0,0]},"s3":{"30_27":0,"10_27":0,"30_40":0,"10_40":0},"s2":{"30_27":8,"10_27":0,"30_40":0,"10_40":0},"p3":{"30_27":0,"10_27":0,"30_40":0,"10_40":0}},"geometry":{"coordinates":[[[1.597,48.721],[1.627,48.748],[1.608,48.761],[1.582,48.762],[1.588,48.774],[1.577,48.783],[1.579,48.809],[1.592,48.815],[1.579,48.83],[1.598,48.839],[1.577,48.845],[1.584,48.861],[1.546,48.87],[1.563,48.89],[1.539,48.905],[1.538,48.923],[1.514,48.922],[1.501,48.941],[1.511,48.954],[1.501,48.951],[1.492,48.965],[1.518,48.978],[1.508,48.984],[1.471,48.975],[1.461,48.987],[1.48,49.007],[1.458,49.026],[1.447,49.054],[1.462,49.064],[1.479,49.052],[1.502,49.059],[1.514,49.079],[1.508,49.085],[1.518,49.079],[1.523,49.068],[1.541,49.074],[1.558,49.069],[1.605,49.085],[1.614,49.071],[1.66,49.081],[1.693,49.069],[1.694,49.057],[1.723,49.045],[1.732,49.051],[1.751,49.048],[1.76,49.064],[1.791,49.058],[1.797,49.072],[1.829,49.076],[1.846,49.061],[1.865,49.057],[1.851,49.033],[1.865,49.022],[1.859,49.014],[1.882,49.02],[1.883,49.034],[1.908,49.048],[1.938,49.022],[1.947,49.027],[1.992,49.021],[2.024,48.998],[2.064,49.008],[2.075,49.002],[2.085,49.015],[2.11,49.009],[2.121,49.018],[2.121,48.993],[2.171,48.978],[2.175,48.952],[2.206,48.95],[2.204,48.915],[2.168,48.895],[2.148,48.869],[2.157,48.87],[2.15,48.857],[2.16,48.848],[2.151,48.848],[2.146,48.836],[2.152,48.817],[2.177,48.814],[2.183,48.797],[2.203,48.798],[2.212,48.791],[2.206,48.785],[2.223,48.786],[2.229,48.77],[2.191,48.775],[2.19,48.754],[2.181,48.759],[2.161,48.75],[2.151,48.755],[2.135,48.738],[2.12,48.742],[2.103,48.738],[2.113,48.723],[2.097,48.694],[2.089,48.699],[2.08,48.685],[2.068,48.69],[2.046,48.687],[2.034,48.68],[2.028,48.657],[2.012,48.66],[2.016,48.641],[2.037,48.642],[2.035,48.632],[2.06,48.615],[2.055,48.608],[2.033,48.606],[2.036,48.59],[2.021,48.578],[2.017,48.558],[1.979,48.554],[1.937,48.562],[1.935,48.547],[1.946,48.542],[1.95,48.547],[1.949,48.541],[1.969,48.532],[1.974,48.537],[1.979,48.526],[1.963,48.529],[1.946,48.518],[1.933,48.481],[1.915,48.474],[1.923,48.451],[1.904,48.439],[1.845,48.446],[1.837,48.467],[1.801,48.466],[1.776,48.514],[1.788,48.554],[1.769,48.559],[1.757,48.575],[1.709,48.578],[1.702,48.585],[1.719,48.606],[1.715,48.615],[1.687,48.611],[1.686,48.62],[1.667,48.613],[1.638,48.645],[1.643,48.651],[1.621,48.65],[1.603,48.662],[1.612,48.689],[1.576,48.703],[1.594,48.709],[1.587,48.71],[1.597,48.721]]],"type":"Polygon"}},{"type":"Feature","properties":{"c":"34","n":"Hérault","p":1230289,"a":[3.3563,43.5923],"pt":{"30_27":[92,68,95,100],"10_27":[77,28,87,92],"30_40":[93,68,98,100],"10_40":[78,32,88,93]},"s3":{"30_27":92,"10_27":77,"30_40":93,"10_40":79},"s2":{"30_27":95,"10_27":87,"30_40":98,"10_40":89},"p3":{"30_27":100,"10_27":98,"30_40":100,"10_40":98}},"geometry":{"coordinates":[[[[3.501,43.263],[3.502,43.263],[3.502,43.263],[3.501,43.263]]],[[[3.508,43.274],[3.509,43.274],[3.509,43.273],[3.508,43.274],[3.508,43.275],[3.508,43.274]]],[[[3.508,43.277],[3.511,43.279],[3.508,43.275],[3.508,43.277]]],[[[3.499,43.278],[3.5,43.277],[3.499,43.278],[3.499,43.278]]],[[[3.5,43.278],[3.506,43.28],[3.507,43.278],[3.5,43.278]]],[[[3.522,43.293],[3.523,43.292],[3.523,43.292],[3.522,43.293]]],[[[3.701,43.393],[3.708,43.396],[3.731,43.399],[3.709,43.396],[3.706,43.394],[3.701,43.393]]],[[[3.731,43.413],[3.734,43.415],[3.748,43.42],[3.731,43.413],[3.726,43.401],[3.731,43.413]]],[[[2.647,43.66],[2.652,43.649],[2.685,43.654],[2.72,43.645],[2.755,43.614],[2.783,43.626],[2.795,43.624],[2.813,43.641],[2.828,43.637],[2.846,43.646],[2.874,43.645],[2.879,43.657],[2.907,43.654],[2.92,43.662],[2.922,43.69],[2.985,43.709],[3.013,43.703],[3.027,43.693],[3.061,43.693],[3.069,43.707],[3.053,43.716],[3.059,43.738],[3.052,43.746],[3.076,43.768],[3.059,43.779],[3.049,43.801],[3.064,43.809],[3.058,43.819],[3.065,43.836],[3.086,43.836],[3.15,43.814],[3.213,43.813],[3.249,43.83],[3.252,43.844],[3.235,43.862],[3.265,43.895],[3.343,43.894],[3.344,43.906],[3.37,43.917],[3.39,43.909],[3.418,43.915],[3.438,43.901],[3.432,43.894],[3.442,43.888],[3.431,43.873],[3.422,43.873],[3.432,43.863],[3.457,43.869],[3.483,43.892],[3.496,43.889],[3.505,43.897],[3.523,43.888],[3.518,43.865],[3.528,43.854],[3.56,43.856],[3.579,43.844],[3.601,43.849],[3.575,43.865],[3.624,43.917],[3.639,43.916],[3.632,43.9],[3.639,43.896],[3.648,43.902],[3.641,43.916],[3.671,43.91],[3.676,43.931],[3.69,43.939],[3.686,43.954],[3.717,43.961],[3.731,43.972],[3.744,43.967],[3.752,43.973],[3.788,43.967],[3.796,43.942],[3.82,43.942],[3.827,43.936],[3.828,43.923],[3.8,43.891],[3.804,43.879],[3.831,43.866],[3.852,43.868],[3.857,43.877],[3.898,43.878],[3.917,43.888],[3.922,43.858],[3.958,43.854],[3.958,43.844],[3.981,43.843],[3.959,43.805],[3.974,43.801],[4.001,43.813],[4.018,43.808],[4.054,43.786],[4.053,43.773],[4.067,43.765],[4.085,43.768],[4.115,43.737],[4.142,43.737],[4.164,43.707],[4.163,43.687],[4.195,43.654],[4.169,43.609],[4.15,43.598],[4.15,43.585],[4.099,43.585],[4.085,43.592],[4.075,43.589],[4.108,43.57],[4.099,43.553],[4.081,43.553],[4.082,43.56],[4.078,43.558],[4.081,43.556],[4.079,43.554],[4.082,43.552],[4.044,43.557],[3.977,43.54],[3.975,43.547],[3.97,43.544],[3.977,43.54],[3.912,43.52],[3.844,43.482],[3.778,43.429],[3.778,43.432],[3.776,43.433],[3.778,43.434],[3.773,43.435],[3.771,43.433],[3.776,43.434],[3.778,43.43],[3.753,43.426],[3.75,43.42],[3.748,43.418],[3.753,43.428],[3.73,43.419],[3.714,43.399],[3.704,43.399],[3.705,43.405],[3.696,43.395],[3.702,43.397],[3.702,43.394],[3.663,43.394],[3.638,43.381],[3.53,43.291],[3.523,43.296],[3.522,43.291],[3.524,43.293],[3.531,43.291],[3.506,43.268],[3.515,43.28],[3.511,43.285],[3.495,43.28],[3.499,43.277],[3.503,43.277],[3.507,43.273],[3.505,43.269],[3.501,43.274],[3.444,43.28],[3.433,43.29],[3.397,43.287],[3.283,43.241],[3.242,43.21],[3.199,43.25],[3.157,43.242],[3.144,43.247],[3.142,43.259],[3.12,43.261],[3.111,43.253],[3.079,43.261],[3.054,43.28],[3.026,43.282],[3.011,43.274],[3.004,43.32],[2.946,43.312],[2.921,43.326],[2.914,43.32],[2.892,43.327],[2.884,43.335],[2.893,43.343],[2.89,43.366],[2.869,43.374],[2.869,43.383],[2.855,43.373],[2.876,43.34],[2.869,43.33],[2.806,43.32],[2.818,43.31],[2.791,43.293],[2.788,43.272],[2.772,43.258],[2.752,43.255],[2.725,43.273],[2.705,43.275],[2.699,43.28],[2.706,43.299],[2.688,43.323],[2.659,43.293],[2.632,43.298],[2.617,43.284],[2.601,43.298],[2.586,43.333],[2.552,43.334],[2.54,43.346],[2.557,43.366],[2.551,43.378],[2.56,43.393],[2.593,43.404],[2.593,43.413],[2.58,43.412],[2.566,43.423],[2.607,43.431],[2.605,43.441],[2.618,43.438],[2.646,43.459],[2.643,43.469],[2.665,43.462],[2.656,43.482],[2.658,43.517],[2.676,43.514],[2.616,43.567],[2.632,43.584],[2.614,43.6],[2.629,43.61],[2.647,43.66]]]],"type":"MultiPolygon"}},{"type":"Feature","properties":{"c":"33","n":"Gironde","p":1690493,"a":[-0.5989,44.8866],"pt":{"30_27":[98,26,13,0],"10_27":[0,0,0,0],"30_40":[92,44,0,0],"10_40":[0,0,0,0]},"s3":{"30_27":5,"10_27":0,"30_40":0,"10_40":0},"s2":{"30_27":31,"10_27":0,"30_40":38,"10_40":0},"p3":{"30_27":6,"10_27":0,"30_40":0,"10_40":0}},"geometry":{"coordinates":[[[[-1.254,44.565],[-1.235,44.593],[-1.226,44.599],[-1.223,44.599],[-1.254,44.565]]],[[[-1.031,44.653],[-1.025,44.662],[-1.026,44.662],[-1.029,44.661],[-1.027,44.662],[-1.026,44.662],[-1.011,44.65],[-1.031,44.653]]],[[[-1.029,44.661],[-1.028,44.66],[-1.029,44.659],[-1.029,44.661]]],[[[-1.026,44.661],[-1.026,44.661],[-1.028,44.66],[-1.026,44.662],[-1.026,44.661]]],[[[-1.028,44.661],[-1.026,44.662],[-1.026,44.662],[-1.028,44.661],[-1.026,44.662],[-1.026,44.662],[-1.026,44.662],[-1.028,44.66],[-1.028,44.66],[-1.028,44.661]]],[[[-1.045,44.682],[-1.04,44.683],[-1.043,44.682],[-1.045,44.682]]],[[[-1.189,44.701],[-1.176,44.705],[-1.166,44.696],[-1.181,44.692],[-1.189,44.701]]],[[[0.244,44.862],[0.239,44.873],[0.277,44.867],[0.315,44.845],[0.287,44.823],[0.264,44.826],[0.271,44.786],[0.298,44.76],[0.252,44.75],[0.24,44.763],[0.226,44.765],[0.21,44.741],[0.219,44.725],[0.201,44.722],[0.192,44.749],[0.185,44.749],[0.175,44.734],[0.151,44.73],[0.14,44.737],[0.133,44.704],[0.118,44.713],[0.105,44.708],[0.103,44.686],[0.134,44.682],[0.134,44.666],[0.163,44.671],[0.183,44.66],[0.165,44.633],[0.14,44.641],[0.151,44.609],[0.082,44.584],[0.086,44.576],[0.07,44.549],[0.036,44.554],[0.021,44.542],[-0.001,44.552],[0.018,44.53],[-0.016,44.505],[-0.013,44.461],[-0.0,44.46],[0.008,44.449],[-0.005,44.442],[-0.005,44.424],[-0.014,44.419],[0.019,44.389],[0.007,44.382],[0.024,44.376],[0.015,44.367],[-0.012,44.372],[-0.029,44.36],[-0.058,44.361],[-0.079,44.354],[-0.086,44.338],[-0.035,44.297],[-0.044,44.294],[-0.033,44.272],[-0.053,44.266],[-0.067,44.246],[-0.074,44.252],[-0.088,44.236],[-0.106,44.231],[-0.123,44.241],[-0.141,44.226],[-0.194,44.272],[-0.203,44.264],[-0.226,44.265],[-0.223,44.206],[-0.272,44.194],[-0.39,44.209],[-0.397,44.237],[-0.383,44.286],[-0.405,44.287],[-0.431,44.301],[-0.432,44.323],[-0.479,44.325],[-0.51,44.336],[-0.528,44.365],[-0.642,44.4],[-0.626,44.407],[-0.628,44.443],[-0.676,44.457],[-0.69,44.441],[-0.729,44.448],[-0.781,44.441],[-0.78,44.428],[-0.81,44.42],[-0.843,44.418],[-0.919,44.443],[-1.029,44.423],[-1.007,44.437],[-0.981,44.483],[-0.988,44.508],[-1.026,44.507],[-1.085,44.532],[-1.107,44.502],[-1.254,44.467],[-1.255,44.537],[-1.211,44.6],[-1.193,44.66],[-1.144,44.66],[-1.139,44.654],[-1.149,44.648],[-1.144,44.638],[-1.14,44.648],[-1.118,44.647],[-1.12,44.641],[-1.117,44.639],[-1.112,44.647],[-1.101,44.647],[-1.102,44.643],[-1.097,44.645],[-1.099,44.642],[-1.098,44.641],[-1.097,44.641],[-1.077,44.644],[-1.077,44.641],[-1.076,44.64],[-1.074,44.646],[-1.053,44.644],[-1.052,44.649],[-1.038,44.654],[-1.036,44.649],[-1.019,44.64],[-1.027,44.65],[-1.021,44.648],[-1.008,44.651],[-0.998,44.642],[-1.001,44.647],[-1.013,44.654],[-1.022,44.678],[-1.039,44.68],[-1.026,44.688],[-1.05,44.682],[-1.069,44.696],[-1.036,44.693],[-1.053,44.71],[-1.163,44.776],[-1.18,44.759],[-1.173,44.746],[-1.229,44.701],[-1.241,44.675],[-1.245,44.621],[-1.257,44.625],[-1.261,44.639],[-1.162,45.295],[-1.153,45.483],[-1.1,45.541],[-1.092,45.565],[-1.061,45.574],[-1.033,45.506],[-0.997,45.488],[-0.974,45.463],[-0.934,45.444],[-0.804,45.348],[-0.768,45.29],[-0.742,45.19],[-0.688,45.086],[-0.653,45.05],[-0.609,45.015],[-0.573,45.004],[-0.607,45.041],[-0.597,45.037],[-0.59,45.043],[-0.636,45.074],[-0.668,45.127],[-0.67,45.169],[-0.719,45.328],[-0.644,45.322],[-0.645,45.315],[-0.615,45.324],[-0.596,45.32],[-0.587,45.345],[-0.569,45.331],[-0.575,45.315],[-0.566,45.295],[-0.514,45.286],[-0.474,45.294],[-0.419,45.274],[-0.425,45.248],[-0.407,45.248],[-0.405,45.24],[-0.421,45.209],[-0.403,45.19],[-0.383,45.144],[-0.364,45.17],[-0.351,45.17],[-0.32,45.156],[-0.313,45.137],[-0.308,45.15],[-0.276,45.142],[-0.246,45.108],[-0.227,45.109],[-0.191,45.094],[-0.152,45.089],[-0.098,45.121],[-0.088,45.122],[-0.064,45.099],[-0.047,45.098],[-0.026,45.115],[-0.008,45.119],[0.045,45.115],[0.073,45.07],[0.044,45.035],[0.031,44.976],[0.014,44.979],[0.003,44.947],[0.034,44.915],[-0.01,44.858],[-0.034,44.852],[0.004,44.846],[0.022,44.85],[0.038,44.839],[0.039,44.828],[0.072,44.819],[0.082,44.831],[0.098,44.833],[0.108,44.832],[0.111,44.819],[0.124,44.828],[0.147,44.829],[0.19,44.82],[0.244,44.862]]],[[[-1.173,45.586],[-1.174,45.586],[-1.174,45.586],[-1.173,45.586]]],[[[-0.649,45.052],[-0.645,45.047],[-0.652,45.053],[-0.649,45.052]]],[[[-0.692,45.181],[-0.68,45.146],[-0.68,45.131],[-0.693,45.162],[-0.692,45.181]]],[[[-0.632,45.037],[-0.679,45.096],[-0.595,45.014],[-0.632,45.037]]],[[[-0.711,45.214],[-0.7,45.191],[-0.701,45.177],[-0.716,45.2],[-0.711,45.214]]]],"type":"MultiPolygon"}},{"type":"Feature","properties":{"c":"17","n":"Charente-Maritime","p":672279,"a":[-0.8195,45.7216],"pt":{"30_27":[56,74,92,0],"10_27":[0,8,0,0],"30_40":[44,95,72,0],"10_40":[0,13,0,0]},"s3":{"30_27":35,"10_27":0,"30_40":19,"10_40":0},"s2":{"30_27":87,"10_27":0,"30_40":94,"10_40":0},"p3":{"30_27":27,"10_27":0,"30_40":16,"10_40":0}},"geometry":{"coordinates":[[[[-1.234,45.807],[-1.233,45.807],[-1.234,45.807],[-1.234,45.807]]],[[[-1.264,45.876],[-1.33,45.916],[-1.328,45.913],[-1.328,45.91],[-1.387,45.954],[-1.396,45.978],[-1.387,45.997],[-1.412,46.048],[-1.37,46.039],[-1.369,46.029],[-1.311,45.992],[-1.248,45.99],[-1.235,45.984],[-1.235,45.97],[-1.245,45.964],[-1.244,45.964],[-1.237,45.968],[-1.23,45.971],[-1.236,45.968],[-1.243,45.96],[-1.226,45.941],[-1.234,45.935],[-1.233,45.922],[-1.188,45.887],[-1.195,45.884],[-1.195,45.882],[-1.192,45.882],[-1.194,45.872],[-1.202,45.876],[-1.187,45.86],[-1.202,45.864],[-1.215,45.85],[-1.204,45.846],[-1.196,45.829],[-1.229,45.806],[-1.23,45.808],[-1.236,45.807],[-1.227,45.804],[-1.233,45.804],[-1.242,45.813],[-1.264,45.876]]],[[[-1.226,45.936],[-1.226,45.936],[-1.226,45.938],[-1.226,45.936]]],[[[-1.236,45.96],[-1.236,45.96],[-1.234,45.963],[-1.235,45.96],[-1.235,45.96],[-1.236,45.96]]],[[[-1.234,45.966],[-1.232,45.965],[-1.234,45.963],[-1.234,45.966]]],[[[-1.234,45.964],[-1.234,45.969],[-1.234,45.969],[-1.234,45.964]]],[[[-1.372,46.168],[-1.374,46.169],[-1.372,46.168],[-1.372,46.168]]],[[[-1.31,46.143],[-1.391,46.177],[-1.463,46.203],[-1.505,46.193],[-1.535,46.202],[-1.562,46.245],[-1.542,46.243],[-1.5,46.258],[-1.474,46.233],[-1.488,46.229],[-1.499,46.235],[-1.506,46.227],[-1.515,46.235],[-1.517,46.221],[-1.506,46.216],[-1.508,46.216],[-1.51,46.216],[-1.507,46.215],[-1.511,46.212],[-1.512,46.21],[-1.511,46.209],[-1.499,46.217],[-1.483,46.202],[-1.475,46.21],[-1.483,46.213],[-1.457,46.224],[-1.465,46.229],[-1.415,46.23],[-1.419,46.219],[-1.441,46.214],[-1.428,46.204],[-1.355,46.206],[-1.324,46.187],[-1.293,46.188],[-1.275,46.16],[-1.256,46.165],[-1.254,46.163],[-1.253,46.163],[-1.253,46.163],[-1.279,46.144],[-1.31,46.143]]],[[[-1.098,45.641],[-1.098,45.64],[-1.099,45.641],[-1.098,45.641]]],[[[-0.398,46.087],[-0.383,46.098],[-0.358,46.083],[-0.363,46.076],[-0.331,46.083],[-0.304,46.078],[-0.292,46.088],[-0.273,46.057],[-0.213,46.044],[-0.192,46.055],[-0.189,46.026],[-0.16,46.037],[-0.172,46.023],[-0.163,46.022],[-0.165,46.011],[-0.139,45.999],[-0.137,45.979],[-0.116,45.977],[-0.103,45.97],[-0.107,45.959],[-0.095,45.962],[-0.086,45.951],[-0.097,45.929],[-0.151,45.927],[-0.151,45.914],[-0.142,45.917],[-0.132,45.911],[-0.149,45.901],[-0.144,45.892],[-0.131,45.891],[-0.127,45.873],[-0.111,45.872],[-0.122,45.85],[-0.145,45.839],[-0.135,45.819],[-0.156,45.797],[-0.148,45.794],[-0.156,45.78],[-0.165,45.781],[-0.156,45.79],[-0.162,45.793],[-0.166,45.788],[-0.191,45.79],[-0.201,45.778],[-0.221,45.775],[-0.244,45.796],[-0.238,45.804],[-0.288,45.807],[-0.304,45.789],[-0.32,45.785],[-0.34,45.787],[-0.361,45.779],[-0.402,45.787],[-0.404,45.77],[-0.428,45.763],[-0.449,45.766],[-0.463,45.752],[-0.46,45.739],[-0.416,45.742],[-0.4,45.736],[-0.421,45.725],[-0.415,45.697],[-0.423,45.686],[-0.41,45.683],[-0.383,45.656],[-0.409,45.656],[-0.433,45.625],[-0.415,45.616],[-0.383,45.624],[-0.361,45.598],[-0.297,45.565],[-0.322,45.535],[-0.304,45.528],[-0.291,45.532],[-0.279,45.525],[-0.284,45.519],[-0.269,45.526],[-0.253,45.521],[-0.268,45.509],[-0.242,45.503],[-0.242,45.49],[-0.258,45.489],[-0.265,45.471],[-0.281,45.474],[-0.286,45.458],[-0.268,45.456],[-0.248,45.438],[-0.254,45.418],[-0.233,45.42],[-0.234,45.41],[-0.249,45.41],[-0.254,45.399],[-0.273,45.4],[-0.283,45.389],[-0.311,45.385],[-0.309,45.373],[-0.28,45.365],[-0.281,45.355],[-0.245,45.361],[-0.25,45.342],[-0.265,45.339],[-0.278,45.348],[-0.291,45.327],[-0.284,45.309],[-0.258,45.299],[-0.254,45.312],[-0.22,45.323],[-0.198,45.306],[-0.161,45.307],[-0.146,45.298],[-0.145,45.288],[-0.129,45.295],[-0.109,45.29],[-0.115,45.248],[-0.048,45.249],[-0.033,45.234],[0.004,45.229],[0.002,45.184],[-0.019,45.165],[0.005,45.154],[-0.037,45.141],[-0.029,45.129],[-0.047,45.098],[-0.065,45.1],[-0.088,45.122],[-0.113,45.115],[-0.142,45.09],[-0.191,45.094],[-0.259,45.115],[-0.28,45.144],[-0.308,45.15],[-0.313,45.137],[-0.32,45.156],[-0.352,45.17],[-0.364,45.17],[-0.383,45.144],[-0.403,45.19],[-0.421,45.209],[-0.405,45.24],[-0.407,45.248],[-0.425,45.248],[-0.415,45.269],[-0.426,45.279],[-0.474,45.294],[-0.514,45.286],[-0.566,45.295],[-0.575,45.315],[-0.569,45.331],[-0.587,45.345],[-0.596,45.32],[-0.615,45.324],[-0.645,45.315],[-0.644,45.322],[-0.719,45.328],[-0.745,45.389],[-0.802,45.46],[-0.876,45.517],[-0.992,45.577],[-0.993,45.595],[-1.013,45.6],[-1.019,45.62],[-1.042,45.618],[-1.076,45.639],[-1.115,45.647],[-1.203,45.696],[-1.23,45.693],[-1.224,45.681],[-1.213,45.673],[-1.191,45.678],[-1.185,45.676],[-1.212,45.671],[-1.231,45.679],[-1.242,45.782],[-1.208,45.796],[-1.19,45.789],[-1.157,45.802],[-1.145,45.797],[-1.134,45.802],[-1.138,45.82],[-1.156,45.844],[-1.168,45.845],[-1.162,45.851],[-1.177,45.854],[-1.14,45.854],[-1.153,45.857],[-1.156,45.861],[-1.154,45.862],[-1.121,45.856],[-1.111,45.868],[-1.104,45.866],[-1.073,45.916],[-1.077,45.937],[-1.101,45.945],[-1.078,45.95],[-1.084,45.98],[-1.121,46.002],[-1.096,45.992],[-1.062,45.994],[-1.053,46.008],[-1.062,46.048],[-1.091,46.052],[-1.095,46.061],[-1.101,46.094],[-1.143,46.107],[-1.125,46.112],[-1.127,46.126],[-1.174,46.139],[-1.171,46.141],[-1.173,46.146],[-1.173,46.147],[-1.171,46.147],[-1.166,46.141],[-1.16,46.152],[-1.151,46.15],[-1.151,46.158],[-1.207,46.146],[-1.227,46.148],[-1.221,46.149],[-1.229,46.15],[-1.232,46.152],[-1.234,46.155],[-1.211,46.159],[-1.232,46.158],[-1.236,46.166],[-1.238,46.165],[-1.239,46.159],[-1.241,46.16],[-1.241,46.158],[-1.242,46.158],[-1.241,46.163],[-1.237,46.166],[-1.226,46.169],[-1.204,46.186],[-1.199,46.213],[-1.149,46.238],[-1.141,46.253],[-1.107,46.262],[-1.123,46.301],[-1.133,46.303],[-1.119,46.316],[-1.097,46.312],[-1.075,46.318],[-1.081,46.324],[-1.054,46.35],[-1.052,46.343],[-1.013,46.356],[-1.013,46.349],[-1.0,46.355],[-0.975,46.351],[-0.965,46.365],[-0.951,46.36],[-0.929,46.371],[-0.943,46.337],[-0.963,46.323],[-0.93,46.31],[-0.927,46.316],[-0.895,46.317],[-0.887,46.327],[-0.872,46.322],[-0.865,46.328],[-0.863,46.319],[-0.85,46.318],[-0.84,46.341],[-0.821,46.336],[-0.8,46.342],[-0.804,46.326],[-0.75,46.304],[-0.749,46.283],[-0.735,46.268],[-0.755,46.253],[-0.752,46.245],[-0.689,46.217],[-0.68,46.197],[-0.698,46.192],[-0.686,46.19],[-0.696,46.186],[-0.691,46.18],[-0.667,46.185],[-0.647,46.166],[-0.605,46.159],[-0.607,46.153],[-0.633,46.15],[-0.618,46.137],[-0.6,46.144],[-0.583,46.14],[-0.579,46.148],[-0.565,46.142],[-0.547,46.144],[-0.527,46.137],[-0.529,46.13],[-0.511,46.13],[-0.516,46.112],[-0.506,46.107],[-0.453,46.103],[-0.44,46.095],[-0.44,46.105],[-0.421,46.113],[-0.422,46.094],[-0.398,46.087]]],[[[-1.174,45.857],[-1.174,45.857],[-1.174,45.857],[-1.174,45.857]]],[[[-1.195,45.882],[-1.192,45.884],[-1.189,45.882],[-1.195,45.882]]],[[[-1.117,45.962],[-1.11,45.96],[-1.105,45.954],[-1.117,45.952],[-1.117,45.962]]],[[[-1.214,45.999],[-1.214,46.0],[-1.214,46.0],[-1.214,45.999]]],[[[-1.143,46.004],[-1.143,46.003],[-1.144,46.004],[-1.143,46.004]]],[[[-1.177,46.016],[-1.168,46.026],[-1.154,46.019],[-1.173,46.018],[-1.174,46.007],[-1.177,46.016]]]],"type":"MultiPolygon"}},{"type":"Feature","properties":{"c":"50","n":"Manche","p":497522,"a":[-1.2549,49.1071],"pt":{"30_27":[0,17,0,0],"10_27":[0,0,0,0],"30_40":[0,7,0,0],"10_40":[0,0,0,0]},"s3":{"30_27":0,"10_27":0,"30_40":0,"10_40":0},"s2":{"30_27":0,"10_27":0,"30_40":0,"10_40":0},"p3":{"30_27":0,"10_27":0,"30_40":0,"10_40":0}},"geometry":{"coordinates":[[[[-1.836,48.87],[-1.837,48.87],[-1.837,48.87],[-1.836,48.87]]],[[[-1.841,48.871],[-1.839,48.871],[-1.84,48.871],[-1.841,48.871]]],[[[-1.839,48.878],[-1.823,48.872],[-1.821,48.869],[-1.832,48.869],[-1.839,48.878]]],[[[-1.84,48.874],[-1.841,48.874],[-1.84,48.874],[-1.84,48.874]]],[[[-1.864,48.873],[-1.864,48.873],[-1.864,48.873],[-1.864,48.873]]],[[[-1.825,48.878],[-1.825,48.877],[-1.826,48.878],[-1.825,48.878]]],[[[-1.843,48.878],[-1.841,48.878],[-1.842,48.876],[-1.843,48.878]]],[[[-1.855,48.878],[-1.856,48.878],[-1.856,48.878],[-1.855,48.878]]],[[[-1.829,48.879],[-1.829,48.879],[-1.829,48.879],[-1.829,48.879]]],[[[-1.853,48.879],[-1.853,48.878],[-1.854,48.879],[-1.853,48.879]]],[[[-1.855,48.879],[-1.855,48.879],[-1.855,48.879],[-1.855,48.879]]],[[[-1.852,48.879],[-1.852,48.879],[-1.851,48.879],[-1.852,48.879]]],[[[-1.862,48.882],[-1.86,48.881],[-1.859,48.88],[-1.862,48.881],[-1.863,48.882],[-1.862,48.882]]],[[[-1.832,48.882],[-1.833,48.882],[-1.833,48.882],[-1.832,48.882]]],[[[-1.842,48.882],[-1.843,48.882],[-1.842,48.882],[-1.842,48.882]]],[[[-1.866,48.882],[-1.866,48.882],[-1.866,48.882],[-1.866,48.882]]],[[[-1.868,48.883],[-1.867,48.884],[-1.867,48.884],[-1.868,48.883]]],[[[-1.824,48.887],[-1.824,48.885],[-1.825,48.886],[-1.824,48.887]]],[[[-1.867,48.885],[-1.867,48.884],[-1.867,48.884],[-1.867,48.885]]],[[[-1.85,48.886],[-1.85,48.886],[-1.849,48.886],[-1.85,48.886]]],[[[-1.834,48.89],[-1.834,48.89],[-1.834,48.89],[-1.834,48.89]]],[[[-1.834,48.89],[-1.834,48.89],[-1.835,48.89],[-1.834,48.89]]],[[[-1.822,48.894],[-1.824,48.895],[-1.825,48.896],[-1.822,48.894]]],[[[-1.839,48.895],[-1.84,48.895],[-1.84,48.895],[-1.839,48.895]]],[[[-1.924,49.665],[-1.924,49.665],[-1.924,49.664],[-1.924,49.665]]],[[[-1.92,49.666],[-1.92,49.667],[-1.92,49.666],[-1.92,49.666]]],[[[-1.939,49.671],[-1.939,49.672],[-1.939,49.671],[-1.939,49.671]]],[[[-1.916,49.727],[-1.916,49.726],[-1.917,49.726],[-1.916,49.727]]],[[[-1.942,49.726],[-1.942,49.726],[-1.942,49.726],[-1.942,49.726]]],[[[-1.773,48.87],[-1.772,48.87],[-1.773,48.87],[-1.773,48.87]]],[[[-1.805,48.87],[-1.807,48.87],[-1.807,48.87],[-1.805,48.87]]],[[[-1.806,48.871],[-1.807,48.871],[-1.807,48.871],[-1.806,48.871]]],[[[-1.771,48.873],[-1.77,48.872],[-1.772,48.873],[-1.771,48.873]]],[[[-1.809,48.873],[-1.807,48.873],[-1.807,48.872],[-1.809,48.873]]],[[[-1.779,48.875],[-1.778,48.875],[-1.778,48.875],[-1.779,48.875]]],[[[-1.817,48.874],[-1.817,48.874],[-1.817,48.874],[-1.817,48.874]]],[[[-1.797,48.877],[-1.796,48.876],[-1.797,48.877],[-1.797,48.877]]],[[[-1.808,48.877],[-1.808,48.876],[-1.808,48.876],[-1.808,48.877]]],[[[-1.807,48.877],[-1.805,48.876],[-1.807,48.877],[-1.807,48.877]]],[[[-1.821,48.877],[-1.819,48.877],[-1.819,48.876],[-1.821,48.877]]],[[[-1.815,48.877],[-1.816,48.877],[-1.816,48.878],[-1.815,48.877]]],[[[-1.802,48.878],[-1.801,48.878],[-1.802,48.878],[-1.802,48.878]]],[[[-1.798,48.877],[-1.798,48.879],[-1.795,48.878],[-1.798,48.877]]],[[[-1.808,48.878],[-1.809,48.878],[-1.809,48.878],[-1.808,48.878]]],[[[-1.818,48.878],[-1.818,48.879],[-1.818,48.878],[-1.818,48.878]]],[[[-1.798,48.88],[-1.798,48.88],[-1.798,48.88],[-1.798,48.88]]],[[[-1.821,48.879],[-1.82,48.879],[-1.821,48.879],[-1.821,48.879]]],[[[-1.793,48.884],[-1.794,48.884],[-1.793,48.884],[-1.793,48.884]]],[[[-1.798,48.885],[-1.799,48.885],[-1.799,48.885],[-1.798,48.885]]],[[[-1.819,48.886],[-1.818,48.885],[-1.819,48.886],[-1.819,48.886]]],[[[-1.802,48.889],[-1.801,48.889],[-1.803,48.889],[-1.802,48.889]]],[[[-1.802,48.89],[-1.803,48.89],[-1.802,48.89],[-1.802,48.89]]],[[[-1.804,48.89],[-1.804,48.89],[-1.803,48.89],[-1.804,48.89]]],[[[-1.78,48.892],[-1.78,48.892],[-1.78,48.892],[-1.78,48.892]]],[[[-1.864,49.718],[-1.864,49.718],[-1.864,49.718],[-1.864,49.718]]],[[[-1.894,49.718],[-1.895,49.718],[-1.894,49.718],[-1.894,49.718]]],[[[-1.894,49.719],[-1.894,49.719],[-1.894,49.719],[-1.894,49.719]]],[[[-1.894,49.72],[-1.894,49.72],[-1.894,49.719],[-1.894,49.72]]],[[[-1.511,48.635],[-1.511,48.637],[-1.509,48.636],[-1.511,48.635]]],[[[-1.515,48.66],[-1.512,48.661],[-1.512,48.66],[-1.515,48.66]]],[[[-1.77,48.871],[-1.77,48.871],[-1.77,48.871],[-1.77,48.871]]],[[[-1.767,48.873],[-1.766,48.875],[-1.766,48.872],[-1.767,48.873]]],[[[-1.557,48.923],[-1.558,48.924],[-1.557,48.924],[-1.557,48.923]]],[[[-1.553,48.931],[-1.554,48.931],[-1.553,48.932],[-1.553,48.931]]],[[[-1.58,49.002],[-1.575,49.0],[-1.575,49.0],[-1.58,49.002]]],[[[-1.576,49.005],[-1.575,49.006],[-1.576,49.005],[-1.576,49.005]]],[[[-1.606,49.068],[-1.603,49.063],[-1.604,49.062],[-1.606,49.068]]],[[[-1.273,48.534],[-1.279,48.509],[-1.301,48.499],[-1.326,48.499],[-1.329,48.486],[-1.339,48.491],[-1.349,48.482],[-1.345,48.472],[-1.38,48.456],[-1.429,48.462],[-1.45,48.488],[-1.49,48.489],[-1.516,48.538],[-1.533,48.546],[-1.527,48.565],[-1.519,48.567],[-1.532,48.581],[-1.543,48.58],[-1.537,48.599],[-1.566,48.614],[-1.571,48.626],[-1.533,48.63],[-1.511,48.618],[-1.511,48.62],[-1.506,48.628],[-1.51,48.619],[-1.489,48.616],[-1.45,48.623],[-1.426,48.644],[-1.392,48.645],[-1.365,48.645],[-1.364,48.635],[-1.358,48.635],[-1.353,48.632],[-1.351,48.632],[-1.357,48.635],[-1.363,48.636],[-1.364,48.646],[-1.401,48.658],[-1.392,48.676],[-1.387,48.674],[-1.383,48.68],[-1.384,48.683],[-1.376,48.686],[-1.373,48.693],[-1.379,48.69],[-1.376,48.686],[-1.384,48.683],[-1.387,48.676],[-1.393,48.677],[-1.419,48.67],[-1.425,48.666],[-1.433,48.667],[-1.439,48.656],[-1.447,48.654],[-1.451,48.671],[-1.487,48.687],[-1.503,48.683],[-1.529,48.73],[-1.553,48.733],[-1.57,48.744],[-1.574,48.821],[-1.594,48.835],[-1.614,48.834],[-1.582,48.854],[-1.565,48.924],[-1.552,48.938],[-1.562,48.922],[-1.562,48.913],[-1.555,48.894],[-1.549,48.893],[-1.555,48.902],[-1.539,48.932],[-1.563,48.943],[-1.561,48.998],[-1.549,48.99],[-1.557,49.026],[-1.533,49.034],[-1.509,49.019],[-1.505,49.02],[-1.541,49.041],[-1.56,49.038],[-1.578,49.02],[-1.579,49.006],[-1.574,49.001],[-1.584,49.005],[-1.58,49.001],[-1.575,48.998],[-1.584,49.003],[-1.597,49.031],[-1.605,49.061],[-1.601,49.053],[-1.595,49.067],[-1.609,49.083],[-1.609,49.07],[-1.611,49.092],[-1.592,49.135],[-1.603,49.205],[-1.615,49.219],[-1.567,49.221],[-1.588,49.235],[-1.613,49.235],[-1.629,49.213],[-1.679,49.284],[-1.675,49.279],[-1.657,49.282],[-1.686,49.289],[-1.707,49.317],[-1.709,49.327],[-1.699,49.324],[-1.687,49.33],[-1.718,49.347],[-1.716,49.341],[-1.71,49.336],[-1.718,49.331],[-1.701,49.334],[-1.704,49.329],[-1.705,49.331],[-1.717,49.33],[-1.72,49.325],[-1.724,49.327],[-1.766,49.364],[-1.788,49.37],[-1.787,49.375],[-1.785,49.376],[-1.765,49.371],[-1.761,49.373],[-1.772,49.38],[-1.788,49.376],[-1.789,49.368],[-1.809,49.373],[-1.823,49.402],[-1.824,49.449],[-1.847,49.474],[-1.849,49.506],[-1.882,49.519],[-1.889,49.534],[-1.865,49.553],[-1.858,49.551],[-1.839,49.576],[-1.847,49.625],[-1.872,49.657],[-1.947,49.675],[-1.936,49.688],[-1.948,49.707],[-1.94,49.727],[-1.906,49.722],[-1.887,49.706],[-1.852,49.718],[-1.825,49.691],[-1.774,49.68],[-1.718,49.68],[-1.698,49.67],[-1.687,49.674],[-1.663,49.672],[-1.687,49.673],[-1.672,49.658],[-1.633,49.66],[-1.616,49.658],[-1.636,49.654],[-1.628,49.648],[-1.627,49.649],[-1.625,49.647],[-1.622,49.649],[-1.62,49.649],[-1.619,49.648],[-1.62,49.639],[-1.618,49.649],[-1.615,49.643],[-1.613,49.649],[-1.603,49.646],[-1.6,49.661],[-1.587,49.651],[-1.571,49.66],[-1.542,49.654],[-1.488,49.668],[-1.473,49.697],[-1.455,49.691],[-1.421,49.705],[-1.372,49.707],[-1.295,49.693],[-1.265,49.697],[-1.273,49.679],[-1.24,49.655],[-1.229,49.606],[-1.256,49.613],[-1.267,49.593],[-1.257,49.586],[-1.273,49.571],[-1.271,49.585],[-1.296,49.583],[-1.307,49.54],[-1.293,49.516],[-1.187,49.428],[-1.169,49.41],[-1.164,49.404],[-1.162,49.4],[-1.167,49.407],[-1.162,49.389],[-1.179,49.378],[-1.183,49.346],[-1.214,49.332],[-1.225,49.32],[-1.24,49.327],[-1.246,49.326],[-1.225,49.317],[-1.224,49.313],[-1.233,49.307],[-1.234,49.302],[-1.224,49.312],[-1.213,49.331],[-1.187,49.341],[-1.171,49.357],[-1.155,49.362],[-1.149,49.362],[-1.118,49.345],[-1.114,49.327],[-1.141,49.309],[-1.134,49.286],[-1.12,49.28],[-1.124,49.274],[-1.135,49.278],[-1.136,49.27],[-1.128,49.267],[-1.126,49.272],[-1.104,49.253],[-1.098,49.255],[-1.079,49.234],[-1.06,49.225],[-1.05,49.228],[-1.048,49.22],[-1.038,49.222],[-1.024,49.204],[-0.974,49.192],[-0.954,49.201],[-0.947,49.215],[-0.931,49.217],[-0.926,49.232],[-0.901,49.203],[-0.887,49.202],[-0.915,49.192],[-0.904,49.185],[-0.916,49.185],[-0.926,49.164],[-0.95,49.168],[-0.959,49.161],[-0.932,49.158],[-0.941,49.153],[-0.933,49.146],[-0.887,49.129],[-0.913,49.115],[-0.925,49.102],[-0.891,49.12],[-0.879,49.117],[-0.881,49.09],[-0.869,49.068],[-0.892,49.046],[-0.862,49.035],[-0.863,49.026],[-0.905,49.012],[-0.912,48.993],[-0.943,48.968],[-0.989,48.952],[-1.004,48.936],[-1.012,48.941],[-1.033,48.938],[-1.066,48.92],[-1.021,48.928],[-1.014,48.915],[-1.023,48.903],[-1.049,48.894],[-1.07,48.871],[-1.078,48.868],[-1.091,48.88],[-1.099,48.876],[-1.122,48.848],[-1.157,48.836],[-1.16,48.826],[-1.102,48.814],[-1.091,48.798],[-1.101,48.79],[-1.059,48.773],[-1.045,48.784],[-1.014,48.772],[-0.991,48.778],[-0.971,48.773],[-0.967,48.786],[-0.951,48.789],[-0.937,48.775],[-0.894,48.767],[-0.883,48.756],[-0.822,48.772],[-0.852,48.746],[-0.851,48.732],[-0.818,48.731],[-0.791,48.704],[-0.735,48.686],[-0.773,48.658],[-0.763,48.631],[-0.738,48.622],[-0.753,48.622],[-0.752,48.602],[-0.77,48.59],[-0.774,48.563],[-0.814,48.545],[-0.87,48.498],[-0.907,48.496],[-0.922,48.503],[-0.924,48.513],[-0.955,48.517],[-0.972,48.494],[-1.003,48.489],[-1.06,48.515],[-1.073,48.508],[-1.117,48.522],[-1.147,48.518],[-1.17,48.531],[-1.193,48.529],[-1.207,48.542],[-1.217,48.537],[-1.254,48.543],[-1.273,48.534]]],[[[-1.714,49.33],[-1.716,49.329],[-1.717,49.33],[-1.714,49.33]]],[[[-1.711,49.34],[-1.711,49.34],[-1.711,49.34],[-1.711,49.34]]],[[[-1.712,49.34],[-1.711,49.34],[-1.711,49.34],[-1.712,49.34]]],[[[-1.714,49.341],[-1.714,49.341],[-1.714,49.342],[-1.714,49.341]]],[[[-1.155,49.492],[-1.154,49.494],[-1.152,49.494],[-1.155,49.492]]],[[[-1.151,49.494],[-1.152,49.494],[-1.151,49.494],[-1.151,49.494]]],[[[-1.147,49.497],[-1.147,49.497],[-1.148,49.497],[-1.148,49.498],[-1.147,49.497],[-1.147,49.497]]],[[[-1.146,49.499],[-1.147,49.499],[-1.145,49.498],[-1.147,49.497],[-1.147,49.498],[-1.147,49.498],[-1.147,49.498],[-1.146,49.499]]],[[[-1.274,49.582],[-1.274,49.582],[-1.273,49.582],[-1.274,49.582]]],[[[-1.241,49.584],[-1.242,49.584],[-1.242,49.584],[-1.241,49.584]]],[[[-1.242,49.586],[-1.243,49.592],[-1.239,49.588],[-1.242,49.586]]],[[[-1.583,49.668],[-1.583,49.67],[-1.574,49.666],[-1.573,49.666],[-1.572,49.665],[-1.572,49.664],[-1.571,49.661],[-1.572,49.665],[-1.583,49.668]]],[[[-1.269,49.682],[-1.269,49.682],[-1.27,49.682],[-1.269,49.682]]],[[[-1.665,49.671],[-1.665,49.67],[-1.666,49.671],[-1.665,49.671]]],[[[-1.648,49.674],[-1.619,49.674],[-1.598,49.671],[-1.648,49.674]]],[[[-1.843,49.713],[-1.843,49.713],[-1.843,49.713],[-1.843,49.713]]],[[[-1.843,49.714],[-1.843,49.714],[-1.842,49.714],[-1.843,49.714]]]],"type":"MultiPolygon"}},{"type":"Feature","properties":{"c":"10","n":"Aube","p":310447,"a":[4.1847,48.3198],"pt":{"30_27":[0,4,35,0],"10_27":[0,0,0,0],"30_40":[0,0,0,0],"10_40":[0,0,0,0]},"s3":{"30_27":0,"10_27":0,"30_40":0,"10_40":0},"s2":{"30_27":2,"10_27":0,"30_40":0,"10_40":0},"p3":{"30_27":0,"10_27":0,"30_40":0,"10_40":0}},"geometry":{"coordinates":[[[3.641,48.185],[3.622,48.192],[3.594,48.179],[3.575,48.189],[3.622,48.226],[3.601,48.233],[3.624,48.258],[3.614,48.274],[3.578,48.285],[3.587,48.302],[3.562,48.311],[3.563,48.322],[3.544,48.32],[3.545,48.334],[3.498,48.37],[3.453,48.374],[3.427,48.358],[3.414,48.375],[3.422,48.416],[3.403,48.415],[3.412,48.421],[3.392,48.423],[3.407,48.449],[3.384,48.48],[3.435,48.49],[3.435,48.497],[3.405,48.528],[3.414,48.533],[3.457,48.53],[3.482,48.541],[3.486,48.547],[3.465,48.57],[3.493,48.59],[3.516,48.59],[3.503,48.605],[3.556,48.62],[3.562,48.602],[3.581,48.605],[3.583,48.585],[3.593,48.588],[3.605,48.573],[3.627,48.577],[3.634,48.542],[3.644,48.536],[3.688,48.54],[3.704,48.533],[3.734,48.539],[3.766,48.528],[3.798,48.529],[3.825,48.515],[3.852,48.523],[3.866,48.538],[3.858,48.559],[3.865,48.569],[3.854,48.58],[3.899,48.575],[3.909,48.602],[3.916,48.607],[3.949,48.603],[3.968,48.632],[3.978,48.626],[3.985,48.653],[4.001,48.664],[4.03,48.66],[4.058,48.666],[4.078,48.702],[4.131,48.686],[4.165,48.708],[4.233,48.702],[4.243,48.717],[4.264,48.706],[4.299,48.715],[4.324,48.702],[4.323,48.684],[4.334,48.675],[4.323,48.664],[4.329,48.656],[4.317,48.652],[4.335,48.632],[4.315,48.616],[4.406,48.56],[4.493,48.539],[4.511,48.548],[4.529,48.541],[4.525,48.528],[4.545,48.525],[4.556,48.542],[4.574,48.55],[4.591,48.548],[4.592,48.554],[4.643,48.554],[4.635,48.551],[4.638,48.542],[4.666,48.538],[4.677,48.518],[4.657,48.505],[4.653,48.471],[4.628,48.469],[4.629,48.462],[4.678,48.441],[4.69,48.425],[4.68,48.417],[4.708,48.401],[4.705,48.391],[4.747,48.392],[4.76,48.388],[4.755,48.367],[4.84,48.342],[4.814,48.323],[4.826,48.302],[4.851,48.296],[4.843,48.283],[4.862,48.266],[4.845,48.257],[4.839,48.237],[4.848,48.239],[4.854,48.229],[4.835,48.221],[4.862,48.211],[4.865,48.199],[4.837,48.168],[4.837,48.152],[4.852,48.143],[4.829,48.129],[4.834,48.105],[4.732,48.119],[4.724,48.106],[4.704,48.1],[4.705,48.089],[4.658,48.079],[4.69,48.073],[4.723,48.046],[4.705,48.028],[4.715,48.021],[4.699,48.024],[4.67,48.014],[4.648,48.026],[4.622,48.024],[4.617,48.031],[4.58,48.029],[4.549,48.004],[4.536,48.007],[4.557,47.982],[4.554,47.968],[4.494,47.969],[4.447,47.956],[4.417,47.969],[4.343,47.956],[4.313,47.963],[4.298,47.95],[4.303,47.938],[4.293,47.926],[4.275,47.924],[4.245,47.93],[4.222,47.95],[4.227,47.971],[4.204,47.973],[4.193,47.965],[4.212,47.963],[4.203,47.959],[4.203,47.942],[4.185,47.94],[4.184,47.956],[4.166,47.96],[4.142,47.937],[4.11,47.926],[4.092,47.928],[4.09,47.945],[4.061,47.946],[4.059,47.932],[4.045,47.925],[4.032,47.933],[4.016,47.929],[4.005,47.943],[3.986,47.931],[3.926,47.935],[3.902,47.926],[3.894,47.929],[3.911,47.981],[3.893,48.002],[3.882,48.0],[3.88,47.979],[3.862,47.977],[3.866,47.984],[3.85,47.984],[3.839,48.003],[3.87,48.003],[3.871,48.017],[3.822,48.044],[3.83,48.058],[3.798,48.086],[3.806,48.101],[3.792,48.118],[3.768,48.134],[3.757,48.125],[3.74,48.132],[3.755,48.15],[3.75,48.164],[3.714,48.175],[3.72,48.154],[3.705,48.144],[3.693,48.155],[3.692,48.146],[3.668,48.139],[3.641,48.185]]],"type":"Polygon"}},{"type":"Feature","properties":{"c":"74","n":"Haute-Savoie","p":861158,"a":[6.3883,46.0476],"pt":{"30_27":[1,0,0,100],"10_27":[0,0,0,54],"30_40":[6,0,0,100],"10_40":[0,0,0,62]},"s3":{"30_27":0,"10_27":0,"30_40":0,"10_40":0},"s2":{"30_27":1,"10_27":0,"30_40":6,"10_40":0},"p3":{"30_27":0,"10_27":0,"30_40":0,"10_40":0}},"geometry":{"coordinates":[[[5.893,46.119],[5.92,46.131],[5.973,46.132],[5.994,46.145],[6.035,46.134],[6.052,46.151],[6.092,46.152],[6.099,46.144],[6.136,46.142],[6.185,46.164],[6.187,46.18],[6.222,46.201],[6.295,46.225],[6.31,46.256],[6.295,46.256],[6.295,46.265],[6.267,46.248],[6.238,46.278],[6.253,46.291],[6.242,46.304],[6.256,46.323],[6.302,46.366],[6.345,46.37],[6.359,46.35],[6.382,46.341],[6.39,46.34],[6.413,46.36],[6.477,46.375],[6.484,46.393],[6.513,46.405],[6.545,46.395],[6.688,46.408],[6.757,46.403],[6.805,46.394],[6.805,46.378],[6.771,46.361],[6.772,46.35],[6.785,46.333],[6.796,46.333],[6.8,46.32],[6.82,46.316],[6.83,46.3],[6.857,46.292],[6.865,46.281],[6.855,46.255],[6.821,46.232],[6.804,46.205],[6.813,46.182],[6.792,46.163],[6.797,46.139],[6.815,46.129],[6.838,46.133],[6.9,46.124],[6.882,46.095],[6.892,46.074],[6.872,46.051],[6.891,46.043],[6.925,46.065],[6.937,46.064],[6.935,46.056],[6.95,46.052],[6.963,46.03],[6.981,46.02],[6.986,46.004],[7.011,45.997],[7.024,45.979],[7.008,45.969],[7.037,45.955],[7.044,45.922],[7.022,45.917],[7.004,45.9],[6.999,45.874],[6.951,45.861],[6.941,45.847],[6.922,45.848],[6.913,45.841],[6.88,45.85],[6.867,45.824],[6.844,45.84],[6.818,45.836],[6.803,45.816],[6.813,45.796],[6.803,45.779],[6.756,45.767],[6.712,45.723],[6.689,45.728],[6.699,45.745],[6.686,45.756],[6.691,45.771],[6.659,45.801],[6.598,45.793],[6.578,45.816],[6.566,45.816],[6.55,45.828],[6.535,45.862],[6.568,45.862],[6.573,45.878],[6.559,45.893],[6.532,45.897],[6.51,45.909],[6.495,45.89],[6.471,45.885],[6.45,45.861],[6.45,45.837],[6.425,45.803],[6.363,45.768],[6.374,45.766],[6.372,45.754],[6.348,45.737],[6.353,45.732],[6.329,45.693],[6.228,45.682],[6.232,45.703],[6.215,45.709],[6.212,45.701],[6.196,45.693],[6.19,45.697],[6.196,45.732],[6.177,45.737],[6.167,45.757],[6.138,45.761],[6.125,45.75],[6.103,45.764],[6.101,45.732],[6.096,45.743],[6.076,45.741],[6.055,45.752],[6.043,45.739],[6.009,45.751],[5.994,45.748],[5.997,45.761],[5.973,45.77],[5.982,45.795],[5.958,45.795],[5.963,45.813],[5.934,45.815],[5.931,45.807],[5.913,45.804],[5.904,45.826],[5.882,45.827],[5.873,45.834],[5.879,45.86],[5.862,45.932],[5.825,45.939],[5.834,45.97],[5.809,45.989],[5.807,46.044],[5.815,46.057],[5.808,46.065],[5.822,46.09],[5.82,46.104],[5.832,46.106],[5.858,46.086],[5.887,46.086],[5.893,46.119]]],"type":"Polygon"}},{"type":"Feature","properties":{"c":"42","n":"Loire","p":774133,"a":[4.0448,45.7558],"pt":{"30_27":[45,0,1,31],"10_27":[0,0,0,0],"30_40":[51,0,1,28],"10_40":[0,0,0,0]},"s3":{"30_27":1,"10_27":0,"30_40":1,"10_40":0},"s2":{"30_27":4,"10_27":0,"30_40":6,"10_40":0},"p3":{"30_27":1,"10_27":0,"30_40":1,"10_40":0}},"geometry":{"coordinates":[[[4.685,45.555],[4.65,45.532],[4.651,45.492],[4.671,45.484],[4.671,45.473],[4.676,45.482],[4.696,45.477],[4.708,45.481],[4.722,45.494],[4.739,45.487],[4.739,45.473],[4.757,45.456],[4.76,45.437],[4.742,45.416],[4.758,45.39],[4.757,45.369],[4.726,45.362],[4.7,45.345],[4.662,45.34],[4.639,45.326],[4.641,45.317],[4.615,45.312],[4.624,45.292],[4.598,45.289],[4.592,45.269],[4.607,45.255],[4.585,45.244],[4.56,45.248],[4.538,45.243],[4.541,45.235],[4.532,45.234],[4.51,45.245],[4.511,45.232],[4.488,45.232],[4.431,45.276],[4.399,45.269],[4.388,45.255],[4.378,45.263],[4.371,45.26],[4.349,45.28],[4.372,45.302],[4.351,45.303],[4.332,45.318],[4.368,45.337],[4.349,45.361],[4.308,45.371],[4.306,45.362],[4.298,45.368],[4.287,45.356],[4.272,45.358],[4.271,45.375],[4.257,45.37],[4.25,45.382],[4.227,45.39],[4.202,45.381],[4.178,45.393],[4.144,45.384],[4.16,45.373],[4.155,45.364],[4.12,45.369],[4.108,45.355],[4.081,45.358],[4.071,45.336],[4.046,45.356],[4.021,45.35],[4.027,45.342],[4.019,45.328],[3.985,45.373],[3.967,45.374],[3.96,45.367],[3.948,45.376],[3.936,45.372],[3.935,45.359],[3.915,45.354],[3.922,45.347],[3.905,45.334],[3.889,45.395],[3.914,45.423],[3.961,45.435],[3.96,45.444],[3.975,45.448],[3.966,45.472],[3.984,45.482],[3.985,45.495],[3.962,45.506],[3.946,45.544],[3.954,45.556],[3.935,45.579],[3.861,45.616],[3.858,45.625],[3.823,45.633],[3.777,45.691],[3.781,45.725],[3.768,45.729],[3.758,45.747],[3.746,45.741],[3.727,45.756],[3.739,45.766],[3.732,45.775],[3.701,45.781],[3.688,45.791],[3.712,45.8],[3.728,45.831],[3.719,45.848],[3.729,45.863],[3.721,45.86],[3.715,45.871],[3.735,45.871],[3.754,45.886],[3.725,45.921],[3.694,45.931],[3.694,45.95],[3.706,45.959],[3.701,45.97],[3.716,45.974],[3.747,45.967],[3.756,45.983],[3.776,45.972],[3.788,45.973],[3.799,45.984],[3.823,45.987],[3.832,46.0],[3.805,46.053],[3.822,46.09],[3.793,46.112],[3.802,46.131],[3.79,46.155],[3.809,46.165],[3.789,46.186],[3.788,46.202],[3.797,46.207],[3.769,46.241],[3.803,46.239],[3.803,46.258],[3.868,46.262],[3.878,46.276],[3.902,46.277],[3.91,46.248],[3.905,46.238],[3.898,46.239],[3.89,46.214],[3.918,46.203],[3.973,46.203],[3.971,46.189],[3.99,46.169],[4.029,46.169],[4.06,46.188],[4.104,46.199],[4.133,46.177],[4.187,46.175],[4.185,46.19],[4.208,46.195],[4.225,46.178],[4.255,46.188],[4.264,46.175],[4.249,46.167],[4.25,46.158],[4.276,46.156],[4.292,46.172],[4.316,46.171],[4.327,46.185],[4.371,46.184],[4.363,46.201],[4.389,46.213],[4.387,46.22],[4.409,46.22],[4.423,46.203],[4.396,46.195],[4.396,46.189],[4.439,46.168],[4.422,46.142],[4.412,46.136],[4.377,46.15],[4.362,46.139],[4.323,46.131],[4.307,46.106],[4.311,46.079],[4.301,46.079],[4.3,46.065],[4.286,46.054],[4.251,46.05],[4.278,46.022],[4.288,46.017],[4.306,46.022],[4.312,46.005],[4.3,45.989],[4.287,45.999],[4.271,45.988],[4.269,46.001],[4.258,45.995],[4.244,45.997],[4.253,45.984],[4.291,45.972],[4.3,45.947],[4.346,45.93],[4.335,45.917],[4.346,45.916],[4.323,45.903],[4.343,45.877],[4.363,45.864],[4.395,45.865],[4.382,45.845],[4.391,45.837],[4.376,45.825],[4.389,45.807],[4.374,45.805],[4.38,45.784],[4.36,45.778],[4.359,45.784],[4.348,45.77],[4.359,45.751],[4.391,45.755],[4.403,45.745],[4.366,45.699],[4.374,45.691],[4.364,45.684],[4.366,45.671],[4.393,45.663],[4.41,45.632],[4.442,45.623],[4.449,45.606],[4.473,45.597],[4.469,45.585],[4.505,45.587],[4.505,45.577],[4.521,45.573],[4.568,45.584],[4.587,45.571],[4.615,45.575],[4.645,45.541],[4.659,45.543],[4.646,45.555],[4.649,45.565],[4.672,45.57],[4.685,45.555]]],"type":"Polygon"}},{"type":"Feature","properties":{"c":"53","n":"Mayenne","p":305468,"a":[-0.6536,48.1447],"pt":{"30_27":[0,96,29,0],"10_27":[0,35,0,0],"30_40":[0,70,25,0],"10_40":[0,8,0,0]},"s3":{"30_27":0,"10_27":0,"30_40":0,"10_40":0},"s2":{"30_27":29,"10_27":0,"30_40":25,"10_40":0},"p3":{"30_27":0,"10_27":0,"30_40":0,"10_40":0}},"geometry":{"coordinates":[[[-0.907,48.496],[-0.846,48.499],[-0.832,48.479],[-0.815,48.472],[-0.813,48.455],[-0.797,48.466],[-0.778,48.466],[-0.78,48.446],[-0.765,48.436],[-0.715,48.449],[-0.736,48.461],[-0.731,48.473],[-0.714,48.469],[-0.705,48.476],[-0.703,48.468],[-0.692,48.468],[-0.669,48.487],[-0.656,48.475],[-0.651,48.444],[-0.595,48.473],[-0.551,48.473],[-0.51,48.509],[-0.489,48.501],[-0.447,48.515],[-0.423,48.507],[-0.395,48.51],[-0.394,48.501],[-0.367,48.494],[-0.356,48.484],[-0.349,48.489],[-0.356,48.496],[-0.337,48.501],[-0.32,48.523],[-0.294,48.515],[-0.288,48.519],[-0.285,48.506],[-0.271,48.507],[-0.275,48.518],[-0.241,48.537],[-0.263,48.548],[-0.243,48.568],[-0.217,48.558],[-0.208,48.564],[-0.179,48.541],[-0.144,48.528],[-0.146,48.52],[-0.173,48.51],[-0.156,48.496],[-0.147,48.456],[-0.106,48.447],[-0.073,48.451],[-0.071,48.458],[-0.051,48.453],[-0.055,48.382],[-0.062,48.376],[-0.07,48.38],[-0.078,48.369],[-0.112,48.374],[-0.137,48.364],[-0.122,48.338],[-0.157,48.341],[-0.155,48.314],[-0.142,48.309],[-0.138,48.297],[-0.156,48.265],[-0.167,48.264],[-0.161,48.239],[-0.145,48.224],[-0.153,48.215],[-0.147,48.205],[-0.253,48.158],[-0.238,48.153],[-0.254,48.137],[-0.239,48.136],[-0.247,48.128],[-0.223,48.123],[-0.216,48.113],[-0.238,48.098],[-0.237,48.083],[-0.222,48.078],[-0.231,48.059],[-0.272,48.065],[-0.284,48.06],[-0.287,48.058],[-0.28,48.055],[-0.317,48.045],[-0.331,48.05],[-0.342,48.043],[-0.333,48.028],[-0.341,48.012],[-0.309,48.006],[-0.303,47.966],[-0.277,47.957],[-0.32,47.935],[-0.377,47.933],[-0.397,47.926],[-0.402,47.914],[-0.403,47.921],[-0.413,47.916],[-0.403,47.903],[-0.411,47.895],[-0.373,47.885],[-0.369,47.87],[-0.38,47.866],[-0.371,47.859],[-0.412,47.858],[-0.411,47.847],[-0.429,47.851],[-0.448,47.832],[-0.429,47.807],[-0.388,47.806],[-0.375,47.768],[-0.382,47.761],[-0.387,47.77],[-0.416,47.781],[-0.41,47.765],[-0.429,47.768],[-0.455,47.756],[-0.485,47.78],[-0.519,47.788],[-0.52,47.764],[-0.533,47.751],[-0.585,47.759],[-0.611,47.736],[-0.654,47.733],[-0.669,47.741],[-0.71,47.745],[-0.736,47.737],[-0.759,47.745],[-0.76,47.754],[-0.783,47.75],[-0.816,47.771],[-0.84,47.768],[-0.839,47.752],[-0.893,47.764],[-0.895,47.775],[-0.932,47.794],[-0.935,47.786],[-0.961,47.796],[-0.972,47.783],[-0.955,47.779],[-0.951,47.768],[-0.982,47.762],[-1.013,47.767],[-1.022,47.778],[-1.032,47.771],[-1.125,47.784],[-1.14,47.782],[-1.14,47.775],[-1.171,47.779],[-1.239,47.809],[-1.216,47.832],[-1.223,47.852],[-1.189,47.867],[-1.197,47.889],[-1.176,47.898],[-1.155,47.965],[-1.125,47.972],[-1.125,47.987],[-1.049,47.985],[-1.016,48.003],[-1.035,48.034],[-1.021,48.068],[-1.05,48.09],[-1.064,48.161],[-1.074,48.159],[-1.081,48.176],[-1.074,48.201],[-1.087,48.209],[-1.081,48.22],[-1.102,48.263],[-1.09,48.289],[-1.045,48.328],[-1.06,48.349],[-1.056,48.365],[-1.065,48.367],[-1.054,48.383],[-1.081,48.415],[-1.082,48.438],[-1.065,48.451],[-1.064,48.467],[-1.079,48.482],[-1.07,48.486],[-1.077,48.502],[-1.067,48.505],[-1.07,48.509],[-1.06,48.515],[-1.003,48.489],[-0.972,48.494],[-0.955,48.517],[-0.924,48.513],[-0.922,48.503],[-0.907,48.496]],[[-0.74,47.74],[-0.743,47.742],[-0.741,47.74],[-0.74,47.74]]],"type":"Polygon"}},{"type":"Feature","properties":{"c":"75","n":"Paris","p":2103778,"a":[2.3199,48.8591],"pt":{"30_27":[100,0,100,0],"10_27":[0,0,0,0],"30_40":[0,0,0,0],"10_40":[0,0,0,0]},"s3":{"30_27":0,"10_27":0,"30_40":0,"10_40":0},"s2":{"30_27":100,"10_27":0,"30_40":0,"10_40":0},"p3":{"30_27":0,"10_27":0,"30_40":0,"10_40":0}},"geometry":{"coordinates":[[[2.335,48.901],[2.396,48.898],[2.414,48.872],[2.411,48.834],[2.422,48.836],[2.422,48.844],[2.462,48.843],[2.47,48.836],[2.459,48.817],[2.402,48.83],[2.363,48.816],[2.332,48.817],[2.279,48.832],[2.268,48.828],[2.252,48.845],[2.224,48.854],[2.246,48.876],[2.28,48.879],[2.291,48.889],[2.335,48.901]]],"type":"Polygon"}},{"type":"Feature","properties":{"c":"26","n":"Drôme","p":524207,"a":[5.2119,44.7307],"pt":{"30_27":[60,3,63,100],"10_27":[32,0,30,24],"30_40":[65,2,81,100],"10_40":[40,0,50,19]},"s3":{"30_27":49,"10_27":7,"30_40":59,"10_40":8},"s2":{"30_27":74,"10_27":24,"30_40":86,"10_40":33},"p3":{"30_27":88,"10_27":14,"30_40":93,"10_40":15}},"geometry":{"coordinates":[[[5.061,44.308],[4.933,44.262],[4.874,44.26],[4.821,44.229],[4.804,44.269],[4.805,44.304],[4.763,44.326],[4.67,44.323],[4.651,44.33],[4.647,44.349],[4.667,44.431],[4.693,44.443],[4.7,44.459],[4.688,44.5],[4.708,44.534],[4.694,44.542],[4.693,44.56],[4.703,44.56],[4.711,44.582],[4.741,44.589],[4.741,44.603],[4.779,44.655],[4.781,44.682],[4.759,44.748],[4.769,44.76],[4.761,44.772],[4.796,44.794],[4.8,44.813],[4.822,44.817],[4.821,44.837],[4.844,44.846],[4.861,44.875],[4.855,44.9],[4.886,44.935],[4.836,45.008],[4.845,45.019],[4.84,45.034],[4.86,45.058],[4.829,45.073],[4.829,45.101],[4.803,45.125],[4.829,45.157],[4.809,45.17],[4.805,45.195],[4.813,45.204],[4.801,45.242],[4.81,45.288],[4.8,45.298],[4.859,45.309],[4.859,45.298],[4.88,45.297],[4.929,45.324],[4.96,45.329],[4.989,45.344],[5.009,45.342],[5.023,45.318],[5.054,45.319],[5.075,45.282],[5.119,45.291],[5.122,45.299],[5.138,45.298],[5.122,45.246],[5.141,45.243],[5.16,45.255],[5.157,45.247],[5.177,45.249],[5.201,45.22],[5.167,45.21],[5.164,45.198],[5.19,45.17],[5.192,45.154],[5.181,45.148],[5.191,45.14],[5.189,45.127],[5.155,45.08],[5.141,45.076],[5.138,45.081],[5.138,45.072],[5.149,45.077],[5.163,45.066],[5.181,45.084],[5.209,45.084],[5.226,45.079],[5.244,45.061],[5.269,45.055],[5.293,45.064],[5.319,45.051],[5.341,45.062],[5.346,45.048],[5.386,45.035],[5.397,45.038],[5.381,45.051],[5.387,45.059],[5.392,45.046],[5.412,45.045],[5.426,45.056],[5.436,45.055],[5.462,45.087],[5.488,45.08],[5.494,45.071],[5.475,45.07],[5.465,45.046],[5.494,44.996],[5.478,44.967],[5.484,44.922],[5.464,44.826],[5.485,44.823],[5.476,44.807],[5.459,44.8],[5.464,44.792],[5.48,44.793],[5.482,44.786],[5.555,44.767],[5.544,44.789],[5.55,44.795],[5.582,44.778],[5.588,44.762],[5.626,44.753],[5.647,44.724],[5.699,44.722],[5.704,44.729],[5.756,44.696],[5.802,44.707],[5.826,44.702],[5.83,44.691],[5.799,44.674],[5.79,44.653],[5.754,44.663],[5.747,44.655],[5.753,44.649],[5.736,44.65],[5.739,44.641],[5.654,44.656],[5.642,44.651],[5.647,44.612],[5.635,44.609],[5.597,44.543],[5.615,44.533],[5.627,44.535],[5.665,44.502],[5.629,44.501],[5.625,44.484],[5.604,44.465],[5.57,44.477],[5.559,44.473],[5.516,44.492],[5.48,44.491],[5.471,44.5],[5.458,44.499],[5.468,44.473],[5.459,44.469],[5.464,44.448],[5.498,44.437],[5.477,44.42],[5.438,44.434],[5.418,44.425],[5.443,44.392],[5.444,44.38],[5.43,44.377],[5.432,44.371],[5.462,44.368],[5.468,44.352],[5.483,44.35],[5.493,44.337],[5.522,44.351],[5.548,44.33],[5.561,44.336],[5.63,44.334],[5.608,44.306],[5.617,44.309],[5.637,44.3],[5.643,44.294],[5.632,44.284],[5.647,44.267],[5.676,44.276],[5.687,44.267],[5.673,44.246],[5.683,44.235],[5.676,44.212],[5.686,44.195],[5.652,44.19],[5.643,44.171],[5.683,44.164],[5.679,44.146],[5.631,44.15],[5.64,44.168],[5.602,44.192],[5.575,44.187],[5.565,44.171],[5.583,44.158],[5.569,44.148],[5.551,44.15],[5.541,44.133],[5.502,44.116],[5.455,44.119],[5.436,44.153],[5.383,44.155],[5.385,44.201],[5.355,44.215],[5.337,44.203],[5.319,44.21],[5.303,44.206],[5.253,44.231],[5.241,44.231],[5.238,44.213],[5.23,44.212],[5.181,44.219],[5.155,44.23],[5.161,44.267],[5.146,44.272],[5.15,44.282],[5.168,44.29],[5.168,44.315],[5.108,44.277],[5.077,44.284],[5.061,44.308]],[[4.922,44.309],[4.987,44.293],[4.996,44.32],[5.014,44.326],[5.009,44.334],[5.023,44.346],[5.024,44.36],[5.055,44.365],[5.071,44.383],[5.048,44.381],[5.035,44.391],[5.016,44.393],[5.019,44.416],[5.001,44.413],[4.973,44.432],[4.96,44.42],[4.921,44.409],[4.907,44.374],[4.869,44.345],[4.895,44.338],[4.882,44.325],[4.889,44.304],[4.922,44.309]]],"type":"Polygon"}},{"type":"Feature","properties":{"c":"21","n":"Côte-d'Or","p":540100,"a":[4.7555,47.4641],"pt":{"30_27":[10,0,2,0],"10_27":[0,0,0,0],"30_40":[19,0,0,0],"10_40":[0,0,0,0]},"s3":{"30_27":0,"10_27":0,"30_40":0,"10_40":0},"s2":{"30_27":1,"10_27":0,"30_40":0,"10_40":0},"p3":{"30_27":0,"10_27":0,"30_40":0,"10_40":0}},"geometry":{"coordinates":[[[[4.18,47.115],[4.161,47.122],[4.148,47.113],[4.127,47.131],[4.116,47.123],[4.107,47.13],[4.119,47.136],[4.11,47.143],[4.145,47.143],[4.181,47.152],[4.191,47.145],[4.188,47.134],[4.168,47.124],[4.18,47.115]]],[[[5.117,47.649],[5.139,47.651],[5.162,47.68],[5.178,47.681],[5.174,47.652],[5.212,47.641],[5.237,47.617],[5.259,47.622],[5.238,47.597],[5.256,47.577],[5.278,47.582],[5.281,47.593],[5.322,47.612],[5.339,47.61],[5.341,47.595],[5.355,47.591],[5.37,47.606],[5.396,47.595],[5.426,47.632],[5.478,47.609],[5.488,47.577],[5.48,47.565],[5.497,47.555],[5.486,47.527],[5.472,47.527],[5.436,47.49],[5.431,47.498],[5.399,47.499],[5.387,47.48],[5.408,47.477],[5.367,47.465],[5.386,47.459],[5.38,47.451],[5.407,47.462],[5.418,47.449],[5.439,47.45],[5.43,47.421],[5.444,47.404],[5.432,47.393],[5.452,47.383],[5.478,47.396],[5.497,47.39],[5.488,47.362],[5.493,47.333],[5.486,47.327],[5.477,47.331],[5.469,47.316],[5.498,47.316],[5.519,47.303],[5.505,47.283],[5.488,47.289],[5.478,47.256],[5.486,47.243],[5.474,47.231],[5.48,47.217],[5.445,47.2],[5.459,47.187],[5.451,47.162],[5.438,47.153],[5.439,47.142],[5.409,47.127],[5.411,47.115],[5.386,47.082],[5.335,47.078],[5.312,47.058],[5.305,47.063],[5.284,47.048],[5.275,47.027],[5.318,47.013],[5.304,47.012],[5.3,47.002],[5.274,46.998],[5.255,46.98],[5.222,46.989],[5.212,46.98],[5.204,46.985],[5.195,46.97],[5.182,46.975],[5.166,46.964],[5.12,46.963],[5.098,46.945],[5.102,46.958],[5.075,46.959],[5.049,46.982],[5.03,46.981],[5.017,46.968],[5.003,46.972],[4.995,46.962],[5.004,46.958],[4.894,46.967],[4.894,46.951],[4.876,46.951],[4.811,46.931],[4.789,46.932],[4.792,46.925],[4.775,46.917],[4.725,46.924],[4.718,46.908],[4.688,46.9],[4.664,46.913],[4.68,46.93],[4.65,46.941],[4.615,46.942],[4.616,46.948],[4.59,46.956],[4.594,46.967],[4.574,46.973],[4.568,46.992],[4.546,46.994],[4.556,46.999],[4.555,47.02],[4.511,47.012],[4.49,47.034],[4.471,47.031],[4.457,47.042],[4.428,47.037],[4.422,47.048],[4.401,47.053],[4.416,47.078],[4.378,47.082],[4.359,47.062],[4.344,47.073],[4.347,47.101],[4.307,47.103],[4.297,47.113],[4.275,47.107],[4.254,47.117],[4.256,47.127],[4.242,47.132],[4.244,47.141],[4.236,47.143],[4.245,47.147],[4.213,47.144],[4.21,47.18],[4.232,47.198],[4.222,47.22],[4.192,47.234],[4.179,47.254],[4.135,47.237],[4.125,47.248],[4.115,47.292],[4.134,47.306],[4.114,47.308],[4.129,47.317],[4.125,47.336],[4.143,47.354],[4.135,47.358],[4.106,47.335],[4.098,47.359],[4.107,47.377],[4.098,47.372],[4.094,47.378],[4.093,47.373],[4.08,47.376],[4.076,47.383],[4.09,47.395],[4.067,47.399],[4.065,47.407],[4.085,47.421],[4.08,47.441],[4.099,47.43],[4.108,47.437],[4.101,47.444],[4.119,47.444],[4.13,47.462],[4.13,47.474],[4.115,47.482],[4.123,47.49],[4.115,47.515],[4.138,47.518],[4.157,47.552],[4.174,47.552],[4.197,47.604],[4.216,47.601],[4.212,47.628],[4.25,47.66],[4.226,47.671],[4.227,47.679],[4.284,47.683],[4.262,47.694],[4.268,47.705],[4.239,47.718],[4.239,47.725],[4.258,47.726],[4.261,47.742],[4.293,47.733],[4.309,47.753],[4.317,47.75],[4.334,47.761],[4.327,47.786],[4.34,47.8],[4.32,47.812],[4.319,47.837],[4.33,47.838],[4.33,47.847],[4.301,47.849],[4.271,47.839],[4.259,47.847],[4.264,47.874],[4.246,47.877],[4.279,47.9],[4.313,47.905],[4.305,47.921],[4.293,47.926],[4.31,47.962],[4.343,47.956],[4.417,47.969],[4.447,47.956],[4.494,47.969],[4.554,47.968],[4.557,47.982],[4.536,48.007],[4.549,48.004],[4.58,48.029],[4.617,48.031],[4.622,48.024],[4.648,48.026],[4.67,48.014],[4.701,48.024],[4.72,48.009],[4.742,48.005],[4.789,48.008],[4.793,47.997],[4.811,47.989],[4.795,47.984],[4.787,47.964],[4.845,47.961],[4.866,47.941],[4.847,47.921],[4.831,47.918],[4.833,47.907],[4.86,47.896],[4.869,47.918],[4.903,47.921],[4.927,47.889],[4.927,47.872],[4.954,47.867],[4.961,47.839],[4.994,47.82],[4.982,47.8],[4.918,47.777],[4.922,47.759],[4.946,47.767],[4.959,47.762],[4.966,47.741],[4.957,47.732],[4.97,47.736],[4.972,47.73],[4.955,47.701],[4.972,47.691],[4.969,47.686],[4.98,47.686],[5.029,47.71],[5.029,47.693],[5.061,47.695],[5.044,47.677],[5.053,47.668],[5.079,47.668],[5.078,47.66],[5.102,47.66],[5.117,47.649]]]],"type":"MultiPolygon"}},{"type":"Feature","properties":{"c":"35","n":"Ille-et-Vilaine","p":1120666,"a":[-1.6637,48.1851],"pt":{"30_27":[0,97,39,0],"10_27":[0,47,0,0],"30_40":[0,88,38,0],"10_40":[0,36,0,0]},"s3":{"30_27":0,"10_27":0,"30_40":0,"10_40":0},"s2":{"30_27":39,"10_27":0,"30_40":38,"10_40":0},"p3":{"30_27":0,"10_27":0,"30_40":0,"10_40":0}},"geometry":{"coordinates":[[[[-2.053,48.555],[-2.044,48.564],[-2.094,48.57],[-2.124,48.589],[-2.124,48.607],[-2.137,48.614],[-2.139,48.625],[-2.15,48.627],[-2.15,48.635],[-2.142,48.632],[-2.133,48.639],[-2.123,48.636],[-2.113,48.645],[-2.103,48.633],[-2.103,48.635],[-2.106,48.637],[-2.106,48.639],[-2.095,48.634],[-2.061,48.641],[-2.047,48.639],[-2.054,48.626],[-2.033,48.627],[-2.036,48.602],[-2.018,48.605],[-2.028,48.597],[-1.994,48.578],[-2.016,48.572],[-2.007,48.566],[-2.022,48.553],[-2.031,48.555],[-2.039,48.542],[-2.053,48.555]]],[[[-2.155,48.629],[-2.155,48.63],[-2.153,48.63],[-2.155,48.629]]],[[[-2.139,48.635],[-2.14,48.635],[-2.14,48.635],[-2.139,48.635]]],[[[-2.14,48.635],[-2.14,48.635],[-2.14,48.635],[-2.14,48.635]]],[[[-2.159,48.637],[-2.158,48.639],[-2.157,48.641],[-2.159,48.637]]],[[[-2.113,48.647],[-2.112,48.647],[-2.112,48.646],[-2.113,48.647]]],[[[-2.112,48.648],[-2.113,48.647],[-2.113,48.648],[-2.112,48.648]]],[[[-2.034,48.653],[-2.032,48.652],[-2.033,48.651],[-2.034,48.653]]],[[[-2.038,48.652],[-2.039,48.652],[-2.039,48.653],[-2.038,48.652]]],[[[-2.023,48.655],[-2.024,48.654],[-2.024,48.655],[-2.023,48.655]]],[[[-2.07,48.653],[-2.069,48.653],[-2.07,48.653],[-2.07,48.653]]],[[[-2.071,48.654],[-2.07,48.654],[-2.07,48.654],[-2.071,48.654]]],[[[-2.09,48.653],[-2.091,48.654],[-2.09,48.653],[-2.09,48.653]]],[[[-2.076,48.675],[-2.076,48.675],[-2.077,48.675],[-2.076,48.675]]],[[[-2.071,48.676],[-2.071,48.676],[-2.071,48.676],[-2.071,48.676]]],[[[-2.07,48.676],[-2.074,48.678],[-2.069,48.679],[-2.07,48.676]]],[[[-2.044,48.684],[-2.045,48.684],[-2.044,48.684],[-2.044,48.684]]],[[[-2.05,48.688],[-2.047,48.688],[-2.046,48.687],[-2.05,48.688]]],[[[-2.05,48.688],[-2.05,48.688],[-2.05,48.688],[-2.05,48.688]]],[[[-1.278,48.512],[-1.273,48.534],[-1.249,48.544],[-1.231,48.537],[-1.207,48.542],[-1.193,48.529],[-1.17,48.531],[-1.147,48.518],[-1.117,48.522],[-1.067,48.505],[-1.077,48.502],[-1.07,48.486],[-1.079,48.482],[-1.064,48.467],[-1.065,48.451],[-1.084,48.434],[-1.08,48.414],[-1.054,48.383],[-1.065,48.367],[-1.056,48.365],[-1.06,48.349],[-1.045,48.328],[-1.09,48.289],[-1.102,48.263],[-1.081,48.22],[-1.087,48.209],[-1.074,48.201],[-1.081,48.176],[-1.074,48.159],[-1.064,48.161],[-1.05,48.09],[-1.021,48.068],[-1.035,48.034],[-1.018,48.013],[-1.021,47.995],[-1.071,47.982],[-1.101,47.989],[-1.125,47.987],[-1.125,47.972],[-1.155,47.965],[-1.176,47.898],[-1.197,47.889],[-1.189,47.867],[-1.223,47.852],[-1.216,47.832],[-1.22,47.82],[-1.233,47.82],[-1.243,47.808],[-1.237,47.798],[-1.246,47.777],[-1.365,47.799],[-1.361,47.803],[-1.394,47.829],[-1.405,47.824],[-1.423,47.833],[-1.478,47.836],[-1.471,47.803],[-1.503,47.802],[-1.529,47.785],[-1.587,47.78],[-1.594,47.767],[-1.623,47.764],[-1.638,47.722],[-1.657,47.71],[-1.707,47.714],[-1.704,47.7],[-1.723,47.698],[-1.752,47.708],[-1.771,47.698],[-1.827,47.711],[-1.858,47.708],[-1.877,47.696],[-1.938,47.686],[-1.957,47.671],[-1.97,47.674],[-1.974,47.694],[-2.013,47.666],[-2.039,47.67],[-2.051,47.65],[-2.081,47.65],[-2.099,47.632],[-2.105,47.638],[-2.094,47.64],[-2.096,47.647],[-2.114,47.649],[-2.104,47.676],[-2.122,47.683],[-2.119,47.708],[-2.131,47.722],[-2.107,47.737],[-2.058,47.743],[-2.062,47.751],[-2.084,47.75],[-2.084,47.763],[-2.127,47.761],[-2.128,47.769],[-2.074,47.789],[-2.07,47.812],[-2.049,47.817],[-2.035,47.833],[-2.052,47.841],[-2.055,47.869],[-2.069,47.852],[-2.091,47.843],[-2.11,47.849],[-2.096,47.862],[-2.116,47.879],[-2.116,47.89],[-2.101,47.896],[-2.106,47.902],[-2.086,47.904],[-2.078,47.919],[-2.098,47.933],[-2.111,47.96],[-2.126,47.964],[-2.144,47.984],[-2.179,47.98],[-2.192,47.991],[-2.237,48.0],[-2.288,47.992],[-2.289,48.001],[-2.275,48.011],[-2.28,48.026],[-2.264,48.04],[-2.242,48.053],[-2.189,48.053],[-2.17,48.063],[-2.168,48.076],[-2.181,48.083],[-2.22,48.081],[-2.237,48.075],[-2.235,48.063],[-2.256,48.063],[-2.248,48.085],[-2.254,48.107],[-2.288,48.134],[-2.27,48.152],[-2.236,48.145],[-2.249,48.156],[-2.223,48.173],[-2.218,48.204],[-2.228,48.211],[-2.184,48.21],[-2.191,48.225],[-2.184,48.25],[-2.153,48.262],[-2.107,48.252],[-2.111,48.258],[-2.096,48.266],[-2.113,48.269],[-2.11,48.275],[-2.081,48.277],[-2.08,48.293],[-2.053,48.298],[-2.05,48.29],[-2.014,48.28],[-2.002,48.281],[-2.005,48.292],[-1.998,48.29],[-1.994,48.299],[-1.975,48.302],[-1.964,48.29],[-1.956,48.297],[-1.968,48.303],[-1.954,48.316],[-1.967,48.343],[-1.929,48.347],[-1.933,48.361],[-1.947,48.367],[-1.94,48.393],[-1.93,48.395],[-1.943,48.401],[-1.936,48.42],[-1.951,48.427],[-1.952,48.44],[-1.928,48.453],[-1.929,48.476],[-1.909,48.482],[-1.924,48.501],[-1.912,48.506],[-1.911,48.516],[-1.932,48.551],[-1.947,48.539],[-1.97,48.536],[-1.96,48.55],[-1.965,48.557],[-1.977,48.556],[-1.972,48.565],[-1.987,48.585],[-1.962,48.575],[-1.954,48.578],[-1.966,48.585],[-1.962,48.593],[-1.993,48.594],[-1.998,48.59],[-1.997,48.604],[-2.002,48.6],[-2.013,48.599],[-2.001,48.615],[-2.015,48.614],[-2.013,48.627],[-2.031,48.634],[-2.019,48.639],[-2.024,48.646],[-2.032,48.642],[-2.029,48.651],[-1.99,48.664],[-1.982,48.674],[-1.987,48.677],[-1.989,48.684],[-1.937,48.684],[-1.96,48.689],[-1.938,48.694],[-1.937,48.703],[-1.932,48.694],[-1.905,48.69],[-1.89,48.699],[-1.862,48.7],[-1.844,48.713],[-1.849,48.695],[-1.836,48.681],[-1.863,48.668],[-1.872,48.647],[-1.847,48.617],[-1.768,48.602],[-1.665,48.61],[-1.571,48.626],[-1.566,48.614],[-1.537,48.599],[-1.543,48.58],[-1.532,48.581],[-1.519,48.567],[-1.527,48.565],[-1.533,48.546],[-1.516,48.538],[-1.49,48.489],[-1.45,48.488],[-1.428,48.462],[-1.38,48.456],[-1.345,48.472],[-1.349,48.482],[-1.339,48.491],[-1.329,48.486],[-1.328,48.498],[-1.301,48.499],[-1.278,48.512]]],[[[-1.994,48.587],[-1.995,48.587],[-1.994,48.587],[-1.994,48.587]]],[[[-1.989,48.592],[-1.989,48.591],[-1.99,48.591],[-1.989,48.592]]],[[[-2.009,48.595],[-2.006,48.595],[-2.008,48.594],[-2.009,48.595]]],[[[-1.832,48.678],[-1.832,48.678],[-1.832,48.678],[-1.832,48.678]]],[[[-1.831,48.679],[-1.831,48.68],[-1.83,48.68],[-1.831,48.679]]],[[[-1.827,48.681],[-1.826,48.684],[-1.827,48.681],[-1.827,48.681]]],[[[-1.969,48.69],[-1.969,48.69],[-1.97,48.69],[-1.969,48.69]]],[[[-1.97,48.69],[-1.97,48.691],[-1.97,48.69],[-1.97,48.69]]],[[[-1.971,48.691],[-1.971,48.691],[-1.971,48.691],[-1.971,48.691]]],[[[-1.953,48.694],[-1.955,48.694],[-1.955,48.695],[-1.953,48.694]]],[[[-1.896,48.697],[-1.897,48.697],[-1.896,48.698],[-1.896,48.697]]],[[[-1.983,48.695],[-1.982,48.694],[-1.983,48.694],[-1.983,48.695]]],[[[-1.955,48.699],[-1.953,48.699],[-1.954,48.698],[-1.955,48.699]]],[[[-1.84,48.708],[-1.839,48.711],[-1.836,48.714],[-1.84,48.708]]],[[[-1.836,48.714],[-1.836,48.714],[-1.835,48.714],[-1.836,48.714]]],[[[-1.835,48.715],[-1.834,48.716],[-1.835,48.715],[-1.835,48.715]]],[[[-1.83,48.721],[-1.831,48.721],[-1.83,48.722],[-1.83,48.721]]]],"type":"MultiPolygon"}},{"type":"Feature","properties":{"c":"66","n":"Pyrénées-Orientales","p":496855,"a":[2.5066,42.6251],"pt":{"30_27":[52,56,49,99],"10_27":[40,43,43,78],"30_40":[54,58,50,98],"10_40":[32,45,43,78]},"s3":{"30_27":50,"10_27":41,"30_40":51,"10_40":41},"s2":{"30_27":58,"10_27":46,"30_40":62,"10_40":47},"p3":{"30_27":93,"10_27":89,"30_40":93,"10_40":88}},"geometry":{"coordinates":[[[[3.171,42.448],[3.171,42.448],[3.171,42.448],[3.171,42.448]]],[[[3.081,42.532],[3.082,42.532],[3.083,42.532],[3.081,42.532]]],[[[3.077,42.534],[3.078,42.534],[3.077,42.534],[3.077,42.534]]],[[[2.917,42.885],[2.977,42.87],[3.044,42.838],[3.035,42.722],[3.041,42.723],[3.042,42.703],[3.026,42.707],[3.024,42.704],[3.043,42.703],[3.034,42.663],[3.041,42.62],[3.036,42.623],[3.035,42.622],[3.037,42.612],[3.029,42.61],[3.039,42.603],[3.038,42.616],[3.042,42.621],[3.055,42.543],[3.049,42.545],[3.048,42.541],[3.081,42.533],[3.086,42.524],[3.109,42.525],[3.107,42.516],[3.118,42.523],[3.141,42.516],[3.123,42.506],[3.136,42.498],[3.128,42.487],[3.155,42.478],[3.157,42.46],[3.168,42.457],[3.16,42.452],[3.169,42.448],[3.166,42.44],[3.175,42.442],[3.178,42.44],[3.175,42.435],[3.121,42.438],[3.102,42.426],[3.086,42.426],[3.047,42.457],[3.04,42.474],[3.013,42.466],[2.989,42.474],[2.967,42.465],[2.947,42.482],[2.918,42.456],[2.87,42.467],[2.862,42.455],[2.839,42.459],[2.827,42.439],[2.804,42.433],[2.801,42.418],[2.77,42.412],[2.754,42.426],[2.734,42.425],[2.674,42.405],[2.671,42.388],[2.651,42.387],[2.661,42.366],[2.675,42.357],[2.672,42.341],[2.616,42.346],[2.571,42.358],[2.554,42.354],[2.553,42.343],[2.533,42.333],[2.5,42.343],[2.481,42.341],[2.455,42.37],[2.433,42.377],[2.433,42.394],[2.414,42.391],[2.361,42.403],[2.312,42.428],[2.291,42.423],[2.257,42.439],[2.246,42.429],[2.201,42.416],[2.168,42.425],[2.149,42.421],[2.126,42.41],[2.117,42.383],[2.089,42.374],[2.085,42.362],[2.073,42.366],[2.059,42.358],[2.033,42.358],[2.016,42.347],[1.965,42.381],[1.959,42.424],[1.941,42.43],[1.937,42.454],[1.916,42.446],[1.891,42.448],[1.881,42.46],[1.854,42.464],[1.823,42.487],[1.73,42.492],[1.721,42.517],[1.747,42.563],[1.838,42.585],[1.874,42.582],[1.874,42.59],[1.891,42.593],[1.9,42.615],[1.933,42.605],[1.95,42.618],[1.972,42.617],[1.999,42.662],[2.029,42.653],[2.047,42.664],[2.109,42.664],[2.128,42.672],[2.151,42.662],[2.166,42.664],[2.176,42.649],[2.246,42.681],[2.265,42.709],[2.291,42.7],[2.323,42.708],[2.358,42.733],[2.343,42.775],[2.344,42.801],[2.333,42.802],[2.332,42.82],[2.319,42.824],[2.337,42.841],[2.382,42.849],[2.452,42.837],[2.502,42.852],[2.517,42.842],[2.552,42.847],[2.598,42.837],[2.696,42.83],[2.738,42.836],[2.762,42.874],[2.789,42.896],[2.818,42.9],[2.847,42.915],[2.865,42.919],[2.882,42.9],[2.907,42.896],[2.917,42.885]],[[1.957,42.458],[2.003,42.447],[2.014,42.452],[1.987,42.47],[1.998,42.485],[1.99,42.494],[1.979,42.495],[1.978,42.486],[1.963,42.479],[1.957,42.458]]]],"type":"MultiPolygon"}},{"type":"Feature","properties":{"c":"61","n":"Orne","p":275201,"a":[0.326,48.5712],"pt":{"30_27":[0,47,0,0],"10_27":[0,0,0,0],"30_40":[0,26,0,0],"10_40":[0,0,0,0]},"s3":{"30_27":0,"10_27":0,"30_40":0,"10_40":0},"s2":{"30_27":0,"10_27":0,"30_40":0,"10_40":0},"p3":{"30_27":0,"10_27":0,"30_40":0,"10_40":0}},"geometry":{"coordinates":[[[-0.813,48.455],[-0.846,48.499],[-0.861,48.502],[-0.814,48.545],[-0.774,48.563],[-0.77,48.59],[-0.752,48.602],[-0.753,48.622],[-0.738,48.622],[-0.763,48.631],[-0.773,48.658],[-0.735,48.686],[-0.791,48.704],[-0.818,48.731],[-0.85,48.731],[-0.852,48.746],[-0.821,48.753],[-0.781,48.787],[-0.713,48.801],[-0.682,48.822],[-0.706,48.837],[-0.694,48.847],[-0.681,48.841],[-0.644,48.841],[-0.645,48.827],[-0.581,48.838],[-0.571,48.83],[-0.549,48.848],[-0.499,48.847],[-0.496,48.858],[-0.476,48.859],[-0.464,48.871],[-0.434,48.869],[-0.433,48.875],[-0.426,48.866],[-0.406,48.87],[-0.386,48.845],[-0.36,48.848],[-0.373,48.835],[-0.346,48.822],[-0.327,48.84],[-0.336,48.845],[-0.33,48.856],[-0.306,48.858],[-0.299,48.849],[-0.262,48.854],[-0.213,48.84],[-0.205,48.847],[-0.17,48.825],[-0.128,48.816],[-0.146,48.835],[-0.123,48.84],[-0.126,48.847],[-0.115,48.839],[-0.083,48.845],[-0.067,48.84],[-0.027,48.877],[-0.006,48.872],[-0.007,48.886],[0.056,48.902],[0.081,48.938],[0.101,48.934],[0.128,48.952],[0.143,48.945],[0.154,48.924],[0.17,48.926],[0.195,48.944],[0.217,48.946],[0.232,48.939],[0.246,48.96],[0.276,48.966],[0.277,48.95],[0.308,48.954],[0.333,48.943],[0.359,48.951],[0.377,48.973],[0.406,48.963],[0.4,48.953],[0.412,48.946],[0.386,48.91],[0.421,48.899],[0.421,48.887],[0.441,48.885],[0.448,48.891],[0.443,48.881],[0.453,48.879],[0.463,48.888],[0.495,48.879],[0.551,48.874],[0.578,48.894],[0.595,48.889],[0.59,48.873],[0.615,48.878],[0.602,48.863],[0.609,48.853],[0.636,48.854],[0.608,48.833],[0.689,48.794],[0.732,48.786],[0.759,48.768],[0.749,48.761],[0.775,48.737],[0.759,48.72],[0.729,48.707],[0.767,48.697],[0.76,48.687],[0.769,48.67],[0.782,48.667],[0.796,48.675],[0.815,48.67],[0.822,48.636],[0.832,48.633],[0.817,48.615],[0.823,48.609],[0.847,48.61],[0.851,48.583],[0.926,48.56],[0.939,48.549],[0.923,48.538],[0.967,48.524],[0.941,48.499],[0.955,48.493],[0.956,48.482],[0.936,48.476],[0.958,48.443],[0.977,48.441],[0.944,48.417],[0.95,48.399],[0.909,48.37],[0.901,48.374],[0.884,48.357],[0.871,48.36],[0.852,48.348],[0.84,48.353],[0.842,48.347],[0.828,48.342],[0.818,48.35],[0.791,48.343],[0.769,48.322],[0.756,48.3],[0.779,48.303],[0.808,48.29],[0.793,48.284],[0.787,48.261],[0.831,48.211],[0.805,48.205],[0.809,48.198],[0.758,48.18],[0.73,48.201],[0.724,48.198],[0.683,48.255],[0.64,48.261],[0.631,48.253],[0.634,48.234],[0.624,48.245],[0.536,48.249],[0.533,48.265],[0.513,48.267],[0.493,48.283],[0.507,48.295],[0.49,48.31],[0.481,48.299],[0.467,48.306],[0.431,48.307],[0.416,48.322],[0.406,48.315],[0.396,48.32],[0.383,48.334],[0.388,48.349],[0.374,48.387],[0.372,48.411],[0.383,48.425],[0.357,48.458],[0.301,48.481],[0.265,48.485],[0.249,48.474],[0.214,48.474],[0.19,48.462],[0.173,48.465],[0.171,48.449],[0.146,48.458],[0.157,48.44],[0.117,48.436],[0.1,48.41],[0.071,48.409],[0.054,48.392],[0.061,48.38],[0.016,48.381],[-0.002,48.398],[-0.05,48.375],[-0.058,48.387],[-0.051,48.453],[-0.071,48.458],[-0.073,48.451],[-0.106,48.447],[-0.147,48.457],[-0.156,48.496],[-0.173,48.51],[-0.146,48.52],[-0.144,48.528],[-0.179,48.541],[-0.208,48.564],[-0.217,48.558],[-0.246,48.566],[-0.263,48.548],[-0.241,48.537],[-0.275,48.518],[-0.271,48.507],[-0.285,48.506],[-0.288,48.519],[-0.294,48.515],[-0.32,48.523],[-0.337,48.501],[-0.356,48.496],[-0.353,48.484],[-0.394,48.501],[-0.398,48.511],[-0.423,48.507],[-0.447,48.515],[-0.489,48.501],[-0.51,48.509],[-0.551,48.473],[-0.595,48.473],[-0.651,48.444],[-0.666,48.486],[-0.692,48.468],[-0.703,48.468],[-0.705,48.476],[-0.714,48.469],[-0.731,48.473],[-0.736,48.461],[-0.715,48.449],[-0.759,48.436],[-0.78,48.446],[-0.778,48.466],[-0.797,48.466],[-0.813,48.455]],[[-0.433,48.863],[-0.431,48.866],[-0.433,48.866],[-0.433,48.863]]],"type":"Polygon"}},{"type":"Feature","properties":{"c":"69","n":"Rhône","p":1914667,"a":[4.6175,45.8819],"pt":{"30_27":[63,0,28,76],"10_27":[15,0,9,0],"30_40":[75,0,24,75],"10_40":[17,0,0,0]},"s3":{"30_27":28,"10_27":0,"30_40":24,"10_40":0},"s2":{"30_27":50,"10_27":9,"30_40":59,"10_40":0},"p3":{"30_27":80,"10_27":0,"30_40":80,"10_40":0}},"geometry":{"coordinates":[[[4.685,45.555],[4.677,45.569],[4.649,45.565],[4.646,45.555],[4.659,45.543],[4.645,45.541],[4.615,45.575],[4.587,45.571],[4.568,45.584],[4.521,45.573],[4.505,45.577],[4.505,45.587],[4.469,45.585],[4.473,45.597],[4.449,45.606],[4.442,45.623],[4.41,45.632],[4.393,45.663],[4.366,45.671],[4.364,45.684],[4.374,45.691],[4.366,45.699],[4.403,45.745],[4.391,45.755],[4.359,45.751],[4.348,45.77],[4.359,45.784],[4.36,45.778],[4.38,45.784],[4.374,45.805],[4.389,45.807],[4.376,45.825],[4.391,45.837],[4.382,45.845],[4.395,45.865],[4.363,45.864],[4.343,45.877],[4.323,45.903],[4.346,45.916],[4.335,45.917],[4.346,45.93],[4.3,45.947],[4.291,45.972],[4.253,45.984],[4.244,45.996],[4.269,46.001],[4.271,45.988],[4.287,45.999],[4.3,45.989],[4.312,46.005],[4.306,46.022],[4.288,46.017],[4.278,46.022],[4.251,46.05],[4.286,46.054],[4.3,46.065],[4.301,46.079],[4.311,46.079],[4.307,46.106],[4.323,46.131],[4.362,46.139],[4.377,46.15],[4.417,46.136],[4.435,46.16],[4.433,46.173],[4.396,46.189],[4.396,46.195],[4.422,46.203],[4.422,46.209],[4.386,46.226],[4.397,46.283],[4.406,46.296],[4.423,46.295],[4.427,46.303],[4.439,46.293],[4.458,46.297],[4.476,46.284],[4.489,46.288],[4.504,46.267],[4.546,46.274],[4.56,46.295],[4.57,46.293],[4.583,46.27],[4.618,46.265],[4.616,46.282],[4.636,46.29],[4.636,46.301],[4.653,46.304],[4.664,46.295],[4.679,46.306],[4.694,46.302],[4.708,46.27],[4.68,46.268],[4.679,46.259],[4.688,46.249],[4.705,46.251],[4.737,46.233],[4.719,46.228],[4.736,46.212],[4.721,46.201],[4.727,46.179],[4.759,46.172],[4.78,46.177],[4.803,46.155],[4.748,46.09],[4.762,46.068],[4.739,46.046],[4.755,45.973],[4.729,45.944],[4.756,45.935],[4.777,45.939],[4.791,45.923],[4.808,45.921],[4.805,45.896],[4.849,45.913],[4.872,45.904],[4.872,45.894],[4.881,45.898],[4.884,45.88],[4.909,45.874],[4.901,45.856],[4.917,45.845],[4.924,45.804],[4.964,45.811],[5.014,45.805],[5.101,45.814],[5.089,45.785],[5.059,45.792],[5.068,45.765],[5.096,45.769],[5.094,45.739],[5.126,45.738],[5.159,45.715],[5.154,45.7],[5.131,45.708],[5.105,45.701],[5.108,45.688],[5.06,45.666],[5.058,45.653],[5.038,45.645],[5.037,45.613],[5.005,45.623],[4.989,45.619],[5.002,45.614],[4.998,45.603],[4.971,45.613],[4.901,45.606],[4.86,45.591],[4.858,45.576],[4.829,45.588],[4.777,45.588],[4.811,45.572],[4.835,45.545],[4.873,45.531],[4.843,45.501],[4.781,45.471],[4.778,45.454],[4.757,45.456],[4.739,45.473],[4.739,45.487],[4.722,45.494],[4.708,45.481],[4.696,45.477],[4.676,45.482],[4.671,45.473],[4.671,45.484],[4.655,45.486],[4.65,45.532],[4.685,45.555]]],"type":"Polygon"}},{"type":"Feature","properties":{"c":"38","n":"Isère","p":1298990,"a":[5.6292,45.2881],"pt":{"30_27":[40,0,7,100],"10_27":[0,0,0,22],"30_40":[45,0,14,100],"10_40":[2,0,0,23]},"s3":{"30_27":6,"10_27":0,"30_40":9,"10_40":0},"s2":{"30_27":41,"10_27":0,"30_40":50,"10_40":0},"p3":{"30_27":14,"10_27":0,"30_40":15,"10_40":0}},"geometry":{"coordinates":[[[5.494,45.072],[5.483,45.084],[5.462,45.087],[5.436,45.055],[5.426,45.056],[5.414,45.045],[5.397,45.044],[5.388,45.059],[5.382,45.055],[5.397,45.038],[5.386,45.035],[5.346,45.048],[5.341,45.062],[5.319,45.051],[5.293,45.064],[5.269,45.055],[5.244,45.061],[5.226,45.079],[5.209,45.084],[5.181,45.084],[5.163,45.066],[5.149,45.077],[5.138,45.072],[5.138,45.081],[5.141,45.076],[5.155,45.08],[5.189,45.127],[5.191,45.14],[5.181,45.148],[5.192,45.154],[5.19,45.17],[5.164,45.198],[5.167,45.21],[5.179,45.217],[5.202,45.217],[5.177,45.249],[5.157,45.247],[5.16,45.255],[5.141,45.243],[5.122,45.246],[5.138,45.297],[5.122,45.299],[5.119,45.291],[5.075,45.282],[5.054,45.319],[5.023,45.318],[5.009,45.342],[4.995,45.344],[4.929,45.324],[4.88,45.297],[4.859,45.298],[4.859,45.309],[4.8,45.298],[4.761,45.325],[4.762,45.343],[4.774,45.353],[4.756,45.366],[4.758,45.39],[4.742,45.414],[4.76,45.433],[4.756,45.455],[4.78,45.455],[4.781,45.471],[4.842,45.501],[4.872,45.529],[4.835,45.545],[4.811,45.572],[4.777,45.588],[4.829,45.588],[4.858,45.576],[4.86,45.591],[4.901,45.606],[4.971,45.613],[4.998,45.603],[5.002,45.614],[4.989,45.619],[5.005,45.623],[5.037,45.613],[5.038,45.645],[5.058,45.653],[5.06,45.666],[5.108,45.688],[5.105,45.701],[5.131,45.708],[5.154,45.7],[5.16,45.708],[5.127,45.737],[5.094,45.739],[5.096,45.769],[5.068,45.765],[5.059,45.792],[5.089,45.785],[5.101,45.814],[5.11,45.798],[5.113,45.81],[5.125,45.812],[5.177,45.793],[5.192,45.772],[5.228,45.77],[5.272,45.793],[5.289,45.812],[5.302,45.849],[5.35,45.883],[5.414,45.852],[5.436,45.829],[5.421,45.821],[5.423,45.807],[5.518,45.731],[5.527,45.715],[5.547,45.713],[5.552,45.702],[5.574,45.695],[5.567,45.684],[5.547,45.699],[5.552,45.673],[5.586,45.667],[5.603,45.652],[5.624,45.603],[5.674,45.56],[5.672,45.546],[5.681,45.542],[5.67,45.538],[5.692,45.528],[5.701,45.508],[5.713,45.507],[5.719,45.484],[5.736,45.473],[5.74,45.437],[5.798,45.439],[5.815,45.423],[5.854,45.417],[5.888,45.403],[5.891,45.391],[5.91,45.39],[5.928,45.416],[5.904,45.407],[5.904,45.432],[5.921,45.444],[5.926,45.464],[5.915,45.477],[5.974,45.492],[5.99,45.476],[6.01,45.473],[6.008,45.454],[6.05,45.438],[6.093,45.444],[6.095,45.432],[6.123,45.439],[6.178,45.393],[6.192,45.369],[6.171,45.357],[6.195,45.352],[6.187,45.32],[6.154,45.311],[6.131,45.285],[6.141,45.262],[6.126,45.244],[6.127,45.231],[6.142,45.223],[6.139,45.213],[6.159,45.202],[6.162,45.188],[6.144,45.155],[6.161,45.151],[6.19,45.164],[6.215,45.153],[6.223,45.141],[6.25,45.151],[6.265,45.14],[6.257,45.122],[6.229,45.108],[6.244,45.071],[6.219,45.064],[6.204,45.012],[6.253,44.995],[6.306,45.005],[6.324,44.999],[6.315,44.98],[6.33,44.969],[6.323,44.953],[6.359,44.941],[6.355,44.855],[6.336,44.848],[6.323,44.852],[6.295,44.874],[6.269,44.87],[6.25,44.852],[6.196,44.859],[6.168,44.852],[6.133,44.865],[6.112,44.844],[6.056,44.816],[6.03,44.838],[6.021,44.837],[6.005,44.821],[5.979,44.819],[5.95,44.804],[5.978,44.791],[5.98,44.781],[5.953,44.771],[5.951,44.76],[5.938,44.764],[5.92,44.751],[5.9,44.758],[5.882,44.747],[5.827,44.76],[5.83,44.742],[5.811,44.712],[5.756,44.696],[5.704,44.729],[5.699,44.722],[5.647,44.724],[5.626,44.753],[5.588,44.762],[5.582,44.778],[5.55,44.795],[5.544,44.789],[5.555,44.767],[5.462,44.795],[5.459,44.8],[5.476,44.807],[5.485,44.823],[5.464,44.826],[5.484,44.922],[5.478,44.967],[5.494,44.996],[5.465,45.05],[5.477,45.072],[5.494,45.072]]],"type":"Polygon"}},{"type":"Feature","properties":{"c":"32","n":"Gers","p":192645,"a":[0.3997,43.6908],"pt":{"30_27":[100,62,26,0],"10_27":[22,0,0,0],"30_40":[100,70,31,0],"10_40":[53,4,0,0]},"s3":{"30_27":26,"10_27":0,"30_40":31,"10_40":0},"s2":{"30_27":62,"10_27":0,"30_40":70,"10_40":2},"p3":{"30_27":32,"10_27":0,"30_40":34,"10_40":1}},"geometry":{"coordinates":[[[0.494,43.325],[0.445,43.341],[0.443,43.328],[0.41,43.33],[0.396,43.333],[0.399,43.35],[0.389,43.356],[0.332,43.343],[0.327,43.373],[0.308,43.367],[0.298,43.389],[0.232,43.368],[0.206,43.368],[0.2,43.376],[0.182,43.371],[0.174,43.403],[0.153,43.399],[0.132,43.424],[0.138,43.434],[0.166,43.445],[0.15,43.466],[0.135,43.466],[0.117,43.515],[0.09,43.51],[0.081,43.524],[0.053,43.517],[0.043,43.535],[0.029,43.545],[0.016,43.543],[0.01,43.56],[-0.003,43.566],[-0.015,43.606],[-0.039,43.606],[-0.045,43.613],[-0.074,43.606],[-0.077,43.59],[-0.097,43.59],[-0.099,43.582],[-0.122,43.587],[-0.161,43.581],[-0.177,43.597],[-0.205,43.584],[-0.211,43.593],[-0.242,43.583],[-0.254,43.597],[-0.247,43.616],[-0.278,43.616],[-0.282,43.643],[-0.264,43.636],[-0.263,43.653],[-0.242,43.655],[-0.24,43.671],[-0.258,43.674],[-0.257,43.683],[-0.239,43.693],[-0.25,43.708],[-0.194,43.737],[-0.198,43.748],[-0.219,43.75],[-0.206,43.759],[-0.227,43.809],[-0.192,43.81],[-0.198,43.829],[-0.188,43.832],[-0.209,43.858],[-0.196,43.872],[-0.185,43.863],[-0.19,43.881],[-0.239,43.894],[-0.229,43.912],[-0.223,43.914],[-0.218,43.907],[-0.199,43.915],[-0.18,43.939],[-0.161,43.927],[-0.153,43.94],[-0.136,43.936],[-0.126,43.945],[-0.107,43.929],[-0.095,43.929],[-0.093,43.948],[-0.07,43.945],[-0.059,43.961],[-0.044,43.963],[-0.036,43.984],[0.007,43.954],[0.006,43.944],[-0.024,43.93],[0.031,43.9],[0.042,43.904],[0.059,43.897],[0.076,43.916],[0.056,43.961],[0.069,43.965],[0.074,43.982],[0.117,43.988],[0.127,44.002],[0.142,43.994],[0.139,43.975],[0.157,43.973],[0.166,43.981],[0.164,43.995],[0.214,44.023],[0.235,44.021],[0.233,44.009],[0.254,44.002],[0.257,44.008],[0.303,43.991],[0.318,43.995],[0.316,44.01],[0.327,44.007],[0.358,44.017],[0.381,44.006],[0.397,44.022],[0.443,44.029],[0.46,44.056],[0.484,44.053],[0.486,44.059],[0.502,44.057],[0.505,44.051],[0.512,44.063],[0.539,44.053],[0.555,44.055],[0.576,44.076],[0.592,44.08],[0.625,44.063],[0.632,44.05],[0.654,44.042],[0.652,44.033],[0.663,44.024],[0.677,44.027],[0.685,44.046],[0.696,44.044],[0.708,44.058],[0.752,44.067],[0.764,44.03],[0.82,44.056],[0.864,44.039],[0.841,44.025],[0.825,44.03],[0.813,44.025],[0.825,44.015],[0.818,44.009],[0.827,43.997],[0.795,43.975],[0.785,43.956],[0.759,43.945],[0.764,43.928],[0.772,43.922],[0.809,43.933],[0.843,43.915],[0.863,43.924],[0.902,43.901],[0.883,43.889],[0.884,43.875],[0.912,43.85],[0.895,43.85],[0.895,43.84],[0.926,43.832],[0.905,43.81],[0.898,43.786],[0.948,43.792],[0.966,43.76],[0.975,43.761],[0.992,43.746],[0.99,43.74],[1.024,43.723],[1.028,43.71],[1.039,43.714],[1.064,43.703],[1.049,43.675],[1.075,43.662],[1.101,43.661],[1.088,43.645],[1.112,43.637],[1.141,43.642],[1.148,43.635],[1.143,43.621],[1.159,43.605],[1.18,43.615],[1.194,43.603],[1.202,43.597],[1.199,43.569],[1.161,43.575],[1.156,43.557],[1.112,43.557],[1.118,43.545],[1.097,43.533],[1.088,43.547],[1.051,43.541],[1.076,43.527],[1.069,43.522],[1.058,43.527],[1.05,43.516],[1.073,43.505],[1.059,43.506],[1.056,43.494],[1.046,43.496],[1.052,43.487],[1.033,43.487],[1.018,43.474],[1.045,43.459],[1.019,43.431],[1.03,43.418],[1.023,43.412],[1.003,43.416],[0.993,43.409],[0.998,43.383],[1.006,43.38],[0.989,43.365],[0.968,43.369],[0.96,43.389],[0.944,43.381],[0.917,43.406],[0.82,43.417],[0.807,43.4],[0.748,43.421],[0.759,43.404],[0.745,43.395],[0.753,43.388],[0.734,43.371],[0.717,43.381],[0.674,43.329],[0.646,43.312],[0.62,43.316],[0.607,43.311],[0.551,43.33],[0.508,43.334],[0.494,43.325]]],"type":"Polygon"}},{"type":"Feature","properties":{"c":"02","n":"Aisne","p":523342,"a":[3.6069,49.4534],"pt":{"30_27":[0,0,0,0],"10_27":[0,0,0,0],"30_40":[0,0,0,0],"10_40":[0,0,0,0]},"s3":{"30_27":0,"10_27":0,"30_40":0,"10_40":0},"s2":{"30_27":0,"10_27":0,"30_40":0,"10_40":0},"p3":{"30_27":0,"10_27":0,"30_40":0,"10_40":0}},"geometry":{"coordinates":[[[3.749,49.159],[3.703,49.141],[3.686,49.154],[3.621,49.15],[3.6,49.121],[3.603,49.115],[3.612,49.118],[3.639,49.078],[3.625,49.071],[3.61,49.073],[3.588,49.059],[3.585,49.039],[3.588,49.034],[3.616,49.033],[3.65,49.043],[3.664,49.038],[3.678,49.014],[3.661,49.004],[3.64,49.004],[3.621,48.966],[3.591,48.96],[3.603,48.944],[3.575,48.94],[3.576,48.923],[3.564,48.912],[3.56,48.917],[3.529,48.912],[3.503,48.871],[3.481,48.866],[3.485,48.852],[3.47,48.851],[3.463,48.837],[3.446,48.843],[3.447,48.86],[3.433,48.86],[3.424,48.867],[3.404,48.864],[3.406,48.876],[3.381,48.872],[3.368,48.928],[3.36,48.918],[3.33,48.909],[3.313,48.921],[3.304,48.949],[3.265,48.939],[3.25,48.974],[3.231,48.977],[3.229,48.989],[3.209,48.994],[3.198,49.009],[3.167,49.012],[3.161,49.024],[3.177,49.03],[3.191,49.051],[3.153,49.083],[3.165,49.1],[3.072,49.118],[3.098,49.131],[3.094,49.142],[3.111,49.132],[3.117,49.139],[3.105,49.148],[3.128,49.145],[3.148,49.161],[3.122,49.162],[3.116,49.17],[3.108,49.166],[3.113,49.193],[3.098,49.196],[3.084,49.174],[3.099,49.154],[3.082,49.165],[3.084,49.193],[3.057,49.197],[3.065,49.205],[3.046,49.21],[3.035,49.205],[3.018,49.217],[2.994,49.209],[3.004,49.187],[3.026,49.193],[3.038,49.169],[3.023,49.17],[3.016,49.183],[2.997,49.187],[2.993,49.196],[2.984,49.184],[2.968,49.192],[2.971,49.214],[2.958,49.227],[2.965,49.233],[3.003,49.236],[3.016,49.23],[3.004,49.222],[3.015,49.223],[3.021,49.216],[3.042,49.23],[3.026,49.259],[3.037,49.286],[3.028,49.29],[3.017,49.28],[3.021,49.29],[2.986,49.288],[2.994,49.298],[2.968,49.303],[2.98,49.311],[2.965,49.322],[3.002,49.34],[3.036,49.326],[3.044,49.329],[3.075,49.349],[3.077,49.371],[3.095,49.377],[3.094,49.434],[3.101,49.439],[3.131,49.432],[3.165,49.441],[3.161,49.452],[3.105,49.473],[3.124,49.484],[3.096,49.518],[3.126,49.523],[3.134,49.56],[3.126,49.573],[3.141,49.575],[3.122,49.604],[3.094,49.622],[3.113,49.631],[3.098,49.657],[3.117,49.667],[3.128,49.662],[3.114,49.684],[3.126,49.697],[3.094,49.749],[3.101,49.767],[3.065,49.77],[3.062,49.782],[3.086,49.792],[3.088,49.803],[3.078,49.813],[3.085,49.818],[3.061,49.82],[3.055,49.832],[3.086,49.842],[3.075,49.879],[3.085,49.879],[3.083,49.866],[3.088,49.866],[3.113,49.878],[3.123,49.924],[3.165,49.947],[3.163,49.965],[3.202,49.984],[3.167,49.987],[3.168,49.995],[3.156,49.992],[3.171,50.012],[3.198,50.015],[3.227,50.033],[3.258,50.024],[3.258,50.032],[3.271,50.029],[3.286,50.014],[3.337,50.017],[3.35,50.035],[3.364,50.037],[3.389,50.031],[3.399,50.035],[3.428,50.022],[3.491,50.019],[3.507,50.036],[3.544,50.046],[3.541,50.055],[3.595,50.044],[3.614,50.025],[3.641,50.039],[3.659,50.029],[3.662,50.039],[3.649,50.043],[3.66,50.051],[3.715,50.069],[3.777,50.046],[3.798,50.048],[3.816,50.039],[3.836,50.048],[3.849,50.039],[3.875,50.037],[3.887,50.03],[3.878,50.028],[3.89,50.023],[3.887,50.01],[3.923,50.027],[3.95,50.027],[3.982,50.044],[3.996,50.028],[3.981,49.994],[4.005,49.996],[4.012,49.986],[4.032,49.982],[4.06,49.985],[4.084,49.979],[4.085,49.969],[4.141,49.979],[4.173,49.977],[4.197,49.967],[4.197,49.955],[4.233,49.958],[4.217,49.914],[4.235,49.904],[4.256,49.904],[4.253,49.87],[4.224,49.834],[4.214,49.806],[4.227,49.793],[4.206,49.778],[4.243,49.767],[4.25,49.757],[4.229,49.746],[4.232,49.731],[4.191,49.716],[4.185,49.699],[4.144,49.689],[4.149,49.678],[4.127,49.678],[4.116,49.633],[4.086,49.629],[4.069,49.638],[4.041,49.638],[4.038,49.623],[4.024,49.621],[4.054,49.595],[4.066,49.594],[4.059,49.576],[4.077,49.571],[4.049,49.545],[4.075,49.542],[4.076,49.518],[4.056,49.521],[4.057,49.508],[4.04,49.506],[4.042,49.468],[4.068,49.446],[4.049,49.448],[4.037,49.438],[4.05,49.412],[4.036,49.36],[4.013,49.358],[3.995,49.378],[3.961,49.377],[3.925,49.408],[3.896,49.393],[3.88,49.405],[3.823,49.403],[3.861,49.386],[3.856,49.364],[3.848,49.365],[3.859,49.354],[3.853,49.345],[3.824,49.357],[3.778,49.356],[3.741,49.348],[3.742,49.337],[3.669,49.325],[3.644,49.313],[3.638,49.301],[3.657,49.291],[3.652,49.278],[3.665,49.269],[3.653,49.254],[3.661,49.26],[3.678,49.235],[3.664,49.222],[3.652,49.222],[3.655,49.213],[3.68,49.206],[3.682,49.197],[3.697,49.207],[3.705,49.199],[3.697,49.188],[3.711,49.178],[3.725,49.173],[3.751,49.178],[3.749,49.159]],[[2.999,49.193],[2.997,49.191],[3.0,49.189],[2.999,49.193]],[[2.982,49.217],[2.99,49.211],[3.004,49.219],[2.993,49.223],[2.982,49.217]],[[3.047,49.229],[3.044,49.226],[3.048,49.228],[3.047,49.229]]],"type":"Polygon"}},{"type":"Feature","properties":{"c":"63","n":"Puy-de-Dôme","p":664453,"a":[3.0853,45.7718],"pt":{"30_27":[15,0,3,38],"10_27":[0,0,0,1],"30_40":[20,0,0,33],"10_40":[0,0,0,2]},"s3":{"30_27":0,"10_27":0,"30_40":0,"10_40":0},"s2":{"30_27":3,"10_27":0,"30_40":0,"10_40":0},"p3":{"30_27":0,"10_27":0,"30_40":0,"10_40":0}},"geometry":{"coordinates":[[[2.497,45.557],[2.461,45.596],[2.48,45.611],[2.484,45.64],[2.521,45.642],[2.529,45.659],[2.513,45.67],[2.529,45.682],[2.519,45.698],[2.524,45.711],[2.485,45.748],[2.474,45.746],[2.455,45.761],[2.445,45.758],[2.427,45.794],[2.388,45.827],[2.403,45.839],[2.431,45.834],[2.436,45.847],[2.448,45.846],[2.443,45.866],[2.47,45.873],[2.492,45.864],[2.502,45.889],[2.514,45.886],[2.558,45.913],[2.541,45.921],[2.551,45.941],[2.57,45.947],[2.563,45.956],[2.609,45.967],[2.593,45.99],[2.603,46.033],[2.57,46.047],[2.55,46.086],[2.547,46.113],[2.563,46.143],[2.591,46.127],[2.602,46.131],[2.633,46.119],[2.648,46.121],[2.668,46.144],[2.668,46.156],[2.676,46.156],[2.675,46.172],[2.723,46.181],[2.732,46.195],[2.721,46.212],[2.733,46.223],[2.809,46.195],[2.823,46.22],[2.819,46.242],[2.86,46.257],[2.865,46.25],[2.891,46.254],[2.946,46.242],[2.932,46.233],[2.941,46.225],[2.915,46.214],[2.91,46.203],[2.921,46.182],[2.91,46.179],[2.953,46.171],[2.962,46.13],[2.971,46.122],[3.002,46.12],[3.016,46.102],[3.04,46.108],[3.049,46.1],[3.066,46.103],[3.091,46.114],[3.098,46.083],[3.131,46.069],[3.175,46.066],[3.184,46.075],[3.215,46.075],[3.222,46.067],[3.226,46.071],[3.245,46.062],[3.302,46.066],[3.301,46.061],[3.319,46.061],[3.314,46.057],[3.335,46.055],[3.332,46.044],[3.42,46.074],[3.435,46.061],[3.459,46.061],[3.472,46.04],[3.462,46.04],[3.464,46.008],[3.507,46.017],[3.525,46.011],[3.524,46.022],[3.539,46.021],[3.544,46.013],[3.592,46.024],[3.625,45.986],[3.632,45.961],[3.641,45.967],[3.677,45.958],[3.689,45.935],[3.725,45.921],[3.753,45.891],[3.739,45.872],[3.715,45.871],[3.721,45.86],[3.729,45.863],[3.719,45.848],[3.728,45.831],[3.712,45.8],[3.688,45.791],[3.701,45.781],[3.732,45.775],[3.739,45.766],[3.727,45.756],[3.746,45.741],[3.758,45.747],[3.768,45.729],[3.781,45.725],[3.777,45.691],[3.823,45.633],[3.858,45.625],[3.861,45.616],[3.935,45.579],[3.954,45.556],[3.946,45.544],[3.962,45.506],[3.985,45.496],[3.985,45.486],[3.966,45.472],[3.975,45.448],[3.96,45.444],[3.963,45.436],[3.914,45.423],[3.91,45.412],[3.899,45.41],[3.889,45.394],[3.892,45.354],[3.855,45.36],[3.846,45.371],[3.837,45.366],[3.836,45.383],[3.822,45.38],[3.805,45.392],[3.785,45.37],[3.79,45.354],[3.777,45.349],[3.757,45.357],[3.741,45.353],[3.73,45.361],[3.7,45.359],[3.707,45.376],[3.689,45.373],[3.691,45.38],[3.67,45.384],[3.664,45.362],[3.645,45.359],[3.645,45.351],[3.619,45.338],[3.59,45.357],[3.571,45.402],[3.557,45.392],[3.547,45.399],[3.529,45.399],[3.508,45.41],[3.501,45.428],[3.48,45.421],[3.463,45.402],[3.42,45.397],[3.406,45.404],[3.378,45.401],[3.356,45.423],[3.341,45.422],[3.327,45.397],[3.32,45.413],[3.298,45.42],[3.29,45.401],[3.254,45.389],[3.236,45.395],[3.218,45.369],[3.182,45.365],[3.174,45.355],[3.181,45.353],[3.181,45.351],[3.096,45.352],[3.087,45.339],[3.06,45.331],[3.067,45.32],[3.059,45.307],[3.022,45.296],[3.018,45.287],[2.949,45.309],[2.927,45.34],[2.923,45.368],[2.901,45.371],[2.883,45.384],[2.868,45.376],[2.852,45.392],[2.829,45.39],[2.814,45.402],[2.785,45.385],[2.742,45.393],[2.715,45.382],[2.701,45.392],[2.704,45.399],[2.681,45.407],[2.688,45.438],[2.663,45.434],[2.648,45.444],[2.624,45.444],[2.622,45.469],[2.604,45.45],[2.585,45.45],[2.564,45.466],[2.536,45.457],[2.544,45.479],[2.52,45.483],[2.508,45.478],[2.519,45.545],[2.516,45.554],[2.497,45.557]]],"type":"Polygon"}},{"type":"Feature","properties":{"c":"40","n":"Landes","p":433570,"a":[-0.6349,44.0265],"pt":{"30_27":[99,0,0,42],"10_27":[1,0,0,0],"30_40":[88,1,0,43],"10_40":[3,0,0,0]},"s3":{"30_27":0,"10_27":0,"30_40":0,"10_40":0},"s2":{"30_27":42,"10_27":0,"30_40":38,"10_40":0},"p3":{"30_27":0,"10_27":0,"30_40":0,"10_40":0}},"geometry":{"coordinates":[[[-0.181,43.931],[-0.218,43.907],[-0.224,43.914],[-0.24,43.898],[-0.19,43.881],[-0.186,43.867],[-0.189,43.862],[-0.196,43.872],[-0.209,43.858],[-0.188,43.832],[-0.198,43.829],[-0.192,43.81],[-0.227,43.809],[-0.206,43.759],[-0.219,43.75],[-0.198,43.748],[-0.194,43.737],[-0.25,43.708],[-0.239,43.693],[-0.257,43.683],[-0.258,43.674],[-0.24,43.671],[-0.242,43.655],[-0.263,43.653],[-0.264,43.636],[-0.282,43.643],[-0.278,43.616],[-0.247,43.616],[-0.254,43.597],[-0.243,43.585],[-0.283,43.586],[-0.291,43.568],[-0.301,43.571],[-0.311,43.557],[-0.336,43.551],[-0.356,43.563],[-0.394,43.569],[-0.452,43.55],[-0.464,43.567],[-0.456,43.569],[-0.459,43.562],[-0.442,43.579],[-0.431,43.578],[-0.432,43.587],[-0.449,43.596],[-0.552,43.543],[-0.567,43.558],[-0.597,43.538],[-0.614,43.538],[-0.633,43.554],[-0.658,43.556],[-0.641,43.572],[-0.646,43.575],[-0.688,43.557],[-0.708,43.56],[-0.708,43.541],[-0.718,43.541],[-0.768,43.579],[-0.782,43.577],[-0.782,43.564],[-0.803,43.556],[-0.819,43.561],[-0.843,43.554],[-0.847,43.542],[-0.894,43.551],[-0.92,43.545],[-0.926,43.532],[-0.94,43.539],[-0.949,43.532],[-0.989,43.542],[-1.001,43.538],[-0.989,43.531],[-0.993,43.504],[-1.024,43.502],[-1.047,43.514],[-1.069,43.508],[-1.081,43.523],[-1.087,43.511],[-1.109,43.514],[-1.118,43.501],[-1.138,43.5],[-1.145,43.487],[-1.152,43.497],[-1.169,43.492],[-1.172,43.505],[-1.133,43.51],[-1.131,43.519],[-1.156,43.53],[-1.167,43.544],[-1.184,43.547],[-1.291,43.498],[-1.325,43.505],[-1.368,43.495],[-1.418,43.497],[-1.431,43.514],[-1.466,43.516],[-1.461,43.533],[-1.477,43.539],[-1.502,43.527],[-1.533,43.531],[-1.52,43.533],[-1.445,43.647],[-1.437,43.713],[-1.389,43.857],[-1.328,44.09],[-1.313,44.085],[-1.31,44.086],[-1.313,44.086],[-1.325,44.09],[-1.326,44.09],[-1.328,44.09],[-1.254,44.467],[-1.107,44.502],[-1.085,44.532],[-1.026,44.507],[-0.988,44.508],[-0.981,44.483],[-1.007,44.437],[-1.029,44.423],[-0.919,44.443],[-0.843,44.418],[-0.81,44.42],[-0.78,44.428],[-0.781,44.441],[-0.729,44.448],[-0.693,44.441],[-0.676,44.457],[-0.641,44.449],[-0.628,44.443],[-0.625,44.412],[-0.642,44.4],[-0.528,44.365],[-0.51,44.336],[-0.479,44.325],[-0.432,44.323],[-0.431,44.301],[-0.405,44.287],[-0.383,44.286],[-0.397,44.237],[-0.39,44.209],[-0.272,44.194],[-0.223,44.206],[-0.226,44.265],[-0.203,44.264],[-0.193,44.272],[-0.141,44.226],[-0.129,44.204],[-0.129,44.152],[-0.004,44.15],[0.035,44.131],[0.136,44.124],[0.136,44.109],[0.101,44.088],[0.105,44.078],[0.083,44.064],[0.087,44.052],[0.076,44.03],[0.06,44.025],[0.076,43.979],[0.055,43.954],[0.076,43.916],[0.059,43.897],[0.042,43.904],[0.031,43.9],[-0.024,43.93],[0.006,43.944],[0.007,43.954],[-0.036,43.984],[-0.044,43.963],[-0.059,43.961],[-0.07,43.945],[-0.093,43.948],[-0.095,43.929],[-0.107,43.929],[-0.126,43.945],[-0.136,43.936],[-0.153,43.94],[-0.161,43.927],[-0.18,43.939],[-0.181,43.931]]],"type":"Polygon"}},{"type":"Feature","properties":{"c":"80","n":"Somme","p":565413,"a":[2.3791,49.9728],"pt":{"30_27":[0,0,0,0],"10_27":[0,0,0,0],"30_40":[0,0,0,0],"10_40":[0,0,0,0]},"s3":{"30_27":0,"10_27":0,"30_40":0,"10_40":0},"s2":{"30_27":0,"10_27":0,"30_40":0,"10_40":0},"p3":{"30_27":0,"10_27":0,"30_40":0,"10_40":0}},"geometry":{"coordinates":[[[2.763,50.038],[2.807,50.063],[2.811,50.058],[2.822,50.068],[2.831,50.063],[2.834,50.072],[2.858,50.077],[2.855,50.062],[2.878,50.043],[2.849,50.029],[2.875,50.02],[2.879,50.03],[2.897,50.037],[2.917,50.035],[2.92,50.049],[2.933,50.043],[2.946,50.054],[2.969,50.049],[2.972,50.042],[3.015,50.059],[3.074,50.045],[3.09,50.054],[3.09,50.048],[3.117,50.038],[3.118,50.026],[3.15,50.027],[3.149,50.018],[3.167,50.021],[3.173,50.012],[3.156,49.992],[3.168,49.995],[3.167,49.987],[3.203,49.985],[3.163,49.965],[3.165,49.947],[3.123,49.924],[3.113,49.878],[3.088,49.866],[3.085,49.879],[3.075,49.879],[3.086,49.842],[3.055,49.832],[3.061,49.82],[3.085,49.818],[3.078,49.813],[3.088,49.803],[3.086,49.792],[3.062,49.782],[3.065,49.77],[3.101,49.767],[3.093,49.757],[3.101,49.733],[3.114,49.727],[3.123,49.708],[3.097,49.706],[3.084,49.69],[3.083,49.713],[3.052,49.714],[3.055,49.694],[3.04,49.697],[3.028,49.68],[2.997,49.708],[2.977,49.706],[2.974,49.697],[2.948,49.694],[2.955,49.665],[2.94,49.68],[2.935,49.677],[2.932,49.676],[2.931,49.676],[2.93,49.677],[2.938,49.681],[2.925,49.683],[2.93,49.69],[2.913,49.71],[2.906,49.7],[2.892,49.699],[2.887,49.711],[2.882,49.714],[2.866,49.703],[2.888,49.688],[2.889,49.671],[2.866,49.686],[2.843,49.658],[2.797,49.661],[2.789,49.64],[2.799,49.621],[2.787,49.612],[2.739,49.627],[2.72,49.621],[2.689,49.625],[2.688,49.614],[2.668,49.599],[2.671,49.581],[2.65,49.572],[2.629,49.58],[2.626,49.611],[2.593,49.612],[2.571,49.597],[2.559,49.605],[2.566,49.619],[2.541,49.616],[2.541,49.625],[2.516,49.629],[2.505,49.64],[2.478,49.621],[2.464,49.628],[2.473,49.636],[2.453,49.635],[2.436,49.656],[2.413,49.663],[2.371,49.656],[2.362,49.667],[2.351,49.661],[2.315,49.69],[2.302,49.681],[2.247,49.702],[2.152,49.702],[2.133,49.689],[2.082,49.694],[2.065,49.683],[2.05,49.686],[2.064,49.688],[2.059,49.697],[2.047,49.697],[2.035,49.711],[1.978,49.71],[1.972,49.72],[1.949,49.701],[1.933,49.72],[1.894,49.699],[1.849,49.702],[1.838,49.718],[1.82,49.723],[1.84,49.731],[1.84,49.739],[1.821,49.739],[1.809,49.754],[1.794,49.75],[1.774,49.777],[1.758,49.781],[1.717,49.848],[1.713,49.887],[1.693,49.894],[1.679,49.917],[1.604,49.943],[1.576,49.973],[1.527,49.995],[1.516,50.012],[1.455,50.038],[1.448,50.047],[1.456,50.044],[1.459,50.063],[1.45,50.07],[1.423,50.071],[1.409,50.057],[1.38,50.065],[1.454,50.109],[1.486,50.177],[1.504,50.197],[1.519,50.207],[1.512,50.202],[1.529,50.211],[1.527,50.21],[1.532,50.212],[1.535,50.213],[1.54,50.214],[1.543,50.214],[1.532,50.212],[1.52,50.205],[1.544,50.213],[1.562,50.217],[1.57,50.217],[1.572,50.217],[1.557,50.209],[1.593,50.184],[1.627,50.19],[1.647,50.177],[1.644,50.186],[1.665,50.178],[1.659,50.174],[1.675,50.175],[1.689,50.188],[1.677,50.194],[1.687,50.2],[1.677,50.21],[1.652,50.217],[1.622,50.215],[1.594,50.244],[1.595,50.258],[1.561,50.256],[1.549,50.26],[1.547,50.267],[1.545,50.267],[1.55,50.257],[1.54,50.27],[1.549,50.256],[1.541,50.26],[1.538,50.283],[1.55,50.355],[1.554,50.364],[1.559,50.367],[1.564,50.368],[1.559,50.365],[1.563,50.366],[1.561,50.365],[1.569,50.363],[1.571,50.362],[1.571,50.361],[1.563,50.357],[1.626,50.366],[1.646,50.348],[1.645,50.34],[1.662,50.338],[1.666,50.33],[1.693,50.338],[1.69,50.344],[1.694,50.339],[1.779,50.362],[1.852,50.343],[1.873,50.334],[1.881,50.318],[1.908,50.312],[1.946,50.332],[1.964,50.322],[1.963,50.312],[1.932,50.299],[1.95,50.286],[1.96,50.291],[2.012,50.267],[2.027,50.27],[2.048,50.257],[2.077,50.252],[2.063,50.235],[2.084,50.217],[2.088,50.2],[2.095,50.208],[2.114,50.203],[2.129,50.21],[2.149,50.191],[2.174,50.209],[2.213,50.219],[2.224,50.217],[2.225,50.208],[2.246,50.211],[2.27,50.229],[2.299,50.212],[2.32,50.22],[2.327,50.213],[2.331,50.223],[2.315,50.235],[2.333,50.239],[2.359,50.206],[2.404,50.234],[2.417,50.228],[2.451,50.231],[2.495,50.195],[2.451,50.179],[2.426,50.179],[2.413,50.162],[2.403,50.165],[2.389,50.155],[2.394,50.147],[2.382,50.14],[2.375,50.109],[2.39,50.106],[2.392,50.112],[2.428,50.088],[2.455,50.131],[2.515,50.141],[2.533,50.114],[2.557,50.143],[2.568,50.136],[2.587,50.137],[2.57,50.122],[2.576,50.113],[2.591,50.112],[2.593,50.107],[2.628,50.109],[2.638,50.097],[2.65,50.094],[2.657,50.101],[2.691,50.093],[2.704,50.081],[2.719,50.088],[2.696,50.102],[2.714,50.11],[2.707,50.126],[2.718,50.128],[2.75,50.112],[2.777,50.116],[2.781,50.111],[2.782,50.091],[2.759,50.068],[2.764,50.061],[2.742,50.048],[2.763,50.038]]],"type":"Polygon"}},{"type":"Feature","properties":{"c":"47","n":"Lot-et-Garonne","p":333602,"a":[0.5173,44.377],"pt":{"30_27":[100,32,4,0],"10_27":[2,0,0,0],"30_40":[100,69,2,0],"10_40":[6,0,0,0]},"s3":{"30_27":3,"10_27":0,"30_40":2,"10_40":0},"s2":{"30_27":32,"10_27":0,"30_40":69,"10_40":0},"p3":{"30_27":2,"10_27":0,"30_40":1,"10_40":0}},"geometry":{"coordinates":[[[0.929,44.23],[0.906,44.19],[0.862,44.194],[0.853,44.184],[0.853,44.175],[0.871,44.168],[0.89,44.172],[0.885,44.161],[0.894,44.138],[0.883,44.143],[0.881,44.13],[0.867,44.126],[0.82,44.144],[0.788,44.144],[0.799,44.111],[0.775,44.117],[0.756,44.107],[0.739,44.061],[0.708,44.058],[0.696,44.044],[0.685,44.046],[0.676,44.027],[0.661,44.024],[0.654,44.042],[0.632,44.05],[0.625,44.063],[0.592,44.08],[0.576,44.076],[0.555,44.055],[0.539,44.053],[0.512,44.063],[0.505,44.051],[0.502,44.057],[0.486,44.059],[0.484,44.053],[0.46,44.056],[0.443,44.029],[0.397,44.022],[0.381,44.006],[0.358,44.017],[0.327,44.007],[0.316,44.01],[0.318,43.995],[0.303,43.991],[0.257,44.008],[0.254,44.002],[0.232,44.01],[0.233,44.023],[0.206,44.021],[0.203,44.013],[0.19,44.015],[0.181,44.0],[0.164,43.995],[0.166,43.981],[0.157,43.973],[0.139,43.975],[0.142,43.994],[0.127,44.002],[0.117,43.988],[0.078,43.981],[0.061,44.008],[0.06,44.025],[0.072,44.025],[0.087,44.052],[0.083,44.064],[0.105,44.078],[0.101,44.088],[0.136,44.109],[0.136,44.124],[0.035,44.131],[-0.004,44.15],[-0.129,44.152],[-0.129,44.204],[-0.141,44.226],[-0.123,44.241],[-0.108,44.231],[-0.088,44.236],[-0.074,44.252],[-0.067,44.246],[-0.053,44.266],[-0.033,44.272],[-0.044,44.294],[-0.035,44.297],[-0.086,44.338],[-0.079,44.354],[-0.058,44.361],[-0.029,44.36],[-0.012,44.372],[0.015,44.367],[0.024,44.376],[0.007,44.382],[0.019,44.389],[-0.014,44.419],[-0.005,44.424],[-0.005,44.442],[0.008,44.449],[-0.0,44.46],[-0.013,44.461],[-0.016,44.505],[0.018,44.53],[-0.001,44.552],[0.021,44.542],[0.036,44.554],[0.07,44.549],[0.086,44.576],[0.082,44.584],[0.151,44.609],[0.14,44.641],[0.165,44.633],[0.183,44.66],[0.163,44.671],[0.134,44.666],[0.134,44.682],[0.103,44.686],[0.1,44.701],[0.118,44.713],[0.133,44.704],[0.14,44.737],[0.151,44.73],[0.175,44.734],[0.185,44.749],[0.192,44.749],[0.201,44.722],[0.219,44.725],[0.21,44.741],[0.233,44.766],[0.252,44.75],[0.297,44.762],[0.335,44.738],[0.348,44.72],[0.34,44.703],[0.36,44.69],[0.35,44.676],[0.352,44.654],[0.366,44.662],[0.375,44.653],[0.386,44.657],[0.417,44.645],[0.446,44.652],[0.471,44.67],[0.49,44.667],[0.512,44.679],[0.528,44.679],[0.548,44.665],[0.57,44.674],[0.585,44.699],[0.62,44.691],[0.63,44.707],[0.655,44.697],[0.659,44.677],[0.684,44.675],[0.763,44.679],[0.763,44.69],[0.786,44.685],[0.797,44.702],[0.827,44.692],[0.827,44.673],[0.852,44.669],[0.842,44.666],[0.845,44.654],[0.835,44.653],[0.839,44.636],[0.817,44.627],[0.829,44.613],[0.839,44.614],[0.834,44.6],[0.87,44.597],[0.877,44.616],[0.901,44.618],[0.94,44.64],[0.968,44.634],[0.98,44.645],[1.014,44.614],[1.073,44.596],[1.07,44.566],[1.045,44.562],[1.013,44.536],[1.009,44.547],[0.982,44.544],[1.016,44.506],[1.009,44.48],[1.024,44.473],[1.021,44.445],[1.033,44.441],[1.028,44.434],[1.057,44.428],[1.062,44.402],[1.051,44.392],[1.06,44.391],[1.062,44.365],[1.019,44.363],[0.997,44.369],[0.977,44.356],[0.951,44.362],[0.941,44.344],[0.937,44.37],[0.92,44.384],[0.896,44.382],[0.887,44.365],[0.894,44.343],[0.873,44.324],[0.869,44.309],[0.885,44.308],[0.895,44.297],[0.916,44.302],[0.926,44.287],[0.951,44.275],[0.94,44.263],[0.928,44.267],[0.934,44.249],[0.919,44.238],[0.929,44.23]]],"type":"Polygon"}},{"type":"Feature","properties":{"c":"72","n":"Sarthe","p":566733,"a":[0.2375,48.0248],"pt":{"30_27":[0,100,80,0],"10_27":[0,14,0,0],"30_40":[0,96,77,0],"10_40":[0,14,0,0]},"s3":{"30_27":0,"10_27":0,"30_40":0,"10_40":0},"s2":{"30_27":80,"10_27":0,"30_40":77,"10_40":0},"p3":{"30_27":0,"10_27":0,"30_40":0,"10_40":0}},"geometry":{"coordinates":[[[0.558,47.671],[0.544,47.657],[0.517,47.657],[0.498,47.645],[0.464,47.646],[0.45,47.619],[0.424,47.618],[0.383,47.643],[0.365,47.62],[0.383,47.61],[0.402,47.578],[0.378,47.568],[0.34,47.579],[0.322,47.595],[0.278,47.597],[0.259,47.612],[0.214,47.613],[0.206,47.604],[0.192,47.618],[0.183,47.597],[0.162,47.594],[0.146,47.582],[0.116,47.606],[0.06,47.604],[0.014,47.622],[-0.004,47.648],[-0.02,47.637],[-0.025,47.647],[-0.055,47.648],[-0.073,47.661],[-0.09,47.65],[-0.102,47.662],[-0.114,47.648],[-0.111,47.635],[-0.135,47.632],[-0.159,47.647],[-0.197,47.649],[-0.195,47.662],[-0.22,47.69],[-0.174,47.714],[-0.196,47.725],[-0.234,47.703],[-0.285,47.72],[-0.331,47.722],[-0.364,47.715],[-0.357,47.731],[-0.381,47.75],[-0.375,47.767],[-0.386,47.804],[-0.429,47.807],[-0.448,47.832],[-0.429,47.851],[-0.411,47.847],[-0.412,47.858],[-0.371,47.859],[-0.38,47.866],[-0.369,47.87],[-0.373,47.885],[-0.411,47.895],[-0.403,47.903],[-0.413,47.916],[-0.403,47.921],[-0.402,47.914],[-0.397,47.926],[-0.377,47.933],[-0.32,47.935],[-0.277,47.957],[-0.303,47.966],[-0.309,48.006],[-0.341,48.012],[-0.333,48.028],[-0.342,48.043],[-0.331,48.05],[-0.317,48.045],[-0.28,48.055],[-0.287,48.058],[-0.272,48.065],[-0.231,48.059],[-0.222,48.078],[-0.237,48.083],[-0.238,48.098],[-0.216,48.113],[-0.223,48.123],[-0.247,48.128],[-0.239,48.136],[-0.254,48.137],[-0.238,48.153],[-0.253,48.158],[-0.147,48.205],[-0.153,48.215],[-0.145,48.224],[-0.161,48.239],[-0.167,48.264],[-0.156,48.265],[-0.138,48.293],[-0.142,48.309],[-0.155,48.314],[-0.157,48.341],[-0.122,48.338],[-0.137,48.364],[-0.112,48.374],[-0.078,48.369],[-0.058,48.382],[-0.05,48.375],[-0.002,48.398],[0.016,48.381],[0.061,48.38],[0.054,48.392],[0.071,48.409],[0.1,48.41],[0.117,48.436],[0.157,48.44],[0.146,48.458],[0.171,48.449],[0.173,48.465],[0.19,48.462],[0.214,48.474],[0.249,48.474],[0.265,48.485],[0.301,48.481],[0.364,48.452],[0.383,48.425],[0.372,48.411],[0.388,48.349],[0.383,48.334],[0.406,48.315],[0.416,48.322],[0.431,48.307],[0.467,48.306],[0.481,48.299],[0.49,48.31],[0.507,48.295],[0.493,48.283],[0.513,48.267],[0.533,48.265],[0.536,48.249],[0.624,48.245],[0.634,48.234],[0.631,48.253],[0.64,48.261],[0.683,48.255],[0.704,48.219],[0.745,48.185],[0.761,48.18],[0.798,48.195],[0.796,48.188],[0.811,48.186],[0.837,48.167],[0.886,48.162],[0.917,48.139],[0.85,48.133],[0.855,48.123],[0.841,48.103],[0.812,48.095],[0.838,48.089],[0.848,48.095],[0.844,48.073],[0.794,48.07],[0.798,48.037],[0.842,48.03],[0.832,47.997],[0.819,47.986],[0.849,47.941],[0.814,47.932],[0.808,47.916],[0.817,47.913],[0.807,47.908],[0.818,47.893],[0.812,47.889],[0.795,47.9],[0.79,47.912],[0.76,47.9],[0.759,47.859],[0.774,47.851],[0.768,47.831],[0.746,47.828],[0.72,47.793],[0.691,47.783],[0.702,47.767],[0.677,47.77],[0.621,47.748],[0.609,47.725],[0.58,47.712],[0.596,47.688],[0.619,47.694],[0.615,47.683],[0.587,47.669],[0.558,47.671]]],"type":"Polygon"}},{"type":"Feature","properties":{"c":"84","n":"Vaucluse","p":572056,"a":[5.1809,43.9942],"pt":{"30_27":[89,74,100,100],"10_27":[78,42,100,14],"30_40":[89,70,100,100],"10_40":[81,43,100,13]},"s3":{"30_27":89,"10_27":42,"30_40":89,"10_40":43},"s2":{"30_27":100,"10_27":92,"30_40":100,"10_40":94},"p3":{"30_27":99,"10_27":68,"30_40":99,"10_40":65}},"geometry":{"coordinates":[[[[4.922,44.26],[5.061,44.308],[5.077,44.284],[5.108,44.277],[5.168,44.315],[5.168,44.29],[5.15,44.282],[5.146,44.272],[5.161,44.267],[5.155,44.23],[5.181,44.219],[5.23,44.212],[5.238,44.213],[5.241,44.231],[5.253,44.231],[5.303,44.206],[5.319,44.21],[5.337,44.203],[5.355,44.215],[5.385,44.201],[5.383,44.155],[5.436,44.153],[5.451,44.121],[5.499,44.116],[5.503,44.063],[5.545,44.07],[5.544,44.026],[5.518,43.992],[5.51,43.951],[5.545,43.939],[5.568,43.943],[5.581,43.915],[5.608,43.915],[5.573,43.862],[5.549,43.852],[5.544,43.818],[5.564,43.82],[5.575,43.83],[5.654,43.825],[5.686,43.787],[5.713,43.781],[5.716,43.756],[5.757,43.732],[5.716,43.692],[5.674,43.694],[5.607,43.659],[5.532,43.659],[5.439,43.681],[5.339,43.72],[5.317,43.736],[5.236,43.748],[5.188,43.735],[5.05,43.789],[5.03,43.827],[4.966,43.872],[4.902,43.888],[4.853,43.911],[4.739,43.924],[4.777,43.937],[4.812,43.962],[4.814,43.988],[4.843,43.987],[4.844,44.009],[4.82,44.017],[4.815,44.034],[4.788,44.053],[4.787,44.066],[4.76,44.075],[4.76,44.087],[4.727,44.078],[4.72,44.082],[4.706,44.108],[4.722,44.187],[4.706,44.193],[4.706,44.215],[4.675,44.214],[4.678,44.235],[4.65,44.261],[4.651,44.33],[4.679,44.321],[4.713,44.321],[4.718,44.327],[4.78,44.319],[4.805,44.304],[4.804,44.269],[4.821,44.229],[4.88,44.262],[4.922,44.26]]],[[[4.985,44.294],[4.922,44.309],[4.889,44.304],[4.882,44.325],[4.895,44.338],[4.869,44.345],[4.907,44.374],[4.918,44.408],[4.96,44.42],[4.972,44.432],[5.001,44.413],[5.019,44.416],[5.016,44.393],[5.035,44.391],[5.048,44.381],[5.072,44.381],[5.055,44.365],[5.024,44.36],[5.023,44.346],[5.009,44.334],[5.014,44.326],[4.996,44.32],[4.985,44.294]]]],"type":"MultiPolygon"}},{"type":"Feature","properties":{"c":"28","n":"Eure-et-Loir","p":433129,"a":[1.4092,48.4472],"pt":{"30_27":[0,51,71,0],"10_27":[0,0,8,0],"30_40":[0,30,66,0],"10_40":[0,0,0,0]},"s3":{"30_27":0,"10_27":0,"30_40":0,"10_40":0},"s2":{"30_27":36,"10_27":0,"30_40":24,"10_40":0},"p3":{"30_27":0,"10_27":0,"30_40":0,"10_40":0}},"geometry":{"coordinates":[[[1.627,48.748],[1.597,48.721],[1.587,48.71],[1.594,48.709],[1.576,48.703],[1.612,48.689],[1.603,48.663],[1.621,48.65],[1.643,48.651],[1.638,48.645],[1.667,48.613],[1.686,48.62],[1.687,48.611],[1.715,48.615],[1.719,48.606],[1.702,48.585],[1.709,48.578],[1.757,48.575],[1.769,48.559],[1.788,48.554],[1.776,48.514],[1.801,48.466],[1.837,48.467],[1.845,48.446],[1.871,48.44],[1.904,48.439],[1.929,48.457],[1.933,48.442],[1.943,48.441],[1.928,48.406],[1.978,48.402],[1.966,48.382],[1.98,48.378],[1.978,48.369],[1.989,48.364],[1.973,48.356],[1.968,48.341],[1.981,48.319],[1.959,48.307],[1.965,48.295],[1.982,48.295],[1.972,48.288],[1.995,48.283],[1.961,48.247],[1.963,48.223],[1.979,48.202],[1.971,48.19],[1.962,48.194],[1.967,48.202],[1.957,48.204],[1.951,48.195],[1.971,48.183],[1.971,48.171],[1.951,48.176],[1.941,48.168],[1.925,48.174],[1.914,48.167],[1.903,48.153],[1.905,48.146],[1.92,48.146],[1.913,48.129],[1.902,48.131],[1.884,48.098],[1.865,48.095],[1.866,48.084],[1.845,48.089],[1.83,48.079],[1.802,48.089],[1.798,48.077],[1.784,48.073],[1.78,48.078],[1.745,48.064],[1.738,48.07],[1.709,48.067],[1.689,48.078],[1.67,48.063],[1.659,48.077],[1.647,48.069],[1.624,48.07],[1.62,48.043],[1.597,48.043],[1.594,48.031],[1.546,48.045],[1.539,48.038],[1.551,48.035],[1.547,48.03],[1.523,48.035],[1.512,48.028],[1.527,48.007],[1.517,47.997],[1.525,47.993],[1.52,47.982],[1.439,48.012],[1.432,48.009],[1.437,47.977],[1.409,47.97],[1.387,47.981],[1.37,47.954],[1.346,47.965],[1.344,47.957],[1.309,47.954],[1.3,47.968],[1.265,47.962],[1.247,47.98],[1.196,47.968],[1.203,47.977],[1.191,47.984],[1.187,48.003],[1.159,48.018],[1.166,48.028],[1.123,48.036],[1.106,48.06],[1.112,48.081],[1.069,48.076],[1.063,48.087],[1.009,48.083],[0.995,48.088],[0.991,48.097],[1.004,48.106],[1.046,48.118],[1.041,48.132],[1.002,48.13],[0.949,48.098],[0.944,48.113],[0.91,48.103],[0.88,48.104],[0.877,48.11],[0.841,48.103],[0.855,48.123],[0.85,48.133],[0.917,48.139],[0.886,48.162],[0.841,48.165],[0.796,48.188],[0.809,48.198],[0.805,48.205],[0.831,48.211],[0.787,48.261],[0.793,48.284],[0.808,48.29],[0.779,48.303],[0.756,48.3],[0.786,48.341],[0.813,48.349],[0.828,48.342],[0.842,48.347],[0.84,48.353],[0.858,48.35],[0.871,48.36],[0.884,48.357],[0.901,48.374],[0.916,48.374],[0.93,48.391],[0.95,48.399],[0.944,48.417],[0.977,48.441],[0.958,48.443],[0.936,48.476],[0.956,48.482],[0.955,48.493],[0.941,48.499],[0.967,48.524],[0.923,48.538],[0.939,48.549],[0.926,48.56],[0.851,48.583],[0.847,48.61],[0.82,48.61],[0.832,48.633],[0.823,48.635],[0.824,48.65],[0.809,48.665],[0.827,48.681],[0.841,48.678],[0.864,48.688],[0.873,48.713],[0.89,48.72],[0.899,48.711],[0.921,48.709],[0.947,48.713],[0.978,48.731],[0.991,48.726],[1.017,48.728],[1.021,48.735],[1.034,48.729],[1.035,48.741],[1.064,48.759],[1.07,48.749],[1.087,48.757],[1.114,48.746],[1.118,48.766],[1.128,48.766],[1.121,48.789],[1.152,48.786],[1.158,48.769],[1.187,48.773],[1.223,48.758],[1.233,48.763],[1.223,48.767],[1.244,48.77],[1.26,48.758],[1.297,48.768],[1.329,48.761],[1.353,48.779],[1.375,48.781],[1.377,48.792],[1.356,48.817],[1.361,48.834],[1.404,48.861],[1.463,48.875],[1.472,48.897],[1.461,48.9],[1.448,48.925],[1.46,48.928],[1.461,48.938],[1.48,48.94],[1.491,48.936],[1.501,48.941],[1.514,48.922],[1.538,48.923],[1.539,48.905],[1.563,48.89],[1.546,48.87],[1.584,48.861],[1.577,48.845],[1.598,48.839],[1.579,48.83],[1.592,48.815],[1.577,48.805],[1.577,48.783],[1.588,48.774],[1.582,48.762],[1.608,48.761],[1.627,48.748]]],"type":"Polygon"}},{"type":"Feature","properties":{"c":"95","n":"Val-d'Oise","p":1281653,"a":[2.2111,49.0772],"pt":{"30_27":[0,31,51,0],"10_27":[0,0,0,0],"30_40":[0,0,0,0],"10_40":[0,0,0,0]},"s3":{"30_27":0,"10_27":0,"30_40":0,"10_40":0},"s2":{"30_27":23,"10_27":0,"30_40":0,"10_40":0},"p3":{"30_27":0,"10_27":0,"30_40":0,"10_40":0}},"geometry":{"coordinates":[[[2.579,49.092],[2.59,49.078],[2.571,49.061],[2.595,49.048],[2.577,49.047],[2.565,49.028],[2.535,49.024],[2.553,49.007],[2.532,49.005],[2.515,48.982],[2.487,48.967],[2.45,48.955],[2.407,48.956],[2.366,48.974],[2.353,48.966],[2.344,48.968],[2.333,48.955],[2.299,48.966],[2.292,48.951],[2.26,48.943],[2.2,48.909],[2.206,48.95],[2.175,48.952],[2.171,48.978],[2.121,48.993],[2.121,49.018],[2.11,49.009],[2.085,49.015],[2.075,49.002],[2.064,49.008],[2.024,48.998],[1.992,49.021],[1.947,49.027],[1.938,49.022],[1.908,49.048],[1.883,49.034],[1.882,49.02],[1.859,49.014],[1.865,49.022],[1.851,49.033],[1.865,49.057],[1.846,49.061],[1.829,49.076],[1.797,49.072],[1.791,49.058],[1.76,49.064],[1.751,49.048],[1.732,49.051],[1.723,49.045],[1.695,49.056],[1.697,49.066],[1.672,49.079],[1.644,49.082],[1.614,49.071],[1.609,49.078],[1.623,49.086],[1.617,49.094],[1.63,49.11],[1.658,49.132],[1.651,49.139],[1.67,49.17],[1.674,49.212],[1.704,49.229],[1.709,49.241],[1.712,49.233],[1.74,49.224],[1.734,49.211],[1.716,49.203],[1.737,49.195],[1.74,49.181],[1.755,49.175],[1.776,49.185],[1.791,49.18],[1.803,49.185],[1.812,49.174],[1.836,49.176],[1.836,49.164],[1.876,49.175],[1.887,49.163],[1.932,49.175],[1.95,49.17],[1.974,49.184],[2.003,49.176],[2.081,49.211],[2.079,49.206],[2.091,49.209],[2.089,49.194],[2.098,49.189],[2.116,49.187],[2.128,49.194],[2.136,49.179],[2.147,49.188],[2.165,49.18],[2.158,49.173],[2.169,49.164],[2.182,49.17],[2.176,49.176],[2.195,49.173],[2.219,49.181],[2.235,49.167],[2.217,49.154],[2.241,49.152],[2.286,49.16],[2.311,49.187],[2.359,49.147],[2.373,49.159],[2.391,49.149],[2.44,49.146],[2.435,49.134],[2.459,49.141],[2.472,49.135],[2.503,49.118],[2.49,49.106],[2.531,49.099],[2.533,49.12],[2.542,49.122],[2.538,49.118],[2.547,49.116],[2.557,49.124],[2.558,49.099],[2.579,49.092]]],"type":"Polygon"}},{"type":"Feature","properties":{"c":"49","n":"Maine-et-Loire","p":833776,"a":[-0.3831,47.4109],"pt":{"30_27":[3,100,99,0],"10_27":[0,93,0,0],"30_40":[0,100,100,0],"10_40":[0,94,0,0]},"s3":{"30_27":3,"10_27":0,"30_40":0,"10_40":0},"s2":{"30_27":99,"10_27":0,"30_40":100,"10_40":0},"p3":{"30_27":6,"10_27":0,"30_40":0,"10_40":0}},"geometry":{"coordinates":[[[[-0.13,47.055],[-0.147,47.07],[-0.166,47.065],[-0.179,47.07],[-0.146,47.092],[-0.141,47.104],[-0.18,47.108],[-0.206,47.093],[-0.241,47.106],[-0.263,47.099],[-0.263,47.106],[-0.335,47.088],[-0.354,47.095],[-0.385,47.087],[-0.396,47.092],[-0.407,47.066],[-0.427,47.073],[-0.461,47.069],[-0.48,47.053],[-0.485,47.066],[-0.459,47.082],[-0.493,47.083],[-0.558,47.064],[-0.556,47.043],[-0.542,47.033],[-0.562,47.03],[-0.565,47.02],[-0.595,46.998],[-0.646,46.992],[-0.672,47.003],[-0.68,46.988],[-0.697,46.995],[-0.716,46.984],[-0.743,47.001],[-0.743,46.992],[-0.762,46.992],[-0.772,47.005],[-0.787,47.005],[-0.808,46.987],[-0.812,46.995],[-0.836,46.986],[-0.843,46.99],[-0.861,46.969],[-0.892,46.976],[-0.903,46.994],[-0.915,46.993],[-0.92,47.003],[-0.935,47.002],[-0.929,47.008],[-0.961,46.995],[-0.978,47.019],[-0.982,47.011],[-1.002,47.022],[-1.016,47.004],[-1.055,47.004],[-1.067,47.013],[-1.074,47.008],[-1.144,47.025],[-1.148,47.029],[-1.117,47.04],[-1.115,47.063],[-1.154,47.072],[-1.17,47.093],[-1.249,47.098],[-1.225,47.119],[-1.239,47.137],[-1.205,47.145],[-1.162,47.178],[-1.162,47.187],[-1.178,47.194],[-1.174,47.214],[-1.189,47.22],[-1.181,47.241],[-1.198,47.253],[-1.23,47.239],[-1.254,47.248],[-1.278,47.271],[-1.275,47.291],[-1.296,47.306],[-1.337,47.3],[-1.354,47.304],[-1.297,47.339],[-1.189,47.352],[-1.166,47.366],[-1.07,47.371],[-1.017,47.365],[-0.975,47.371],[-0.947,47.387],[-0.961,47.418],[-0.947,47.428],[-0.968,47.469],[-0.959,47.481],[-0.966,47.492],[-1.006,47.488],[-1.044,47.506],[-1.039,47.548],[-1.05,47.547],[-1.06,47.556],[-1.052,47.558],[-1.056,47.565],[-1.042,47.562],[-1.043,47.569],[-1.019,47.577],[-1.01,47.593],[-1.071,47.605],[-1.101,47.621],[-1.138,47.619],[-1.157,47.636],[-1.16,47.661],[-1.182,47.664],[-1.175,47.695],[-1.19,47.699],[-1.182,47.704],[-1.195,47.708],[-1.195,47.722],[-1.215,47.719],[-1.255,47.731],[-1.256,47.743],[-1.242,47.743],[-1.234,47.756],[-1.25,47.765],[-1.241,47.809],[-1.214,47.803],[-1.171,47.779],[-1.14,47.775],[-1.14,47.782],[-1.125,47.784],[-1.032,47.771],[-1.022,47.778],[-1.013,47.767],[-0.982,47.762],[-0.952,47.767],[-0.955,47.779],[-0.972,47.783],[-0.952,47.797],[-0.895,47.775],[-0.893,47.764],[-0.839,47.752],[-0.84,47.768],[-0.816,47.771],[-0.783,47.75],[-0.76,47.754],[-0.748,47.739],[-0.735,47.737],[-0.71,47.745],[-0.669,47.741],[-0.654,47.733],[-0.611,47.736],[-0.585,47.759],[-0.533,47.751],[-0.52,47.764],[-0.519,47.788],[-0.485,47.78],[-0.454,47.756],[-0.429,47.768],[-0.41,47.765],[-0.416,47.781],[-0.375,47.76],[-0.375,47.739],[-0.357,47.731],[-0.362,47.714],[-0.331,47.722],[-0.285,47.72],[-0.235,47.703],[-0.202,47.725],[-0.174,47.716],[-0.22,47.688],[-0.195,47.662],[-0.197,47.649],[-0.159,47.647],[-0.148,47.636],[-0.111,47.635],[-0.114,47.648],[-0.102,47.662],[-0.09,47.65],[-0.073,47.661],[-0.055,47.648],[-0.025,47.647],[-0.02,47.637],[-0.002,47.647],[0.01,47.624],[0.036,47.619],[0.053,47.606],[0.116,47.606],[0.12,47.595],[0.132,47.597],[0.148,47.581],[0.162,47.594],[0.183,47.597],[0.186,47.617],[0.202,47.616],[0.206,47.604],[0.21,47.612],[0.224,47.612],[0.235,47.578],[0.215,47.573],[0.193,47.538],[0.214,47.524],[0.217,47.529],[0.226,47.527],[0.22,47.502],[0.181,47.453],[0.181,47.416],[0.153,47.399],[0.17,47.396],[0.167,47.386],[0.183,47.38],[0.14,47.362],[0.147,47.346],[0.138,47.336],[0.117,47.332],[0.114,47.318],[0.079,47.284],[0.09,47.282],[0.068,47.248],[0.079,47.217],[0.068,47.216],[0.053,47.197],[0.067,47.19],[0.063,47.176],[0.054,47.164],[0.049,47.169],[0.036,47.16],[0.019,47.176],[-0.005,47.162],[-0.041,47.114],[-0.027,47.106],[-0.036,47.087],[-0.041,47.094],[-0.086,47.101],[-0.101,47.086],[-0.102,47.065],[-0.13,47.055]]],[[[-0.743,47.742],[-0.74,47.74],[-0.741,47.74],[-0.743,47.742]]]],"type":"MultiPolygon"}},{"type":"Feature","properties":{"c":"23","n":"Creuse","p":115527,"a":[2.0486,46.0599],"pt":{"30_27":[0,0,0,13],"10_27":[0,0,0,0],"30_40":[0,0,0,15],"10_40":[0,0,0,0]},"s3":{"30_27":0,"10_27":0,"30_40":0,"10_40":0},"s2":{"30_27":0,"10_27":0,"30_40":0,"10_40":0},"p3":{"30_27":0,"10_27":0,"30_40":0,"10_40":0}},"geometry":{"coordinates":[[[2.224,45.696],[2.212,45.713],[2.211,45.702],[2.194,45.699],[2.208,45.716],[2.182,45.721],[2.163,45.736],[2.157,45.722],[2.133,45.736],[2.114,45.725],[2.097,45.734],[2.085,45.728],[2.084,45.746],[2.061,45.753],[2.052,45.765],[2.036,45.754],[2.001,45.749],[1.991,45.721],[1.957,45.725],[1.942,45.714],[1.949,45.706],[1.931,45.705],[1.922,45.714],[1.899,45.698],[1.88,45.711],[1.892,45.719],[1.888,45.727],[1.873,45.726],[1.886,45.745],[1.874,45.756],[1.903,45.768],[1.892,45.769],[1.888,45.79],[1.856,45.805],[1.854,45.813],[1.847,45.81],[1.836,45.826],[1.828,45.81],[1.797,45.832],[1.776,45.833],[1.781,45.853],[1.771,45.869],[1.757,45.867],[1.756,45.856],[1.731,45.842],[1.692,45.845],[1.66,45.834],[1.654,45.846],[1.602,45.857],[1.605,45.881],[1.591,45.883],[1.616,45.892],[1.619,45.881],[1.621,45.9],[1.632,45.889],[1.642,45.893],[1.625,45.916],[1.639,45.925],[1.626,45.926],[1.621,45.935],[1.618,45.929],[1.579,45.931],[1.581,45.918],[1.567,45.914],[1.558,45.922],[1.547,45.917],[1.531,45.932],[1.509,45.933],[1.509,45.94],[1.522,45.943],[1.52,45.952],[1.567,45.964],[1.577,45.978],[1.568,45.997],[1.538,45.997],[1.534,46.003],[1.536,46.026],[1.55,46.036],[1.532,46.058],[1.543,46.078],[1.526,46.078],[1.53,46.091],[1.513,46.094],[1.505,46.088],[1.499,46.106],[1.484,46.105],[1.491,46.12],[1.499,46.117],[1.508,46.125],[1.494,46.131],[1.496,46.143],[1.485,46.135],[1.473,46.149],[1.452,46.153],[1.465,46.161],[1.461,46.178],[1.416,46.176],[1.397,46.186],[1.395,46.199],[1.385,46.199],[1.384,46.212],[1.373,46.216],[1.394,46.239],[1.418,46.241],[1.421,46.249],[1.404,46.26],[1.415,46.271],[1.426,46.266],[1.438,46.272],[1.414,46.28],[1.426,46.299],[1.445,46.305],[1.437,46.321],[1.447,46.332],[1.411,46.345],[1.44,46.356],[1.435,46.365],[1.446,46.375],[1.466,46.376],[1.478,46.394],[1.498,46.394],[1.522,46.427],[1.544,46.419],[1.548,46.393],[1.579,46.411],[1.596,46.409],[1.599,46.42],[1.618,46.422],[1.614,46.399],[1.641,46.385],[1.684,46.418],[1.703,46.397],[1.727,46.391],[1.751,46.406],[1.76,46.427],[1.748,46.45],[1.785,46.455],[1.798,46.455],[1.82,46.43],[1.84,46.426],[1.855,46.434],[1.884,46.433],[1.888,46.442],[1.898,46.436],[1.914,46.443],[1.924,46.432],[1.979,46.442],[1.995,46.431],[2.074,46.42],[2.089,46.409],[2.103,46.41],[2.115,46.422],[2.251,46.426],[2.281,46.42],[2.288,46.382],[2.315,46.375],[2.331,46.379],[2.338,46.364],[2.323,46.368],[2.303,46.355],[2.311,46.352],[2.301,46.342],[2.312,46.342],[2.321,46.329],[2.355,46.326],[2.365,46.311],[2.388,46.332],[2.42,46.31],[2.414,46.297],[2.422,46.284],[2.433,46.296],[2.481,46.281],[2.477,46.27],[2.49,46.247],[2.516,46.24],[2.526,46.188],[2.56,46.173],[2.567,46.144],[2.547,46.113],[2.55,46.086],[2.57,46.047],[2.603,46.033],[2.593,45.99],[2.609,45.967],[2.563,45.956],[2.57,45.947],[2.551,45.941],[2.541,45.921],[2.558,45.913],[2.514,45.886],[2.502,45.889],[2.492,45.864],[2.47,45.873],[2.443,45.866],[2.448,45.846],[2.436,45.847],[2.431,45.834],[2.403,45.839],[2.388,45.827],[2.427,45.794],[2.445,45.758],[2.455,45.761],[2.492,45.742],[2.471,45.728],[2.472,45.719],[2.436,45.699],[2.41,45.71],[2.349,45.71],[2.349,45.693],[2.337,45.68],[2.321,45.678],[2.321,45.668],[2.308,45.677],[2.269,45.664],[2.271,45.692],[2.253,45.689],[2.232,45.7],[2.224,45.696]]],"type":"Polygon"}},{"type":"Feature","properties":{"c":"85","n":"Vendée","p":713609,"a":[-1.2853,46.674],"pt":{"30_27":[10,100,87,0],"10_27":[0,36,0,0],"30_40":[4,100,80,0],"10_40":[0,55,0,0]},"s3":{"30_27":10,"10_27":0,"30_40":4,"10_40":0},"s2":{"30_27":87,"10_27":0,"30_40":80,"10_40":0},"p3":{"30_27":6,"10_27":0,"30_40":1,"10_40":0}},"geometry":{"coordinates":[[[[-1.298,46.326],[-1.301,46.325],[-1.299,46.326],[-1.298,46.326]]],[[[-0.701,46.809],[-0.718,46.8],[-0.727,46.767],[-0.715,46.752],[-0.698,46.752],[-0.694,46.743],[-0.703,46.735],[-0.678,46.726],[-0.656,46.701],[-0.681,46.687],[-0.637,46.663],[-0.659,46.636],[-0.634,46.637],[-0.614,46.622],[-0.627,46.606],[-0.612,46.588],[-0.625,46.575],[-0.618,46.562],[-0.606,46.564],[-0.602,46.548],[-0.608,46.526],[-0.628,46.53],[-0.644,46.522],[-0.638,46.513],[-0.645,46.509],[-0.625,46.498],[-0.631,46.479],[-0.619,46.476],[-0.608,46.455],[-0.614,46.449],[-0.619,46.455],[-0.619,46.439],[-0.637,46.432],[-0.64,46.411],[-0.629,46.404],[-0.641,46.397],[-0.621,46.391],[-0.61,46.414],[-0.566,46.393],[-0.551,46.393],[-0.538,46.386],[-0.558,46.362],[-0.577,46.355],[-0.603,46.361],[-0.605,46.347],[-0.637,46.337],[-0.637,46.324],[-0.648,46.317],[-0.697,46.325],[-0.72,46.315],[-0.72,46.303],[-0.749,46.302],[-0.759,46.312],[-0.804,46.326],[-0.803,46.343],[-0.821,46.336],[-0.84,46.34],[-0.85,46.318],[-0.863,46.319],[-0.865,46.328],[-0.872,46.322],[-0.887,46.327],[-0.895,46.317],[-0.933,46.311],[-0.963,46.323],[-0.943,46.337],[-0.927,46.371],[-0.93,46.371],[-0.951,46.36],[-0.965,46.365],[-0.975,46.351],[-1.0,46.355],[-1.013,46.349],[-1.013,46.356],[-1.052,46.343],[-1.054,46.35],[-1.081,46.324],[-1.075,46.318],[-1.096,46.312],[-1.113,46.319],[-1.113,46.329],[-1.14,46.311],[-1.167,46.333],[-1.167,46.32],[-1.203,46.316],[-1.196,46.301],[-1.208,46.288],[-1.205,46.267],[-1.29,46.314],[-1.299,46.327],[-1.332,46.341],[-1.332,46.349],[-1.333,46.339],[-1.314,46.332],[-1.29,46.304],[-1.289,46.298],[-1.305,46.302],[-1.292,46.296],[-1.301,46.297],[-1.282,46.292],[-1.295,46.291],[-1.282,46.289],[-1.288,46.289],[-1.28,46.286],[-1.287,46.288],[-1.294,46.291],[-1.302,46.296],[-1.329,46.328],[-1.354,46.343],[-1.334,46.335],[-1.358,46.348],[-1.373,46.349],[-1.387,46.341],[-1.423,46.348],[-1.438,46.34],[-1.466,46.343],[-1.487,46.38],[-1.512,46.403],[-1.54,46.41],[-1.585,46.409],[-1.579,46.406],[-1.652,46.421],[-1.645,46.434],[-1.68,46.438],[-1.757,46.475],[-1.777,46.493],[-1.792,46.491],[-1.789,46.504],[-1.797,46.499],[-1.792,46.487],[-1.812,46.494],[-1.857,46.61],[-1.898,46.64],[-1.942,46.692],[-1.954,46.691],[-1.947,46.696],[-1.934,46.692],[-1.934,46.696],[-1.947,46.698],[-1.966,46.692],[-1.981,46.719],[-2.021,46.75],[-2.141,46.818],[-2.157,46.888],[-2.115,46.899],[-2.119,46.907],[-2.106,46.92],[-2.076,46.934],[-2.081,46.938],[-2.071,46.935],[-2.075,46.94],[-2.045,46.968],[-2.034,46.969],[-2.045,46.969],[-2.046,46.978],[-2.03,46.99],[-2.038,46.997],[-2.027,46.997],[-2.034,46.999],[-2.029,47.01],[-1.972,47.029],[-1.942,46.994],[-1.917,46.992],[-1.917,46.975],[-1.899,46.961],[-1.866,46.952],[-1.828,46.953],[-1.832,46.932],[-1.78,46.925],[-1.746,46.928],[-1.737,46.896],[-1.723,46.884],[-1.687,46.891],[-1.665,46.875],[-1.605,46.876],[-1.549,46.86],[-1.546,46.875],[-1.527,46.873],[-1.501,46.883],[-1.502,46.893],[-1.53,46.907],[-1.546,46.925],[-1.529,46.923],[-1.519,46.935],[-1.555,46.979],[-1.543,47.001],[-1.552,47.019],[-1.524,47.023],[-1.492,47.042],[-1.472,47.031],[-1.46,46.992],[-1.477,46.982],[-1.457,46.954],[-1.472,46.933],[-1.449,46.928],[-1.413,46.945],[-1.365,46.957],[-1.359,46.981],[-1.378,46.992],[-1.363,47.006],[-1.379,47.031],[-1.366,47.042],[-1.342,47.04],[-1.346,47.046],[-1.32,47.035],[-1.3,47.034],[-1.296,47.044],[-1.305,47.041],[-1.288,47.057],[-1.288,47.076],[-1.269,47.085],[-1.201,47.04],[-1.157,47.034],[-1.111,47.016],[-1.016,47.004],[-1.002,47.022],[-0.982,47.011],[-0.976,47.018],[-0.961,46.995],[-0.933,47.009],[-0.928,47.005],[-0.933,47.005],[-0.935,47.002],[-0.916,47.002],[-0.915,46.993],[-0.904,46.995],[-0.893,46.984],[-0.902,46.967],[-0.878,46.969],[-0.884,46.962],[-0.876,46.956],[-0.864,46.962],[-0.869,46.956],[-0.86,46.949],[-0.876,46.955],[-0.88,46.946],[-0.85,46.946],[-0.858,46.935],[-0.848,46.941],[-0.841,46.929],[-0.829,46.933],[-0.821,46.918],[-0.807,46.92],[-0.832,46.885],[-0.817,46.881],[-0.782,46.843],[-0.733,46.822],[-0.709,46.822],[-0.701,46.809]]],[[[-2.37,46.699],[-2.369,46.7],[-2.368,46.7],[-2.369,46.699],[-2.37,46.699]]],[[[-2.378,46.701],[-2.401,46.726],[-2.374,46.734],[-2.347,46.73],[-2.339,46.719],[-2.318,46.72],[-2.282,46.691],[-2.312,46.696],[-2.333,46.686],[-2.342,46.694],[-2.351,46.691],[-2.369,46.702],[-2.378,46.701]]],[[[-2.393,46.71],[-2.393,46.71],[-2.394,46.71],[-2.393,46.71]]],[[[-2.401,46.725],[-2.4,46.725],[-2.401,46.724],[-2.401,46.725]]],[[[-2.215,46.962],[-2.263,46.96],[-2.302,46.99],[-2.292,47.012],[-2.307,47.025],[-2.254,47.028],[-2.222,47.014],[-2.219,46.99],[-2.241,46.999],[-2.248,47.0],[-2.234,46.992],[-2.245,46.988],[-2.246,46.985],[-2.239,46.99],[-2.237,46.989],[-2.236,46.99],[-2.234,46.989],[-2.232,46.99],[-2.224,46.989],[-2.222,46.989],[-2.237,46.985],[-2.23,46.973],[-2.157,46.95],[-2.147,46.934],[-2.149,46.894],[-2.166,46.905],[-2.183,46.938],[-2.215,46.962]]],[[[-2.36,47.042],[-2.358,47.042],[-2.355,47.038],[-2.36,47.042]]],[[[-1.275,46.285],[-1.271,46.285],[-1.27,46.284],[-1.273,46.284],[-1.275,46.285]]],[[[-1.274,46.285],[-1.275,46.285],[-1.276,46.285],[-1.274,46.285]]],[[[-1.285,46.288],[-1.282,46.288],[-1.283,46.288],[-1.285,46.288]]],[[[-1.28,46.289],[-1.279,46.289],[-1.277,46.289],[-1.278,46.289],[-1.28,46.289],[-1.28,46.289]]],[[[-1.284,46.294],[-1.284,46.294],[-1.283,46.295],[-1.284,46.294]]],[[[-1.285,46.294],[-1.284,46.294],[-1.285,46.294],[-1.285,46.294]]],[[[-1.292,46.296],[-1.29,46.296],[-1.289,46.297],[-1.29,46.296],[-1.292,46.296]]],[[[-1.117,46.325],[-1.116,46.325],[-1.115,46.325],[-1.117,46.325]]]],"type":"MultiPolygon"}},{"type":"Feature","properties":{"c":"60","n":"Oise","p":829899,"a":[2.4051,49.4141],"pt":{"30_27":[0,2,17,0],"10_27":[0,0,0,0],"30_40":[0,0,0,0],"10_40":[0,0,0,0]},"s3":{"30_27":0,"10_27":0,"30_40":0,"10_40":0},"s2":{"30_27":1,"10_27":0,"30_40":0,"10_40":0},"p3":{"30_27":0,"10_27":0,"30_40":0,"10_40":0}},"geometry":{"coordinates":[[[[2.997,49.191],[2.999,49.193],[3.0,49.189],[2.997,49.191]]],[[[2.983,49.217],[2.993,49.223],[3.004,49.219],[2.99,49.211],[2.983,49.217]]],[[[3.044,49.226],[3.047,49.229],[3.048,49.228],[3.044,49.226]]],[[[2.884,49.714],[2.892,49.699],[2.906,49.7],[2.913,49.71],[2.93,49.69],[2.925,49.683],[2.938,49.681],[2.93,49.677],[2.94,49.68],[2.955,49.665],[2.948,49.694],[2.974,49.697],[2.989,49.708],[3.028,49.68],[3.04,49.697],[3.055,49.694],[3.052,49.714],[3.083,49.713],[3.084,49.69],[3.101,49.707],[3.118,49.706],[3.126,49.697],[3.114,49.684],[3.128,49.662],[3.117,49.667],[3.098,49.657],[3.113,49.631],[3.094,49.622],[3.122,49.604],[3.141,49.575],[3.126,49.573],[3.134,49.56],[3.126,49.523],[3.095,49.514],[3.122,49.494],[3.124,49.48],[3.107,49.476],[3.107,49.468],[3.161,49.452],[3.165,49.441],[3.131,49.432],[3.101,49.439],[3.094,49.434],[3.095,49.377],[3.077,49.371],[3.075,49.349],[3.044,49.329],[3.036,49.326],[3.002,49.34],[2.965,49.322],[2.98,49.311],[2.968,49.303],[2.994,49.298],[2.986,49.288],[3.021,49.29],[3.017,49.28],[3.028,49.29],[3.037,49.286],[3.026,49.259],[3.042,49.23],[3.021,49.216],[3.015,49.223],[3.004,49.222],[3.016,49.23],[3.003,49.236],[2.965,49.233],[2.958,49.227],[2.971,49.214],[2.972,49.188],[2.984,49.184],[2.993,49.196],[2.997,49.187],[3.006,49.183],[3.016,49.183],[3.023,49.17],[3.038,49.169],[3.026,49.193],[3.009,49.184],[2.997,49.2],[3.003,49.206],[2.994,49.209],[3.018,49.217],[3.035,49.205],[3.046,49.21],[3.065,49.205],[3.056,49.2],[3.064,49.193],[3.074,49.197],[3.084,49.193],[3.082,49.165],[3.093,49.155],[3.1,49.155],[3.084,49.173],[3.101,49.198],[3.117,49.189],[3.108,49.166],[3.116,49.17],[3.122,49.162],[3.148,49.161],[3.128,49.145],[3.105,49.148],[3.117,49.139],[3.111,49.132],[3.094,49.142],[3.098,49.131],[3.056,49.102],[3.066,49.085],[3.009,49.092],[2.983,49.071],[2.968,49.092],[2.946,49.088],[2.941,49.077],[2.902,49.085],[2.896,49.077],[2.856,49.07],[2.845,49.085],[2.822,49.086],[2.809,49.098],[2.784,49.089],[2.789,49.083],[2.769,49.083],[2.787,49.076],[2.778,49.07],[2.735,49.061],[2.724,49.081],[2.696,49.065],[2.678,49.088],[2.641,49.099],[2.634,49.109],[2.622,49.095],[2.584,49.08],[2.579,49.092],[2.558,49.099],[2.553,49.125],[2.547,49.116],[2.538,49.118],[2.542,49.122],[2.533,49.12],[2.531,49.099],[2.49,49.106],[2.503,49.118],[2.472,49.135],[2.459,49.141],[2.435,49.134],[2.44,49.146],[2.391,49.149],[2.373,49.159],[2.359,49.147],[2.311,49.187],[2.286,49.16],[2.232,49.151],[2.217,49.154],[2.235,49.167],[2.219,49.181],[2.195,49.173],[2.176,49.176],[2.182,49.17],[2.169,49.164],[2.158,49.173],[2.165,49.18],[2.147,49.188],[2.136,49.179],[2.128,49.194],[2.116,49.187],[2.098,49.189],[2.089,49.194],[2.091,49.209],[2.079,49.206],[2.081,49.211],[2.003,49.176],[1.974,49.184],[1.95,49.17],[1.932,49.175],[1.883,49.163],[1.876,49.175],[1.836,49.164],[1.836,49.176],[1.812,49.174],[1.803,49.185],[1.791,49.18],[1.776,49.185],[1.755,49.175],[1.74,49.181],[1.737,49.195],[1.716,49.203],[1.734,49.211],[1.74,49.224],[1.712,49.233],[1.713,49.241],[1.699,49.235],[1.709,49.265],[1.759,49.272],[1.767,49.252],[1.79,49.247],[1.803,49.272],[1.794,49.274],[1.798,49.288],[1.772,49.291],[1.774,49.337],[1.758,49.357],[1.761,49.366],[1.72,49.394],[1.74,49.406],[1.714,49.407],[1.725,49.441],[1.776,49.471],[1.772,49.485],[1.789,49.49],[1.79,49.503],[1.759,49.511],[1.745,49.489],[1.74,49.5],[1.716,49.504],[1.741,49.519],[1.735,49.525],[1.748,49.539],[1.723,49.544],[1.73,49.561],[1.714,49.578],[1.698,49.572],[1.701,49.58],[1.69,49.58],[1.72,49.582],[1.722,49.589],[1.709,49.587],[1.694,49.601],[1.722,49.624],[1.699,49.645],[1.721,49.659],[1.723,49.672],[1.752,49.681],[1.743,49.702],[1.705,49.681],[1.689,49.695],[1.714,49.706],[1.713,49.734],[1.723,49.73],[1.746,49.739],[1.739,49.749],[1.75,49.764],[1.764,49.757],[1.791,49.758],[1.794,49.75],[1.809,49.754],[1.821,49.739],[1.84,49.739],[1.84,49.731],[1.82,49.723],[1.838,49.718],[1.849,49.702],[1.894,49.699],[1.933,49.72],[1.949,49.701],[1.972,49.72],[1.978,49.71],[2.035,49.711],[2.047,49.697],[2.059,49.697],[2.064,49.688],[2.048,49.688],[2.056,49.684],[2.082,49.694],[2.124,49.688],[2.152,49.702],[2.182,49.704],[2.204,49.698],[2.247,49.702],[2.302,49.681],[2.315,49.69],[2.351,49.661],[2.362,49.667],[2.371,49.656],[2.388,49.656],[2.413,49.663],[2.445,49.653],[2.453,49.635],[2.473,49.636],[2.464,49.628],[2.478,49.621],[2.505,49.64],[2.516,49.629],[2.541,49.625],[2.541,49.616],[2.566,49.619],[2.559,49.605],[2.571,49.597],[2.593,49.612],[2.626,49.611],[2.629,49.58],[2.65,49.572],[2.671,49.581],[2.668,49.599],[2.688,49.614],[2.689,49.625],[2.72,49.621],[2.739,49.627],[2.787,49.612],[2.799,49.621],[2.789,49.64],[2.797,49.661],[2.843,49.658],[2.866,49.686],[2.889,49.671],[2.888,49.688],[2.866,49.703],[2.884,49.714]]]],"type":"MultiPolygon"}},{"type":"Feature","properties":{"c":"31","n":"Haute-Garonne","p":1471468,"a":[0.98,43.304],"pt":{"30_27":[82,61,63,11],"10_27":[51,16,37,0],"30_40":[85,72,65,10],"10_40":[60,17,43,0]},"s3":{"30_27":56,"10_27":13,"30_40":63,"10_40":12},"s2":{"30_27":68,"10_27":39,"30_40":74,"10_40":46},"p3":{"30_27":92,"10_27":64,"30_40":94,"10_40":63}},"geometry":{"coordinates":[[[1.59,43.815],[1.65,43.795],[1.641,43.779],[1.656,43.769],[1.651,43.751],[1.707,43.716],[1.682,43.701],[1.661,43.706],[1.664,43.694],[1.721,43.688],[1.731,43.663],[1.692,43.642],[1.692,43.623],[1.721,43.618],[1.749,43.601],[1.766,43.603],[1.789,43.583],[1.84,43.578],[1.851,43.549],[1.88,43.54],[1.871,43.534],[1.893,43.512],[1.968,43.491],[1.99,43.478],[2.016,43.488],[2.016,43.51],[2.038,43.499],[2.042,43.512],[2.048,43.485],[2.02,43.474],[2.014,43.45],[2.04,43.424],[2.021,43.423],[1.988,43.407],[1.972,43.421],[1.966,43.415],[1.958,43.426],[1.949,43.419],[1.934,43.425],[1.919,43.421],[1.905,43.393],[1.896,43.397],[1.905,43.408],[1.897,43.418],[1.856,43.444],[1.843,43.433],[1.842,43.415],[1.828,43.419],[1.817,43.411],[1.826,43.395],[1.803,43.393],[1.811,43.382],[1.802,43.366],[1.817,43.35],[1.814,43.341],[1.782,43.346],[1.773,43.337],[1.751,43.35],[1.733,43.335],[1.723,43.342],[1.736,43.314],[1.704,43.303],[1.716,43.295],[1.697,43.276],[1.674,43.281],[1.664,43.273],[1.65,43.261],[1.654,43.243],[1.635,43.237],[1.637,43.255],[1.607,43.26],[1.571,43.276],[1.565,43.253],[1.547,43.278],[1.519,43.269],[1.518,43.289],[1.512,43.294],[1.506,43.286],[1.496,43.293],[1.489,43.259],[1.504,43.249],[1.493,43.237],[1.509,43.222],[1.487,43.228],[1.468,43.209],[1.416,43.226],[1.429,43.254],[1.376,43.288],[1.363,43.308],[1.373,43.31],[1.332,43.316],[1.318,43.296],[1.305,43.298],[1.303,43.286],[1.293,43.289],[1.302,43.272],[1.294,43.264],[1.331,43.263],[1.318,43.251],[1.349,43.243],[1.373,43.245],[1.383,43.229],[1.368,43.209],[1.346,43.212],[1.328,43.205],[1.321,43.19],[1.274,43.196],[1.251,43.183],[1.244,43.19],[1.229,43.187],[1.228,43.174],[1.214,43.162],[1.219,43.153],[1.274,43.148],[1.303,43.123],[1.291,43.124],[1.28,43.11],[1.26,43.109],[1.262,43.092],[1.224,43.086],[1.207,43.12],[1.175,43.141],[1.166,43.13],[1.147,43.137],[1.124,43.157],[1.113,43.145],[1.09,43.142],[1.088,43.134],[1.06,43.138],[1.053,43.145],[1.039,43.1],[1.001,43.114],[1.004,43.104],[0.991,43.093],[1.007,43.082],[0.997,43.072],[0.979,43.073],[0.984,43.051],[0.995,43.046],[0.993,43.04],[0.984,43.045],[0.987,43.025],[1.022,43.01],[1.003,43.005],[0.975,42.973],[0.906,42.957],[0.875,42.958],[0.884,42.932],[0.845,42.926],[0.827,42.916],[0.844,42.89],[0.835,42.872],[0.848,42.866],[0.858,42.826],[0.802,42.841],[0.777,42.836],[0.709,42.861],[0.678,42.855],[0.679,42.848],[0.659,42.838],[0.67,42.824],[0.67,42.802],[0.645,42.783],[0.667,42.775],[0.639,42.755],[0.664,42.75],[0.679,42.726],[0.677,42.691],[0.618,42.696],[0.597,42.706],[0.588,42.695],[0.527,42.703],[0.516,42.691],[0.478,42.7],[0.485,42.71],[0.449,42.734],[0.463,42.743],[0.455,42.772],[0.464,42.804],[0.455,42.817],[0.467,42.847],[0.46,42.852],[0.472,42.859],[0.477,42.878],[0.534,42.861],[0.562,42.861],[0.576,42.871],[0.6,42.927],[0.646,42.96],[0.618,42.974],[0.611,42.988],[0.628,42.998],[0.608,43.034],[0.593,43.035],[0.592,43.022],[0.567,43.021],[0.542,43.001],[0.528,43.005],[0.538,43.042],[0.547,43.045],[0.563,43.036],[0.567,43.037],[0.553,43.066],[0.564,43.074],[0.532,43.083],[0.533,43.094],[0.501,43.096],[0.503,43.106],[0.489,43.115],[0.453,43.111],[0.464,43.118],[0.442,43.131],[0.522,43.192],[0.527,43.199],[0.506,43.198],[0.518,43.213],[0.552,43.209],[0.574,43.22],[0.573,43.233],[0.55,43.236],[0.597,43.274],[0.614,43.277],[0.617,43.289],[0.636,43.296],[0.607,43.311],[0.612,43.316],[0.654,43.315],[0.717,43.381],[0.734,43.371],[0.748,43.384],[0.754,43.389],[0.745,43.395],[0.759,43.404],[0.748,43.421],[0.807,43.4],[0.82,43.417],[0.917,43.406],[0.944,43.381],[0.96,43.389],[0.968,43.369],[0.989,43.365],[1.006,43.38],[0.998,43.383],[0.993,43.409],[1.003,43.416],[1.023,43.412],[1.03,43.418],[1.019,43.431],[1.045,43.459],[1.018,43.474],[1.033,43.487],[1.052,43.487],[1.046,43.496],[1.056,43.494],[1.059,43.506],[1.073,43.505],[1.05,43.516],[1.058,43.527],[1.069,43.522],[1.076,43.527],[1.051,43.541],[1.088,43.547],[1.097,43.533],[1.118,43.545],[1.112,43.557],[1.156,43.557],[1.161,43.575],[1.199,43.569],[1.202,43.597],[1.18,43.615],[1.161,43.604],[1.143,43.621],[1.148,43.635],[1.141,43.642],[1.116,43.637],[1.096,43.642],[1.088,43.645],[1.101,43.661],[1.075,43.662],[1.049,43.675],[1.064,43.703],[1.039,43.714],[1.028,43.71],[1.024,43.723],[0.99,43.74],[0.992,43.746],[0.956,43.774],[0.956,43.789],[0.98,43.786],[0.992,43.797],[1.026,43.798],[1.036,43.804],[1.057,43.798],[1.083,43.816],[1.111,43.805],[1.11,43.796],[1.15,43.822],[1.18,43.795],[1.217,43.792],[1.218,43.782],[1.206,43.775],[1.213,43.768],[1.274,43.785],[1.281,43.791],[1.267,43.798],[1.278,43.803],[1.282,43.796],[1.311,43.8],[1.36,43.817],[1.355,43.836],[1.327,43.838],[1.314,43.832],[1.294,43.846],[1.319,43.858],[1.331,43.851],[1.36,43.851],[1.365,43.856],[1.348,43.869],[1.365,43.89],[1.393,43.881],[1.405,43.885],[1.418,43.871],[1.449,43.87],[1.477,43.908],[1.492,43.887],[1.499,43.888],[1.515,43.906],[1.524,43.904],[1.533,43.922],[1.556,43.918],[1.547,43.902],[1.564,43.872],[1.555,43.869],[1.572,43.849],[1.593,43.843],[1.59,43.815]]],"type":"Polygon"}},{"type":"Feature","properties":{"c":"39","n":"Jura","p":257973,"a":[5.7829,46.7786],"pt":{"30_27":[26,0,0,82],"10_27":[0,0,0,22],"30_40":[26,0,0,87],"10_40":[0,0,0,23]},"s3":{"30_27":0,"10_27":0,"30_40":0,"10_40":0},"s2":{"30_27":14,"10_27":0,"30_40":18,"10_40":0},"p3":{"30_27":0,"10_27":0,"30_40":0,"10_40":0}},"geometry":{"coordinates":[[[[5.3,47.06],[5.312,47.058],[5.335,47.078],[5.386,47.082],[5.411,47.115],[5.409,47.127],[5.439,47.142],[5.459,47.183],[5.445,47.2],[5.481,47.218],[5.474,47.231],[5.486,47.243],[5.478,47.256],[5.488,47.289],[5.505,47.283],[5.523,47.306],[5.532,47.284],[5.559,47.278],[5.555,47.269],[5.572,47.269],[5.578,47.253],[5.602,47.262],[5.625,47.253],[5.665,47.266],[5.669,47.275],[5.691,47.272],[5.719,47.241],[5.72,47.22],[5.738,47.201],[5.754,47.206],[5.761,47.193],[5.78,47.193],[5.785,47.171],[5.81,47.17],[5.813,47.15],[5.828,47.141],[5.788,47.096],[5.771,47.094],[5.785,47.055],[5.764,47.045],[5.746,47.057],[5.737,47.055],[5.753,47.04],[5.741,47.031],[5.743,47.023],[5.763,47.011],[5.791,47.022],[5.798,47.043],[5.811,47.047],[5.814,47.017],[5.84,47.015],[5.847,47.003],[5.856,47.009],[5.876,47.006],[5.897,46.996],[5.911,46.999],[5.916,47.013],[5.922,47.014],[5.918,46.979],[5.95,46.99],[5.944,46.98],[5.976,46.976],[5.98,46.964],[5.956,46.949],[5.997,46.934],[5.981,46.908],[6.009,46.896],[6.006,46.873],[6.019,46.868],[6.022,46.875],[6.031,46.874],[6.023,46.853],[6.047,46.846],[6.065,46.86],[6.087,46.85],[6.087,46.843],[6.106,46.846],[6.152,46.821],[6.162,46.803],[6.176,46.802],[6.203,46.773],[6.207,46.765],[6.184,46.755],[6.18,46.742],[6.07,46.69],[6.106,46.651],[6.059,46.626],[6.065,46.613],[6.048,46.608],[6.124,46.558],[6.138,46.558],[6.157,46.545],[6.153,46.537],[6.121,46.517],[6.097,46.481],[6.073,46.465],[6.086,46.444],[6.064,46.416],[6.015,46.376],[5.984,46.364],[5.941,46.309],[5.922,46.312],[5.909,46.284],[5.895,46.287],[5.869,46.265],[5.864,46.271],[5.853,46.261],[5.768,46.268],[5.725,46.261],[5.715,46.309],[5.685,46.311],[5.668,46.324],[5.644,46.325],[5.643,46.345],[5.632,46.331],[5.612,46.325],[5.596,46.296],[5.565,46.294],[5.542,46.27],[5.474,46.264],[5.457,46.275],[5.475,46.315],[5.467,46.323],[5.437,46.315],[5.424,46.348],[5.405,46.31],[5.402,46.339],[5.38,46.346],[5.377,46.364],[5.362,46.37],[5.378,46.382],[5.363,46.394],[5.341,46.402],[5.334,46.397],[5.299,46.413],[5.315,46.416],[5.307,46.422],[5.325,46.428],[5.311,46.447],[5.323,46.463],[5.373,46.46],[5.384,46.471],[5.398,46.467],[5.418,46.476],[5.42,46.502],[5.408,46.5],[5.385,46.516],[5.358,46.52],[5.356,46.562],[5.368,46.567],[5.367,46.58],[5.406,46.582],[5.414,46.601],[5.396,46.611],[5.419,46.616],[5.441,46.637],[5.413,46.654],[5.427,46.66],[5.421,46.673],[5.395,46.685],[5.408,46.699],[5.394,46.708],[5.394,46.729],[5.361,46.731],[5.367,46.752],[5.39,46.771],[5.372,46.777],[5.371,46.786],[5.333,46.796],[5.327,46.815],[5.342,46.82],[5.339,46.826],[5.351,46.814],[5.369,46.826],[5.408,46.833],[5.417,46.827],[5.463,46.827],[5.465,46.841],[5.457,46.845],[5.461,46.855],[5.435,46.861],[5.45,46.856],[5.445,46.852],[5.402,46.869],[5.399,46.893],[5.362,46.883],[5.351,46.893],[5.336,46.885],[5.329,46.888],[5.307,46.924],[5.308,46.938],[5.289,46.941],[5.262,46.927],[5.264,46.938],[5.252,46.944],[5.265,46.958],[5.253,46.979],[5.274,46.998],[5.3,47.002],[5.304,47.012],[5.318,47.013],[5.275,47.027],[5.3,47.06]]],[[[5.449,46.848],[5.44,46.849],[5.442,46.852],[5.449,46.848]]],[[[5.456,46.851],[5.452,46.854],[5.458,46.854],[5.456,46.851]]]],"type":"MultiPolygon"}},{"type":"Feature","properties":{"c":"87","n":"Haute-Vienne","p":373167,"a":[1.1779,45.9174],"pt":{"30_27":[3,4,0,16],"10_27":[0,0,0,0],"30_40":[2,3,0,19],"10_40":[0,0,0,0]},"s3":{"30_27":0,"10_27":0,"30_40":0,"10_40":0},"s2":{"30_27":2,"10_27":0,"30_40":0,"10_40":0},"p3":{"30_27":0,"10_27":0,"30_40":0,"10_40":0}},"geometry":{"coordinates":[[[1.71,45.642],[1.638,45.58],[1.595,45.578],[1.583,45.555],[1.555,45.549],[1.551,45.557],[1.519,45.565],[1.518,45.555],[1.493,45.549],[1.492,45.561],[1.48,45.566],[1.475,45.553],[1.452,45.553],[1.454,45.539],[1.441,45.521],[1.433,45.52],[1.425,45.531],[1.407,45.527],[1.389,45.496],[1.366,45.488],[1.35,45.467],[1.285,45.49],[1.286,45.48],[1.263,45.468],[1.264,45.452],[1.243,45.437],[1.228,45.458],[1.209,45.463],[1.178,45.457],[1.176,45.472],[1.161,45.479],[1.136,45.47],[1.125,45.479],[1.12,45.474],[1.119,45.488],[1.134,45.505],[1.168,45.525],[1.12,45.548],[1.082,45.532],[1.063,45.555],[1.045,45.557],[1.032,45.58],[1.042,45.586],[1.023,45.61],[0.997,45.615],[0.98,45.603],[0.946,45.615],[0.914,45.604],[0.906,45.609],[0.898,45.6],[0.869,45.624],[0.844,45.583],[0.811,45.576],[0.807,45.595],[0.779,45.591],[0.751,45.617],[0.763,45.629],[0.776,45.668],[0.763,45.668],[0.743,45.69],[0.725,45.696],[0.702,45.687],[0.695,45.692],[0.668,45.686],[0.654,45.689],[0.652,45.699],[0.64,45.698],[0.629,45.715],[0.633,45.721],[0.645,45.716],[0.652,45.741],[0.665,45.74],[0.666,45.748],[0.688,45.76],[0.715,45.763],[0.706,45.778],[0.712,45.804],[0.741,45.806],[0.75,45.796],[0.762,45.799],[0.771,45.787],[0.784,45.792],[0.776,45.801],[0.785,45.807],[0.781,45.821],[0.817,45.858],[0.821,45.867],[0.807,45.87],[0.827,45.883],[0.813,45.897],[0.812,45.931],[0.86,45.918],[0.884,45.923],[0.905,45.939],[0.921,45.938],[0.929,45.948],[0.922,45.954],[0.943,45.958],[0.946,45.975],[0.932,45.978],[0.935,45.993],[0.916,46.002],[0.925,46.011],[0.898,46.019],[0.886,46.032],[0.863,46.016],[0.853,46.034],[0.814,46.052],[0.827,46.064],[0.819,46.077],[0.834,46.106],[0.808,46.121],[0.847,46.138],[0.832,46.15],[0.831,46.163],[0.84,46.165],[0.828,46.175],[0.837,46.179],[0.818,46.185],[0.817,46.197],[0.802,46.2],[0.793,46.213],[0.81,46.23],[0.848,46.229],[0.847,46.249],[0.858,46.249],[0.861,46.262],[0.891,46.269],[0.9,46.29],[0.93,46.281],[0.936,46.293],[0.952,46.285],[1.006,46.281],[1.002,46.292],[1.012,46.299],[1.009,46.308],[1.022,46.311],[1.027,46.343],[1.05,46.363],[1.078,46.358],[1.101,46.364],[1.105,46.356],[1.13,46.347],[1.129,46.363],[1.151,46.37],[1.16,46.39],[1.182,46.376],[1.21,46.39],[1.217,46.367],[1.238,46.366],[1.261,46.379],[1.312,46.373],[1.307,46.38],[1.323,46.388],[1.313,46.395],[1.356,46.4],[1.409,46.361],[1.41,46.342],[1.445,46.335],[1.436,46.312],[1.445,46.305],[1.426,46.299],[1.414,46.28],[1.431,46.278],[1.437,46.271],[1.426,46.266],[1.415,46.271],[1.404,46.26],[1.421,46.249],[1.418,46.241],[1.394,46.239],[1.373,46.216],[1.384,46.212],[1.385,46.199],[1.395,46.199],[1.397,46.186],[1.416,46.176],[1.461,46.178],[1.465,46.161],[1.452,46.153],[1.473,46.149],[1.485,46.135],[1.496,46.143],[1.494,46.131],[1.508,46.125],[1.499,46.117],[1.491,46.12],[1.484,46.105],[1.499,46.106],[1.505,46.088],[1.513,46.094],[1.53,46.091],[1.526,46.078],[1.543,46.078],[1.532,46.058],[1.55,46.036],[1.536,46.026],[1.534,46.003],[1.538,45.997],[1.568,45.997],[1.577,45.978],[1.567,45.964],[1.52,45.952],[1.522,45.943],[1.509,45.94],[1.509,45.933],[1.531,45.932],[1.547,45.917],[1.558,45.922],[1.567,45.914],[1.581,45.918],[1.579,45.931],[1.628,45.933],[1.626,45.926],[1.637,45.926],[1.64,45.925],[1.625,45.92],[1.635,45.906],[1.632,45.906],[1.628,45.902],[1.639,45.904],[1.642,45.893],[1.632,45.889],[1.628,45.9],[1.62,45.9],[1.621,45.883],[1.618,45.881],[1.616,45.892],[1.598,45.89],[1.591,45.883],[1.605,45.881],[1.602,45.857],[1.654,45.846],[1.66,45.834],[1.67,45.841],[1.676,45.835],[1.691,45.844],[1.731,45.842],[1.756,45.856],[1.757,45.867],[1.771,45.869],[1.781,45.853],[1.776,45.833],[1.797,45.832],[1.828,45.81],[1.837,45.825],[1.847,45.81],[1.854,45.813],[1.856,45.805],[1.881,45.798],[1.892,45.769],[1.903,45.769],[1.898,45.761],[1.874,45.756],[1.886,45.745],[1.873,45.726],[1.888,45.727],[1.892,45.719],[1.88,45.711],[1.909,45.692],[1.91,45.68],[1.882,45.682],[1.882,45.668],[1.87,45.664],[1.855,45.672],[1.847,45.661],[1.826,45.665],[1.816,45.681],[1.802,45.673],[1.786,45.683],[1.777,45.659],[1.754,45.655],[1.751,45.644],[1.727,45.638],[1.71,45.642]]],"type":"Polygon"}}]}